<?xml version="1.0" encoding="UTF-8" standalone="yes"?>
<oai_dc:dc xmlns:dc="http://purl.org/dc/elements/1.1/" xmlns:oai_dc="http://www.openarchives.org/OAI/2.0/oai_dc/" xmlns:xsi="http://www.w3.org/2001/XMLSchema-instance" xsi:schemaLocation="http://www.openarchives.org/OAI/2.0/oai_dc/ http://www.openarchives.org/OAI/2.0/oai_dc.xsd">
  <dc:identifier>http://www.wikidata.org/entity/Q110809296</dc:identifier>
  <dc:identifier>doi:10.3390/INSECTS12110993</dc:identifier>
  <dc:title>Condition-Specific Competitive Effects of the Invasive Mosquito on the Resident among Different Urban Container Habitats May Explain Their Coexistence in the Field</dc:title>
  <dc:creator>Leisnham, Paul T</dc:creator>
  <dc:creator>LaDeau, Shannon L</dc:creator>
  <dc:creator>Saunders, Megan E M</dc:creator>
  <dc:creator>Villena, Oswaldo C</dc:creator>
  <dc:type>journal article</dc:type>
  <dc:date>2021-11-04</dc:date>
  <dc:language>en</dc:language>
  <dc:subject>invasive mosquito species</dc:subject>
  <dc:subject>biological invasion</dc:subject>
  <dc:description>Condition-specific competition, when environmental conditions alter the outcome of competition, can foster the persistence of resident species after the invasion of a competitively superior invader. We test whether condition-specific competition can facilitate the areawide persistence of the resident and principal West Nile virus vector mosquito Culex pipiens with the competitively superior invasive Aedes albopictus in water from different urban container habitats. (2) Methods: We tested the effects of manipulated numbers of A. albopictus on C. pipiens' survival and development in water collected from common functional and discarded containers in Baltimore, MD, USA. The experiment was conducted with typical numbers of larvae found in field surveys of C. pipiens and A. albopictus and container water quality. (3) Results: We found increased densities of A. albopictus negatively affected the survivorship and development of C. pipiens in water from discarded containers but had little effect in water from functional containers. This finding was driven by water from trash cans, which allowed consistently higher C. pipiens' survival and development and had greater mean ammonia and nitrate concentrations that can promote microbial food than other container types. (4) Conclusions: These results suggest that the contents of different urban containers alter the effects of invasive A. albopictus competition on resident C. pipiens, that trash cans, in particular, facilitate the persistence of C. pipiens, and that there could be implications for West Nile virus risk as a result.</dc:description>
</oai_dc:dc>