<?xml version="1.0" encoding="UTF-8" standalone="yes"?>
<oai_dc:dc xmlns:dc="http://purl.org/dc/elements/1.1/" xmlns:oai_dc="http://www.openarchives.org/OAI/2.0/oai_dc/" xmlns:xsi="http://www.w3.org/2001/XMLSchema-instance" xsi:schemaLocation="http://www.openarchives.org/OAI/2.0/oai_dc/ http://www.openarchives.org/OAI/2.0/oai_dc.xsd">
  <dc:identifier>http://www.wikidata.org/entity/Q111322813</dc:identifier>
  <dc:identifier>doi:10.3390/BIOLOGY10121284</dc:identifier>
  <dc:title>Does an Invasive Bivalve Outperform Its Native Congener in a Heat Wave Scenario? A Laboratory Study Case with &lt;i&gt;Ruditapes decussatus&lt;/i&gt; and &lt;i&gt;R. philippinarum&lt;/i&gt;</dc:title>
  <dc:creator>Crespo, Daniel</dc:creator>
  <dc:creator>Leston, Sara</dc:creator>
  <dc:creator>Rato, Lénia D</dc:creator>
  <dc:creator>Martinho, Filipe</dc:creator>
  <dc:creator>Novais, Sara C.</dc:creator>
  <dc:creator>Pardal, Miguel A</dc:creator>
  <dc:creator>Lemos, Marco F</dc:creator>
  <dc:type>journal article</dc:type>
  <dc:date>2021-12-07</dc:date>
  <dc:language>en</dc:language>
  <dc:subject>native congener</dc:subject>
  <dc:subject>Grooved carpet shell</dc:subject>
  <dc:subject>heat wave</dc:subject>
  <dc:description>Global warming and the subsequent increase in the frequency of temperature anomalies are expected to affect marine and estuarine species' population dynamics, latitudinal distribution, and fitness, allowing non-native opportunistic species to invade and thrive in new geographical areas. Bivalves represent a significant percentage of the benthic biomass in marine ecosystems worldwide, often with commercial interest, while mediating fundamental ecological processes. To understand how these temperature anomalies contribute to the success (or not) of biological invasions, two closely related species, the native Ruditapes decussatus and the introduced R. philippinarum, were exposed to a simulated heat wave. Organisms of both species were exposed to mean summer temperature (~18 °C) for 6 days, followed by 6 days of simulated heat wave conditions (~22 °C). Both species were analysed for key ecological processes such as bioturbation and nutrient generation-which are significant proxies for benthic function and habitat quality-and subcellular biomarkers-oxidative stress and damage, and energetic metabolism. Results showed subcellular responses to heat waves. However, such responses were not expressed at the addressed ecological levels. The subcellular responses to the heat wave in the invasive R. philippinarum pinpoint less damage and higher cellular energy allocation to cope with thermal stress, which may further improve its fitness and thus invasiveness behaviour.</dc:description>
</oai_dc:dc>