<?xml version="1.0" encoding="UTF-8" standalone="yes"?>
<oai_dc:dc xmlns:dc="http://purl.org/dc/elements/1.1/" xmlns:oai_dc="http://www.openarchives.org/OAI/2.0/oai_dc/" xmlns:xsi="http://www.w3.org/2001/XMLSchema-instance" xsi:schemaLocation="http://www.openarchives.org/OAI/2.0/oai_dc/ http://www.openarchives.org/OAI/2.0/oai_dc.xsd">
  <dc:identifier>http://www.wikidata.org/entity/Q110829330</dc:identifier>
  <dc:identifier>doi:10.1016/J.ECSS.2009.03.026</dc:identifier>
  <dc:title>Potential impacts of invasive Spartina alterniflora on spring bird communities at Chongming Dongtan, a Chinese wetland of international importance</dc:title>
  <dc:creator>Gan, Xiaojing</dc:creator>
  <dc:creator>Cai, Yinting</dc:creator>
  <dc:creator>Choi, Chiyeung</dc:creator>
  <dc:creator>Zhijun</dc:creator>
  <dc:creator>Chen, Jiakuan</dc:creator>
  <dc:creator>Li, Bo</dc:creator>
  <dc:type>journal article</dc:type>
  <dc:date>2009-06</dc:date>
  <dc:rights>https://www.elsevier.com/tdm/userlicense/1.0/</dc:rights>
  <dc:subject>Spartina alterniflora</dc:subject>
  <dc:subject>invasive species</dc:subject>
  <dc:subject>invasion impact</dc:subject>
  <dc:publisher>Elsevier BV</dc:publisher>
</oai_dc:dc>