<?xml version="1.0" encoding="UTF-8" standalone="yes"?>
<oai_dc:dc xmlns:dc="http://purl.org/dc/elements/1.1/" xmlns:oai_dc="http://www.openarchives.org/OAI/2.0/oai_dc/" xmlns:xsi="http://www.w3.org/2001/XMLSchema-instance" xsi:schemaLocation="http://www.openarchives.org/OAI/2.0/oai_dc/ http://www.openarchives.org/OAI/2.0/oai_dc.xsd">
  <dc:identifier>http://www.wikidata.org/entity/Q48123851</dc:identifier>
  <dc:identifier>https://www.ncbi.nlm.nih.gov/pmc/articles/PMC5794177</dc:identifier>
  <dc:identifier>doi:10.1371/JOURNAL.PONE.0192234</dc:identifier>
  <dc:title>Competitive interactions between native Spartina alterniflora and non-native Phragmites australis depend on nutrient loading and temperature.</dc:title>
  <dc:creator>Legault, Rene</dc:creator>
  <dc:creator>Zogg, Gregory P</dc:creator>
  <dc:creator>Travis, Steven E</dc:creator>
  <dc:type>journal article</dc:type>
  <dc:date>2018-02-01</dc:date>
  <dc:language>en</dc:language>
  <dc:subject>Phragmites australis</dc:subject>
  <dc:subject>Spartina alterniflora</dc:subject>
  <dc:subject>invasive species</dc:subject>
  <dc:description>We explored the nature and impact of competitive interactions between the salt marsh foundational plant Spartina alterniflora and invasive Phragmites australis in New England under varying levels of anthropogenic influence from nutrient loading and temperature warming. Plants were grown with and without competition in mesocosms over a four-month growing season. Mesocosms were split evenly among three levels of nutrient additions and two temperatures varying by an average of ~3° C, manipulated using small greenhouses. We measured aboveground productivity as total biomass, numbers of new stems, and mean stem height. Nutrient enrichment increased all growth parameters, while competition generally reduced aboveground biomass and the production of new stems in both species. Most importantly, smooth cordgrass suffered no negative consequences of competition when no nutrients were added and temperature was elevated. The results of this study suggest that minimizing nutrient loading into coastal marshes could be an important factor in slowing the spread of common reed into the low marsh zone of New England salt marshes as global temperatures continue to warm.</dc:description>
</oai_dc:dc>