<?xml version="1.0" encoding="UTF-8" standalone="yes"?>
<oai_dc:dc xmlns:dc="http://purl.org/dc/elements/1.1/" xmlns:oai_dc="http://www.openarchives.org/OAI/2.0/oai_dc/" xmlns:xsi="http://www.w3.org/2001/XMLSchema-instance" xsi:schemaLocation="http://www.openarchives.org/OAI/2.0/oai_dc/ http://www.openarchives.org/OAI/2.0/oai_dc.xsd">
  <dc:identifier>http://www.wikidata.org/entity/Q110829363</dc:identifier>
  <dc:identifier>doi:10.1016/J.ACTAO.2013.05.003</dc:identifier>
  <dc:title>Didymosphenia geminata invasion in South America: Ecosystem impacts and potential biogeochemical state change in Patagonian rivers</dc:title>
  <dc:creator>Reid, Brian</dc:creator>
  <dc:creator>Torres, Rodrigo</dc:creator>
  <dc:type>journal article</dc:type>
  <dc:date>2014-01</dc:date>
  <dc:language>en</dc:language>
  <dc:subject>Didymosphenia geminata</dc:subject>
  <dc:subject>aquatic invasion</dc:subject>
  <dc:subject>invasion impact</dc:subject>
  <dc:publisher>Elsevier BV</dc:publisher>
</oai_dc:dc>