<?xml version="1.0" encoding="UTF-8" standalone="yes"?>
<oai_dc:dc xmlns:dc="http://purl.org/dc/elements/1.1/" xmlns:oai_dc="http://www.openarchives.org/OAI/2.0/oai_dc/" xmlns:xsi="http://www.w3.org/2001/XMLSchema-instance" xsi:schemaLocation="http://www.openarchives.org/OAI/2.0/oai_dc/ http://www.openarchives.org/OAI/2.0/oai_dc.xsd">
  <dc:identifier>http://www.wikidata.org/entity/Q73183548</dc:identifier>
  <dc:identifier>doi:10.1656/058.015.SP806</dc:identifier>
  <dc:title>Prospects and Limitations of Citizen Science in Invasive Species Management: A Case Study with Burmese Pythons in Everglades National Park</dc:title>
  <dc:creator>Falk, Bryan G.</dc:creator>
  <dc:creator>Snow, Ray W.</dc:creator>
  <dc:creator>Reed, Robert N.</dc:creator>
  <dc:type>journal article</dc:type>
  <dc:date>2016-12</dc:date>
  <dc:language>en</dc:language>
  <dc:rights>http://www.bioone.org/page/resources/researchers/rights_and_permissions</dc:rights>
  <dc:subject>invasive species</dc:subject>
  <dc:subject>citizen science</dc:subject>
  <dc:subject>invasive species management</dc:subject>
  <dc:subject>invasion management</dc:subject>
  <dc:publisher>Humboldt Field Research Institute</dc:publisher>
</oai_dc:dc>