<?xml version="1.0" encoding="UTF-8" standalone="yes"?>
<oai_dc:dc xmlns:dc="http://purl.org/dc/elements/1.1/" xmlns:oai_dc="http://www.openarchives.org/OAI/2.0/oai_dc/" xmlns:xsi="http://www.w3.org/2001/XMLSchema-instance" xsi:schemaLocation="http://www.openarchives.org/OAI/2.0/oai_dc/ http://www.openarchives.org/OAI/2.0/oai_dc.xsd">
  <dc:identifier>http://www.wikidata.org/entity/Q113904298</dc:identifier>
  <dc:identifier>doi:10.1007/S10530-022-02787-6</dc:identifier>
  <dc:title>The influence of native populations’ genetic history on the reconstruction of invasion routes: the case of a highly invasive aquatic species</dc:title>
  <dc:creator>Brazier, Thomas</dc:creator>
  <dc:creator>Cherif, Emira</dc:creator>
  <dc:creator>Martin, Jean-Francois</dc:creator>
  <dc:creator>Gilles, André</dc:creator>
  <dc:creator>Blanchet, Simon</dc:creator>
  <dc:creator>Zhao, Ya-Hui</dc:creator>
  <dc:creator>Combe, Marine</dc:creator>
  <dc:creator>McCairns, R.J. Scott</dc:creator>
  <dc:creator>Gozlan, Rodolphe Elie</dc:creator>
  <dc:type>journal article</dc:type>
  <dc:date>2022-04-04</dc:date>
  <dc:language>en</dc:language>
  <dc:rights>https://www.springer.com/tdm</dc:rights>
  <dc:subject>invasion pathway</dc:subject>
  <dc:publisher>Springer Science and Business Media LLC</dc:publisher>
</oai_dc:dc>