<?xml version="1.0" encoding="UTF-8" standalone="yes"?>
<oai_dc:dc xmlns:dc="http://purl.org/dc/elements/1.1/" xmlns:oai_dc="http://www.openarchives.org/OAI/2.0/oai_dc/" xmlns:xsi="http://www.w3.org/2001/XMLSchema-instance" xsi:schemaLocation="http://www.openarchives.org/OAI/2.0/oai_dc/ http://www.openarchives.org/OAI/2.0/oai_dc.xsd">
  <dc:identifier>http://www.wikidata.org/entity/Q110626143</dc:identifier>
  <dc:identifier>doi:10.3390/IJERPH18084268</dc:identifier>
  <dc:title>Biopollution by Invasive Marine Non-Indigenous Species: A Review of Potential Adverse Ecological Effects in a Changing Climate</dc:title>
  <dc:creator>Occhipinti-Ambrogi, Anna</dc:creator>
  <dc:type>journal article</dc:type>
  <dc:date>2021-04-17</dc:date>
  <dc:language>en</dc:language>
  <dc:subject>aquatic invasion</dc:subject>
  <dc:subject>invasion biology</dc:subject>
  <dc:description>Biopollution by alien species is considered one of the main threats to environmental health. The marine environment, traditionally less studied than inland domains, has been the object of recent work that is reviewed here. Increasing scientific evidence has been accumulated worldwide on ecosystem deterioration induced by the development of massive non-indigenous population outbreaks in many coastal sites. Biopollution assessment procedures have been proposed, adopting criteria already used for xenochemical compounds, adjusting them to deal with alien species invasions. On the other hand, prevention and mitigation measures to reduce biopollution impact cannot always mimic the emission countermeasures that have been successfully applied for chemical pollutants. Nevertheless, in order to design comprehensive water-quality criteria, risk assessment and management strategies, based on scientific knowledge, have been developed in a similar way as for chemical pollution. The Mediterranean Sea is a well-known case of alien species invasion, mainly linked to the opening of the Suez Canal. Non-indigenous species have caused well-documented changes in many coastal ecosystems, favoured by concomitant changes induced by global warming and by the heavy load of nutrients and pollutants by various anthropogenic activities. Naval commercial traffic and leisure boats are among the most active vectors of spread for alien species inside the Mediterranean, and also towards other ocean regions. The scientific evidence gathered and summarized in this review suggests that effective management actions, under a precautionary approach, should be put in place in order to control introductions of species in new areas. These management measures are already established in international treaties and national legislations, but should be enforced to prevent the disruption of the dynamic ecological equilibria in the receiving environment and to control the direct adverse effects of alien species.</dc:description>
</oai_dc:dc>