<?xml version="1.0" encoding="UTF-8" standalone="yes"?>
<oai_dc:dc xmlns:dc="http://purl.org/dc/elements/1.1/" xmlns:oai_dc="http://www.openarchives.org/OAI/2.0/oai_dc/" xmlns:xsi="http://www.w3.org/2001/XMLSchema-instance" xsi:schemaLocation="http://www.openarchives.org/OAI/2.0/oai_dc/ http://www.openarchives.org/OAI/2.0/oai_dc.xsd">
  <dc:identifier>http://www.wikidata.org/entity/Q100416402</dc:identifier>
  <dc:identifier>doi:10.1111/EVA.13053</dc:identifier>
  <dc:title>No evidence that rapid adaptation impedes biological control of an invasive plant</dc:title>
  <dc:creator>Stastny, Michael</dc:creator>
  <dc:creator>Russell-Mercier, Jake L.</dc:creator>
  <dc:creator>Sargent, Risa D.</dc:creator>
  <dc:type>journal article</dc:type>
  <dc:date>2020-08-18</dc:date>
  <dc:language>en</dc:language>
  <dc:subject>invasive species</dc:subject>
  <dc:subject>invasive plant</dc:subject>
  <dc:description>Biological control is a popular tool for invasive species management, but its success in nature is difficult to predict. One risk is that invasive plants, which may have adapted to lower herbivore pressure in the introduced range, could rapidly evolve defences upon re-association with their biocontrol agent(s). Previous studies have demonstrated that populations of the invasive plant purple loosestrife (&lt;i&gt;Lythrum salicaria&lt;/i&gt;) exposed to biocontrol exhibit traits consistent with the rapid evolution of defence. However, to date, no one has tested this hypothesis under field-natural levels of herbivory. Using seed from 17 populations of purple loosestrife growing in eastern Canada, that varied in their history of exposure to their biocontrol agent, the leaf beetle &lt;i&gt;Neogalerucella&lt;/i&gt; spp., we transplanted 1,088 seedlings from 136 maternal families into a common garden under ambient herbivory. Over the following three and half years, we assessed plant performance in the face of biocontrol by measuring early-season plant size, defoliation, flowering, and season-end biomass. We discovered that a population history with biocontrol explained little variation in herbivory or plant performance, suggesting that adaptation is not hindering biocontrol effectiveness. Instead, plant size, subsequent defoliation, and spatio-temporal variables were the main predictors of plant growth and flowering during the study. The high individual variability we observed in plant performance underscores that flexible strategies of allocation and phenology are important contributors to the persistence of invasive plants. Our findings suggest that plant adaptation to biocontrol is unlikely to be a strong impediment to biological control in this species, however, the high survival and variable defoliation of plants in our study also indicate that biocontrol alone is unlikely to result in significant population decline. We recommend that the application of multiple forms of control simultaneously (e.g. thinning plus biocontrol) could help to prevent the existence of refuges of large, reproductive individuals.</dc:description>
</oai_dc:dc>