<?xml version="1.0" encoding="UTF-8" standalone="yes"?>
<oai_dc:dc xmlns:dc="http://purl.org/dc/elements/1.1/" xmlns:oai_dc="http://www.openarchives.org/OAI/2.0/oai_dc/" xmlns:xsi="http://www.w3.org/2001/XMLSchema-instance" xsi:schemaLocation="http://www.openarchives.org/OAI/2.0/oai_dc/ http://www.openarchives.org/OAI/2.0/oai_dc.xsd">
  <dc:identifier>http://www.wikidata.org/entity/Q110663855</dc:identifier>
  <dc:identifier>doi:10.3897/NEOBIOTA.70.70441</dc:identifier>
  <dc:title>﻿Establishment and new hosts of the non-native seed beetle Stator limbatus (Coleoptera, Chrysomelidae, Bruchinae) on acacias in Europe</dc:title>
  <dc:creator>Cocco, Arturo</dc:creator>
  <dc:creator>Brundu, Giuseppe</dc:creator>
  <dc:creator>Berquier, Cyril</dc:creator>
  <dc:creator>Andreï-Ruiz, Marie Cécile</dc:creator>
  <dc:creator>Pusceddu, Michelina</dc:creator>
  <dc:creator>Porceddu, Marco</dc:creator>
  <dc:creator>Podda, Lina</dc:creator>
  <dc:creator>Satta, Alberto</dc:creator>
  <dc:creator>Petit, Yohan</dc:creator>
  <dc:creator>Floris, Ignazio</dc:creator>
  <dc:type>journal article</dc:type>
  <dc:date>2021-12-17</dc:date>
  <dc:language>en</dc:language>
  <dc:subject>Stator limbatus</dc:subject>
  <dc:subject>invasive species</dc:subject>
  <dc:subject>Coleoptera</dc:subject>
</oai_dc:dc>