<?xml version="1.0" encoding="UTF-8" standalone="yes"?>
<oai_dc:dc xmlns:dc="http://purl.org/dc/elements/1.1/" xmlns:oai_dc="http://www.openarchives.org/OAI/2.0/oai_dc/" xmlns:xsi="http://www.w3.org/2001/XMLSchema-instance" xsi:schemaLocation="http://www.openarchives.org/OAI/2.0/oai_dc/ http://www.openarchives.org/OAI/2.0/oai_dc.xsd">
  <dc:identifier>http://www.wikidata.org/entity/Q36118477</dc:identifier>
  <dc:identifier>https://www.ncbi.nlm.nih.gov/pmc/articles/PMC4592586</dc:identifier>
  <dc:identifier>doi:10.3390/INSECTS5030528</dc:identifier>
  <dc:title>Molecular Identification of Diaspididae and Elucidation of Non-Native Species Using the Genes 28s and 16s.</dc:title>
  <dc:creator>Campbell, Alexander M</dc:creator>
  <dc:creator>Lawrence, Andrew J</dc:creator>
  <dc:creator>Hudspath, Caleb B</dc:creator>
  <dc:creator>Gruwell, Matthew E</dc:creator>
  <dc:type>journal article</dc:type>
  <dc:date>2014-07-03</dc:date>
  <dc:language>en</dc:language>
  <dc:subject>invasive species</dc:subject>
  <dc:subject>invasion genetics</dc:subject>
  <dc:subject>introduced species</dc:subject>
  <dc:subject>Diaspididae</dc:subject>
  <dc:description>Armored scale insects pose a serious threat to habitat conservation across the globe because they include some of the most potent invasive species in the world. They are such a serious concern because their basic morphology, small size, and polyphagous feeding habits often allow them to exist undetected by growers and quarantine experts. In order to provide a potential solution to the problem, we have attempted to elucidate the effectiveness of molecular identification techniques using ribosomal 28s and endosymbiotic 16s rRNA. Sequence data was obtained from many field-collected insects to test the feasibility of identification techniques. A protocol for quick species determination based on sequence data is provided.</dc:description>
</oai_dc:dc>