<?xml version="1.0" encoding="UTF-8" standalone="yes"?>
<oai_dc:dc xmlns:dc="http://purl.org/dc/elements/1.1/" xmlns:oai_dc="http://www.openarchives.org/OAI/2.0/oai_dc/" xmlns:xsi="http://www.w3.org/2001/XMLSchema-instance" xsi:schemaLocation="http://www.openarchives.org/OAI/2.0/oai_dc/ http://www.openarchives.org/OAI/2.0/oai_dc.xsd">
  <dc:identifier>http://www.wikidata.org/entity/Q110829423</dc:identifier>
  <dc:identifier>doi:10.1002/RRA.2633</dc:identifier>
  <dc:title>CONSEQUENCES OF THE PHYSICAL MANAGEMENT OF AN INVASIVE ALIEN PLANT FOR RIPARIAN PLANT SPECIES RICHNESS AND DIVERSITY</dc:title>
  <dc:creator>Cockel, C. P.</dc:creator>
  <dc:creator>Gurnell, A. M.</dc:creator>
  <dc:creator>Gurnell, J.</dc:creator>
  <dc:type>journal article</dc:type>
  <dc:date>2012-12-20</dc:date>
  <dc:language>en</dc:language>
  <dc:rights>http://doi.wiley.com/10.1002/tdm_license_1.1</dc:rights>
  <dc:subject>invasive species</dc:subject>
  <dc:subject>species richness</dc:subject>
  <dc:subject>invasion management</dc:subject>
  <dc:subject>aquatic invasion</dc:subject>
  <dc:publisher>Wiley</dc:publisher>
</oai_dc:dc>