<?xml version="1.0" encoding="UTF-8" standalone="yes"?>
<oai_dc:dc xmlns:dc="http://purl.org/dc/elements/1.1/" xmlns:oai_dc="http://www.openarchives.org/OAI/2.0/oai_dc/" xmlns:xsi="http://www.w3.org/2001/XMLSchema-instance" xsi:schemaLocation="http://www.openarchives.org/OAI/2.0/oai_dc/ http://www.openarchives.org/OAI/2.0/oai_dc.xsd">
  <dc:identifier>http://www.wikidata.org/entity/Q73119845</dc:identifier>
  <dc:identifier>doi:10.1002/ECS2.2302</dc:identifier>
  <dc:title>Invasive species risk assessments need more consistent spatial abundance data</dc:title>
  <dc:creator>Bradley, Bethany A.</dc:creator>
  <dc:creator>Allen, Jenica M.</dc:creator>
  <dc:creator>O'Neill, Mitchell W.</dc:creator>
  <dc:creator>Wallace, Rebekah D.</dc:creator>
  <dc:creator>Bargeron, Charles T.</dc:creator>
  <dc:creator>Richburg, Julie A.</dc:creator>
  <dc:creator>Stinson, Kristina</dc:creator>
  <dc:type>journal article</dc:type>
  <dc:date>2018-07</dc:date>
  <dc:language>en</dc:language>
  <dc:subject>invasive species</dc:subject>
</oai_dc:dc>