<?xml version="1.0" encoding="UTF-8" standalone="yes"?>
<oai_dc:dc xmlns:dc="http://purl.org/dc/elements/1.1/" xmlns:oai_dc="http://www.openarchives.org/OAI/2.0/oai_dc/" xmlns:xsi="http://www.w3.org/2001/XMLSchema-instance" xsi:schemaLocation="http://www.openarchives.org/OAI/2.0/oai_dc/ http://www.openarchives.org/OAI/2.0/oai_dc.xsd">
  <dc:identifier>http://www.wikidata.org/entity/Q36141340</dc:identifier>
  <dc:identifier>doi:10.1371/JOURNAL.PONE.0156950</dc:identifier>
  <dc:title>Constructing an Invasion Machine: The Rapid Evolution of a Dispersal-Enhancing Phenotype During the Cane Toad Invasion of Australia</dc:title>
  <dc:creator>Hudson, C M</dc:creator>
  <dc:creator>McCurry, R</dc:creator>
  <dc:creator>Lundgren, P</dc:creator>
  <dc:creator>McHenry, C R</dc:creator>
  <dc:creator>Shine, R</dc:creator>
  <dc:type>journal article</dc:type>
  <dc:date>2016-09-22</dc:date>
  <dc:language>en</dc:language>
  <dc:subject>Australia</dc:subject>
  <dc:subject>phenotype</dc:subject>
  <dc:description>Biological invasions can induce rapid evolutionary change. As cane toads (Rhinella marina) have spread across tropical Australia over an 80-year period, their rate of invasion has increased from around 15 to 60 km per annum. Toads at the invasion front disperse much faster and further than conspecifics from range-core areas, and their offspring inherit that rapid dispersal rate. We investigated morphological changes that have accompanied this dramatic acceleration, by conducting three-dimensional morphometric analyses of toads from both range-core and invasion-front populations. Morphology of heads, limbs, pectoral girdles and pelvic girdles differed significantly between toads from the two areas, ranging from 0.5% to 16.5% difference in mean bone dimensions between populations, with invasion-front toads exhibiting wider forelimbs, narrower hindlimbs and more compact skulls. Those changes plausibly reflect an increased reliance on bounding (multiple short hops in quick succession) rather than separate large leaps. Within an 80-year period, invasive cane toads have converted the basic anuran body plan - which evolved for occasional large leaps to evade predators - into a morphotype better-suited to sustained long-distance travel.</dc:description>
</oai_dc:dc>