<?xml version="1.0" encoding="UTF-8" standalone="yes"?>
<oai_dc:dc xmlns:dc="http://purl.org/dc/elements/1.1/" xmlns:oai_dc="http://www.openarchives.org/OAI/2.0/oai_dc/" xmlns:xsi="http://www.w3.org/2001/XMLSchema-instance" xsi:schemaLocation="http://www.openarchives.org/OAI/2.0/oai_dc/ http://www.openarchives.org/OAI/2.0/oai_dc.xsd">
  <dc:identifier>http://www.wikidata.org/entity/Q61811475</dc:identifier>
  <dc:identifier>https://www.ncbi.nlm.nih.gov/pmc/articles/PMC6353864</dc:identifier>
  <dc:identifier>doi:10.3897/ZOOKEYS.818.30448</dc:identifier>
  <dc:title>A pictorial key to differentiate the recently detected exotic Haemaphysalis longicornis Neumann, 1901 (Acari, Ixodidae) from native congeners in North America</dc:title>
  <dc:creator>Egizi, Andrea</dc:creator>
  <dc:creator>Robbins, Richard G.</dc:creator>
  <dc:creator>Beati, Lorenza</dc:creator>
  <dc:creator>Nava, Santiago</dc:creator>
  <dc:creator>Evans, Colleen R.</dc:creator>
  <dc:creator>Occi, James L.</dc:creator>
  <dc:creator>Fonseca, Dina M.</dc:creator>
  <dc:type>journal article</dc:type>
  <dc:date>2019-01-23</dc:date>
  <dc:language>en</dc:language>
  <dc:subject>dichotomous key</dc:subject>
  <dc:subject>invasive species</dc:subject>
  <dc:subject>Haemaphysalis</dc:subject>
  <dc:subject>invasion biology</dc:subject>
  <dc:subject>Haemaphysalis longicornis</dc:subject>
  <dc:subject>native congener</dc:subject>
  <dc:subject>Ixodidae</dc:subject>
  <dc:description>Until recently, only two haemaphysaline species, &lt;i&gt;Haemaphysalischordeilis&lt;/i&gt; (Packard, 1869) and &lt;i&gt;Haemaphysalisleporispalustris&lt;/i&gt; (Packard, 1869), were known to occur in the United States, and neither was considered to be of significant medical or veterinary importance. In 2017-2018 established populations of the Asian longhorned tick, &lt;i&gt;Haemaphysalislongicornis&lt;/i&gt; Neumann, 1901, were detected in the eastern US for the first time. &lt;i&gt;Haemaphysalislongicornis&lt;/i&gt; has the potential to be a significant threat to human and animal health, and the urgent need to determine the full extent of its distribution and host range requires availability of a straightforward and practical guide to differentiate it from native species. We created a pictorial dichotomous key to all stages of &lt;i&gt;Haemaphysalis&lt;/i&gt; spp. known to occur in North America with scanning electron photomicrographs of all &lt;i&gt;H.longicornis&lt;/i&gt; life stages, including rarely seen males, to aid researchers in differentiating these species. The largely Neotropical species &lt;i&gt;Haemaphysalisjuxtakochi&lt;/i&gt; Cooley, 1946, with established populations in Mexico and sporadic detections in the US on migrating birds is also included.</dc:description>
</oai_dc:dc>