<?xml version="1.0" encoding="UTF-8" standalone="yes"?>
<oai_dc:dc xmlns:dc="http://purl.org/dc/elements/1.1/" xmlns:oai_dc="http://www.openarchives.org/OAI/2.0/oai_dc/" xmlns:xsi="http://www.w3.org/2001/XMLSchema-instance" xsi:schemaLocation="http://www.openarchives.org/OAI/2.0/oai_dc/ http://www.openarchives.org/OAI/2.0/oai_dc.xsd">
  <dc:identifier>http://www.wikidata.org/entity/Q110531077</dc:identifier>
  <dc:identifier>doi:10.1111/1365-2745.13419</dc:identifier>
  <dc:title>Restoring functionally diverse communities enhances invasion resistance in a freshwater wetland</dc:title>
  <dc:creator>Byun, Chaeho</dc:creator>
  <dc:creator>Blois, Sylvie</dc:creator>
  <dc:creator>Brisson, Jacques</dc:creator>
  <dc:type>journal article</dc:type>
  <dc:date>2020-06-17</dc:date>
  <dc:subject>hypothesis:propagule pressure hypothesis</dc:subject>
  <dc:subject>hypothesis:wikidata.org/entity/Q110620464</dc:subject>
  <dc:subject>hypothesis:biotic resistance hypothesis</dc:subject>
  <dc:subject>hypothesis:wikidata.org/entity/Q108374968</dc:subject>
  <dc:subject>aquatic invasion</dc:subject>
  <dc:subject>invasion resistance</dc:subject>
  <dc:subject>wetland restoration</dc:subject>
</oai_dc:dc>