<?xml version="1.0" encoding="UTF-8" standalone="yes"?>
<oai_dc:dc xmlns:dc="http://purl.org/dc/elements/1.1/" xmlns:oai_dc="http://www.openarchives.org/OAI/2.0/oai_dc/" xmlns:xsi="http://www.w3.org/2001/XMLSchema-instance" xsi:schemaLocation="http://www.openarchives.org/OAI/2.0/oai_dc/ http://www.openarchives.org/OAI/2.0/oai_dc.xsd">
  <dc:identifier>http://www.wikidata.org/entity/Q111148618</dc:identifier>
  <dc:identifier>doi:10.3390/TOXICS9060121</dc:identifier>
  <dc:title>Ocean Warming May Enhance Biochemical Alterations Induced by an Invasive Seaweed Exudate in the Mussel Mytilus galloprovincialis</dc:title>
  <dc:creator>Vieira, Hugo</dc:creator>
  <dc:creator>Rodrigues, Andreia C. M.</dc:creator>
  <dc:creator>Pires, Sílvia F. S.</dc:creator>
  <dc:creator>Oliveira, Jacinta M.</dc:creator>
  <dc:creator>Rocha, Rui J.M.</dc:creator>
  <dc:creator>Soares, Amadeu</dc:creator>
  <dc:creator>Bordalo, Maria D</dc:creator>
  <dc:type>journal article</dc:type>
  <dc:date>2021-05-31</dc:date>
  <dc:language>en</dc:language>
  <dc:subject>Mytilus galloprovincialis</dc:subject>
  <dc:subject>exudate</dc:subject>
  <dc:subject>invasive species</dc:subject>
  <dc:subject>invasive seaweed</dc:subject>
</oai_dc:dc>