<?xml version="1.0" encoding="UTF-8" standalone="yes"?>
<oai_dc:dc xmlns:dc="http://purl.org/dc/elements/1.1/" xmlns:oai_dc="http://www.openarchives.org/OAI/2.0/oai_dc/" xmlns:xsi="http://www.w3.org/2001/XMLSchema-instance" xsi:schemaLocation="http://www.openarchives.org/OAI/2.0/oai_dc/ http://www.openarchives.org/OAI/2.0/oai_dc.xsd">
  <dc:identifier>http://www.wikidata.org/entity/Q34525693</dc:identifier>
  <dc:identifier>https://www.ncbi.nlm.nih.gov/pmc/articles/PMC3525664</dc:identifier>
  <dc:identifier>doi:10.1371/JOURNAL.PONE.0051804</dc:identifier>
  <dc:title>Trypanosoma cruzi: role of δ-amastin on extracellular amastigote cell invasion and differentiation</dc:title>
  <dc:creator>Cruz, Mário C</dc:creator>
  <dc:creator>Souza-Melo, Normanda</dc:creator>
  <dc:creator>Silva, Claudio Vieira</dc:creator>
  <dc:creator>Darocha, Wanderson Duarte</dc:creator>
  <dc:creator>Bahia, Diana</dc:creator>
  <dc:creator>Araújo, Patrícia R</dc:creator>
  <dc:creator>Teixeira, Santuza R</dc:creator>
  <dc:creator>Mortara, Renato A</dc:creator>
  <dc:type>journal article</dc:type>
  <dc:date>2012-12-18</dc:date>
  <dc:language>en</dc:language>
  <dc:subject>Trypanosoma cruzi</dc:subject>
  <dc:subject>amastigote</dc:subject>
  <dc:subject>invasive species</dc:subject>
  <dc:description>Trypanosoma cruzi is a protozoan parasite that comprises different phylogenetic groups and is the causative agent of Chagas' disease. Different T. cruzi strains present differences in infectivity in in vitro and in vivo experimental models, which are likely related to the expression of different virulence factors. Amastin is a surface glycoprotein abundantly expressed on the intracellular mammalian amastigote form of the parasite. In this study, we showed that a highly infective strain (G strain) of extracellular amastigote (EA) invasive forms expressed reduced RNA levels of amastin compared to a less infective strain (CL). The treatment of HeLa cells with recombinant δ-amastin reduced infectivity of EA forms. However, the ectopic expression of δ-amastin accelerated amastigote differentiation into trypomastigotes. Corroborating the virulence behavior in association with amastin expression, the EAs overexpressing amastin were precociously and robustly observed in the liver of susceptible mouse strains (A/JUnib), whereas parasitemia was never detected in in vivo assays. This is the first report on the regulatory role of amastin in the course of both in vitro and in vivo T. cruzi infection.</dc:description>
</oai_dc:dc>