<?xml version="1.0" encoding="UTF-8" standalone="yes"?>
<oai_dc:dc xmlns:dc="http://purl.org/dc/elements/1.1/" xmlns:oai_dc="http://www.openarchives.org/OAI/2.0/oai_dc/" xmlns:xsi="http://www.w3.org/2001/XMLSchema-instance" xsi:schemaLocation="http://www.openarchives.org/OAI/2.0/oai_dc/ http://www.openarchives.org/OAI/2.0/oai_dc.xsd">
  <dc:identifier>http://www.wikidata.org/entity/Q56354101</dc:identifier>
  <dc:identifier>doi:10.2989/20702620.2016.1255409</dc:identifier>
  <dc:title>Evaluation of the sustainability of participatory management of forest plantations: the case study of Wari-Maro Forest Reserve, Republic of Benin</dc:title>
  <dc:creator>Gandji, Kisito</dc:creator>
  <dc:creator>Salako, Valère K</dc:creator>
  <dc:creator>Assogbadjo, Achille E</dc:creator>
  <dc:creator>Orekan, Vincent OA</dc:creator>
  <dc:creator>Kakaï, Romain L Glèlè</dc:creator>
  <dc:creator>Sinsin, Brice A</dc:creator>
  <dc:type>journal article</dc:type>
  <dc:date>2017-02-13</dc:date>
  <dc:language>en</dc:language>
  <dc:subject>Benin</dc:subject>
  <dc:subject>invasion management</dc:subject>
  <dc:publisher>National Inquiry Services Center (NISC)</dc:publisher>
</oai_dc:dc>