<?xml version="1.0" encoding="UTF-8" standalone="yes"?>
<oai_dc:dc xmlns:dc="http://purl.org/dc/elements/1.1/" xmlns:oai_dc="http://www.openarchives.org/OAI/2.0/oai_dc/" xmlns:xsi="http://www.w3.org/2001/XMLSchema-instance" xsi:schemaLocation="http://www.openarchives.org/OAI/2.0/oai_dc/ http://www.openarchives.org/OAI/2.0/oai_dc.xsd">
  <dc:identifier>http://www.wikidata.org/entity/Q110663879</dc:identifier>
  <dc:identifier>doi:10.3897/NEOBIOTA.65.65415</dc:identifier>
  <dc:title>Assessing the relative importance of human and spatial pressures on non-native plant establishment in urban forests using citizen science</dc:title>
  <dc:creator>Duchesneau, Katherine</dc:creator>
  <dc:creator>Derickx, Lisa</dc:creator>
  <dc:creator>Antunes, Pedro M.</dc:creator>
  <dc:type>journal article</dc:type>
  <dc:date>2021-05-10</dc:date>
  <dc:language>en</dc:language>
  <dc:subject>citizen science</dc:subject>
  <dc:subject>urban forest</dc:subject>
</oai_dc:dc>