<?xml version="1.0" encoding="UTF-8" standalone="yes"?>
<oai_dc:dc xmlns:dc="http://purl.org/dc/elements/1.1/" xmlns:oai_dc="http://www.openarchives.org/OAI/2.0/oai_dc/" xmlns:xsi="http://www.w3.org/2001/XMLSchema-instance" xsi:schemaLocation="http://www.openarchives.org/OAI/2.0/oai_dc/ http://www.openarchives.org/OAI/2.0/oai_dc.xsd">
  <dc:identifier>http://www.wikidata.org/entity/Q111159316</dc:identifier>
  <dc:identifier>doi:10.1007/S10530-017-1625-8</dc:identifier>
  <dc:title>Predicting impacts of lionfish (Pterois volitans) invasion in a coastal ecosystem of southern Brazil</dc:title>
  <dc:creator>Bumbeer, Janaína</dc:creator>
  <dc:creator>Rocha, Rosana Moreira</dc:creator>
  <dc:creator>Bornatowski, Hugo</dc:creator>
  <dc:creator>Castro Robert, Maurício</dc:creator>
  <dc:creator>Ainsworth, Cameron</dc:creator>
  <dc:type>journal article</dc:type>
  <dc:date>2017-11-18</dc:date>
  <dc:subject>Pterois volitans</dc:subject>
  <dc:subject>invasive species</dc:subject>
  <dc:subject>invasion impact</dc:subject>
  <dc:subject>coastal invasion</dc:subject>
</oai_dc:dc>