<?xml version="1.0" encoding="UTF-8" standalone="yes"?>
<oai_dc:dc xmlns:dc="http://purl.org/dc/elements/1.1/" xmlns:oai_dc="http://www.openarchives.org/OAI/2.0/oai_dc/" xmlns:xsi="http://www.w3.org/2001/XMLSchema-instance" xsi:schemaLocation="http://www.openarchives.org/OAI/2.0/oai_dc/ http://www.openarchives.org/OAI/2.0/oai_dc.xsd">
  <dc:identifier>http://www.wikidata.org/entity/Q51149025</dc:identifier>
  <dc:identifier>https://www.ncbi.nlm.nih.gov/pmc/articles/PMC5847143</dc:identifier>
  <dc:identifier>doi:10.1007/S10340-017-0944-Y</dc:identifier>
  <dc:title>Sterile insect technique and Wolbachia symbiosis as potential tools for the control of the invasive species Drosophila suzukii</dc:title>
  <dc:creator>Nikolouli, Katerina</dc:creator>
  <dc:creator>Colinet, Hervé</dc:creator>
  <dc:creator>Renault, David</dc:creator>
  <dc:creator>Enriquez, Thomas</dc:creator>
  <dc:creator>Mouton, Laurence</dc:creator>
  <dc:creator>Gibert, Patricia</dc:creator>
  <dc:creator>Sassu, Fabiana</dc:creator>
  <dc:creator>Cáceres, Carlos</dc:creator>
  <dc:creator>Stauffer, Christian</dc:creator>
  <dc:creator>Pereira, Rui</dc:creator>
  <dc:creator>Bourtzis, Kostas</dc:creator>
  <dc:type>journal article</dc:type>
  <dc:date>2017-12-13</dc:date>
  <dc:language>en</dc:language>
  <dc:subject>invasion biology</dc:subject>
  <dc:subject>invasive species</dc:subject>
  <dc:subject>Drosophila suzukii</dc:subject>
  <dc:subject>insect</dc:subject>
  <dc:description>&lt;i&gt;Drosophila suzukii&lt;/i&gt;, a vinegar fly originated from Southeast Asia, has recently invaded western countries, and it has been recognized as an important threat of a wide variety of several commercial soft fruits. This review summarizes the current information about the biology and dispersal of &lt;i&gt;D. suzukii&lt;/i&gt; and discusses the current status and prospects of control methods for the management of this pest. We highlight current knowledge and ongoing research on innovative environmental-friendly control methods with emphasis on the sterile insect technique (SIT) and the incompatible insect technique (IIT). SIT has been successfully used for the containment, suppression or even eradication of populations of insect pests. IIT has been proposed as a stand-alone tool or in conjunction with SIT for insect pest control. The principles of SIT and IIT are reviewed, and the potential value of each approach in the management of &lt;i&gt;D. suzukii&lt;/i&gt; is analyzed. We thoroughly address the challenges of SIT and IIT, and we propose the use of SIT as a component of an area-wide integrated pest management approach to suppress &lt;i&gt;D. suzukii&lt;/i&gt; populations. As a contingency plan, we suggest a promising alternative avenue through the combination of these two techniques, SIT/IIT, which has been developed and is currently being tested in open-field trials against &lt;i&gt;Aedes&lt;/i&gt; mosquito populations. All the potential limiting factors that may render these methods ineffective, as well as the requirements that need to be fulfilled before their application, are discussed.</dc:description>
</oai_dc:dc>