<?xml version="1.0" encoding="UTF-8" standalone="yes"?>
<oai_dc:dc xmlns:dc="http://purl.org/dc/elements/1.1/" xmlns:oai_dc="http://www.openarchives.org/OAI/2.0/oai_dc/" xmlns:xsi="http://www.w3.org/2001/XMLSchema-instance" xsi:schemaLocation="http://www.openarchives.org/OAI/2.0/oai_dc/ http://www.openarchives.org/OAI/2.0/oai_dc.xsd">
  <dc:identifier>http://www.wikidata.org/entity/Q28710579</dc:identifier>
  <dc:identifier>https://www.ncbi.nlm.nih.gov/pmc/articles/PMC3502303</dc:identifier>
  <dc:identifier>doi:10.1371/JOURNAL.PONE.0050284</dc:identifier>
  <dc:title>Increased phenotypic plasticity to climate may have boosted the invasion success of polyploid Centaurea stoebe</dc:title>
  <dc:creator>Hahn, Min A</dc:creator>
  <dc:creator>Kleunen, Mark</dc:creator>
  <dc:creator>Müller-Schärer, Heinz</dc:creator>
  <dc:type>journal article</dc:type>
  <dc:date>2012</dc:date>
  <dc:language>en</dc:language>
  <dc:subject>phenotypic plasticity</dc:subject>
  <dc:subject>invasion success</dc:subject>
  <dc:subject>polyploidy</dc:subject>
  <dc:subject>Centaurea stoebe</dc:subject>
  <dc:subject>invasive plant</dc:subject>
  <dc:description>Phenotypic plasticity may allow organisms to cope with altered environmental conditions as e.g. after the introduction into a new range. In particular polyploid organisms, containing more than two sets of chromosomes, may show high levels of plasticity, which could in turn increase their environmental tolerance and invasiveness. Here, we studied the role of phenotypic plasticity in the invasion of Centaurea stoebe (Asteraceae), which in the native range in Europe occurs as diploids and tetraploids, whereas in the introduced range in North America so far only tetraploids have been found. In a common garden experiment at two sites in the native range, we grew half-sibs of the three geo-cytotypes (native European diploids, European tetraploids and invasive North American tetraploids) from a representative sample of 27 populations. We measured the level and the adaptive significance of phenotypic plasticity in eco-physiological and life-history traits in response to the contrasting climatic conditions at the two study sites as well as three different soil conditions in pots, simulating the most crucial abiotic differences between the native and introduced range. European tetraploids showed increased levels of phenotypic plasticity as compared to diploids in response to the different climatic conditions in traits associated with rapid growth and fast phenological development. Moreover, we found evidence for adaptive plasticity in these traits, which suggests that increased plasticity may have contributed to the invasion success of tetraploid C. stoebe by providing an advantage under the novel climatic conditions. However, in invasive tetraploids phenotypic plasticity was similar to that of native tetraploids, indicating no evolution of increased plasticity during invasions. Our findings provide the first empirical support for increased phenotypic plasticity associated with polyploids, which may contribute to their success as invasive species in novel environments.</dc:description>
</oai_dc:dc>