<?xml version="1.0" encoding="UTF-8" standalone="yes"?>
<oai_dc:dc xmlns:dc="http://purl.org/dc/elements/1.1/" xmlns:oai_dc="http://www.openarchives.org/OAI/2.0/oai_dc/" xmlns:xsi="http://www.w3.org/2001/XMLSchema-instance" xsi:schemaLocation="http://www.openarchives.org/OAI/2.0/oai_dc/ http://www.openarchives.org/OAI/2.0/oai_dc.xsd">
  <dc:identifier>http://www.wikidata.org/entity/Q56352736</dc:identifier>
  <dc:identifier>doi:10.1080/23802359.2017.1289353</dc:identifier>
  <dc:title>Complete mitochondrial DNA sequence of the invasive hornet Vespa velutina (Insecta, Hymenoptera) found in Japan</dc:title>
  <dc:creator>Takahashi, Ryoichi</dc:creator>
  <dc:creator>Okuyama, Hisashi</dc:creator>
  <dc:creator>Kiyoshi, Takuya</dc:creator>
  <dc:creator>Takahashi, Jun-ichi</dc:creator>
  <dc:type>journal article</dc:type>
  <dc:date>2017-01</dc:date>
  <dc:language>en</dc:language>
  <dc:subject>Hymenoptera</dc:subject>
  <dc:subject>mitochondrial DNA</dc:subject>
  <dc:subject>mitochondrion</dc:subject>
  <dc:subject>Vespa velutina</dc:subject>
  <dc:subject>invasive species</dc:subject>
</oai_dc:dc>