<?xml version="1.0" encoding="UTF-8" standalone="yes"?>
<oai_dc:dc xmlns:dc="http://purl.org/dc/elements/1.1/" xmlns:oai_dc="http://www.openarchives.org/OAI/2.0/oai_dc/" xmlns:xsi="http://www.w3.org/2001/XMLSchema-instance" xsi:schemaLocation="http://www.openarchives.org/OAI/2.0/oai_dc/ http://www.openarchives.org/OAI/2.0/oai_dc.xsd">
  <dc:identifier>http://www.wikidata.org/entity/Q112732333</dc:identifier>
  <dc:identifier>doi:10.7717/PEERJ.13567</dc:identifier>
  <dc:title>Methods of breaking physical dormancy in seeds of the invasive weed &lt;i&gt;Mimosa pudica&lt;/i&gt; (Fabaceae) and a comparison with 36 other species in the genus</dc:title>
  <dc:creator>Tang, Li</dc:creator>
  <dc:creator>Baskin, Carol</dc:creator>
  <dc:creator>Baskin, Jerry</dc:creator>
  <dc:creator>Luo, Kai</dc:creator>
  <dc:creator>Yu, Xiaohui</dc:creator>
  <dc:creator>Huang, Wei</dc:creator>
  <dc:creator>Zhang, Rui</dc:creator>
  <dc:creator>Chen, Yinhua</dc:creator>
  <dc:type>journal article</dc:type>
  <dc:date>2022-06-08</dc:date>
  <dc:language>en</dc:language>
  <dc:subject>seed dormancy</dc:subject>
  <dc:subject>Mimosa pudica</dc:subject>
  <dc:subject>Fabaceae</dc:subject>
  <dc:description>The herbaceous perennial legume &lt;i&gt;Mimosa pudica&lt;/i&gt; is an invasive weed in many tropical and subtropical regions and a serious problem for farmers since it is difficult to eliminate from crop field by hand. Moreover, it has water impermeable seeds, &lt;i&gt;i.e.&lt;/i&gt;, physical dormancy (PY), which could persist in the soil seed bank for a long period of time, thus making it a big challenge to control. The aims of this study were to test the effect of various laboratory methods on breaking PY in seeds of &lt;i&gt;M. pudica&lt;/i&gt;, to identify the site(s) of water entry into seeds of &lt;i&gt;M. pudica&lt;/i&gt; and compare results of dormancy-breaking methods for seeds of &lt;i&gt;M. pudica&lt;/i&gt; with those of 36 other species of &lt;i&gt;Mimosa&lt;/i&gt; reported in the literature. Mechanical scarification, wet heat and cycles of wet heat and ice water effectively broke PY in seeds of &lt;i&gt;M. pudica&lt;/i&gt;. Following wet heat at 80 °C for 10 min, water uptake was &lt;i&gt;via&lt;/i&gt; the hilar region but not the pleurogram; small cracks made in the pleurogram by this treatment were not deep enough for water to enter the seed. Neither tolerance to summer temperatures nor PY is likely to be the cause of invasiveness of this species, since seeds of rare and endemic species of &lt;i&gt;Mimosa&lt;/i&gt; also tolerate summer temperatures and have PY.</dc:description>
</oai_dc:dc>