<?xml version="1.0" encoding="UTF-8" standalone="yes"?>
<oai_dc:dc xmlns:dc="http://purl.org/dc/elements/1.1/" xmlns:oai_dc="http://www.openarchives.org/OAI/2.0/oai_dc/" xmlns:xsi="http://www.w3.org/2001/XMLSchema-instance" xsi:schemaLocation="http://www.openarchives.org/OAI/2.0/oai_dc/ http://www.openarchives.org/OAI/2.0/oai_dc.xsd">
  <dc:identifier>http://www.wikidata.org/entity/Q51146421</dc:identifier>
  <dc:identifier>doi:10.3897/NEOBIOTA.11.1819</dc:identifier>
  <dc:title>Impact of the introduced small Indian mongoose (Herpestes auropunctatus) on abundance and activity time of the introduced ship rat (Rattus rattus) and the small mammal community on Adriatic islands, Croatia</dc:title>
  <dc:creator>Barun, Arijana</dc:creator>
  <dc:creator>Simberloff, Daniel</dc:creator>
  <dc:creator>Tvrtkovic, Nikola</dc:creator>
  <dc:creator>Pascal, Michel</dc:creator>
  <dc:type>journal article</dc:type>
  <dc:date>2011-11-30</dc:date>
  <dc:language>en</dc:language>
  <dc:subject>aquatic science</dc:subject>
  <dc:subject>Herpestes auropunctatus</dc:subject>
  <dc:subject>Rattus rattus</dc:subject>
  <dc:subject>India</dc:subject>
  <dc:subject>Croatia</dc:subject>
  <dc:subject>invasive species</dc:subject>
  <dc:subject>invasion impact</dc:subject>
  <dc:subject>micromammal</dc:subject>
</oai_dc:dc>