<?xml version="1.0" encoding="UTF-8" standalone="yes"?>
<oai_dc:dc xmlns:dc="http://purl.org/dc/elements/1.1/" xmlns:oai_dc="http://www.openarchives.org/OAI/2.0/oai_dc/" xmlns:xsi="http://www.w3.org/2001/XMLSchema-instance" xsi:schemaLocation="http://www.openarchives.org/OAI/2.0/oai_dc/ http://www.openarchives.org/OAI/2.0/oai_dc.xsd">
  <dc:identifier>http://www.wikidata.org/entity/Q56458229</dc:identifier>
  <dc:identifier>doi:10.1155/2014/548384</dc:identifier>
  <dc:title>The Bifurcation and Control of a Single-Species Fish Population Logistic Model with the Invasion of Alien Species</dc:title>
  <dc:creator>Zhang, Yi</dc:creator>
  <dc:creator>Zhang, Qiaoling</dc:creator>
  <dc:creator>Li, Jinghao</dc:creator>
  <dc:creator>Zhang, Qingling</dc:creator>
  <dc:type>journal article</dc:type>
  <dc:date>2014</dc:date>
  <dc:language>en</dc:language>
  <dc:subject>invasive species</dc:subject>
  <dc:subject>aquatic invasion</dc:subject>
  <dc:subject>introduced species</dc:subject>
</oai_dc:dc>