<?xml version="1.0" encoding="UTF-8" standalone="yes"?>
<oai_dc:dc xmlns:dc="http://purl.org/dc/elements/1.1/" xmlns:oai_dc="http://www.openarchives.org/OAI/2.0/oai_dc/" xmlns:xsi="http://www.w3.org/2001/XMLSchema-instance" xsi:schemaLocation="http://www.openarchives.org/OAI/2.0/oai_dc/ http://www.openarchives.org/OAI/2.0/oai_dc.xsd">
  <dc:identifier>http://www.wikidata.org/entity/Q114824128</dc:identifier>
  <dc:identifier>doi:10.1111/1365-2745.13998</dc:identifier>
  <dc:title>Testing enemy release of non‐native plants across time and space using herbarium specimens in Norway</dc:title>
  <dc:creator>Ivison, Katy</dc:creator>
  <dc:creator>Speed, James D. M.</dc:creator>
  <dc:creator>Prestø, Tommy</dc:creator>
  <dc:creator>Dawson, Wayne</dc:creator>
  <dc:type>journal article</dc:type>
  <dc:date>2022-10-18</dc:date>
  <dc:subject>hypothesis:enemy release hypothesis</dc:subject>
  <dc:subject>hypothesis:wikidata.org/entity/Q85759287</dc:subject>
  <dc:subject>herbarium specimen</dc:subject>
</oai_dc:dc>