<?xml version="1.0" encoding="UTF-8" standalone="yes"?>
<oai_dc:dc xmlns:dc="http://purl.org/dc/elements/1.1/" xmlns:oai_dc="http://www.openarchives.org/OAI/2.0/oai_dc/" xmlns:xsi="http://www.w3.org/2001/XMLSchema-instance" xsi:schemaLocation="http://www.openarchives.org/OAI/2.0/oai_dc/ http://www.openarchives.org/OAI/2.0/oai_dc.xsd">
  <dc:identifier>http://www.wikidata.org/entity/Q97566178</dc:identifier>
  <dc:identifier>doi:10.1371/JOURNAL.PONE.0236042</dc:identifier>
  <dc:title>Dispersal patterns of an introduced wild bee, Megachile sculpturalis Smith, 1853 (Hymenoptera: Megachilidae) in European alpine countries</dc:title>
  <dc:creator>Lanner, Julia</dc:creator>
  <dc:creator>Huchler, Katharina</dc:creator>
  <dc:creator>Pachinger, Bärbel</dc:creator>
  <dc:creator>Sedivy, Claudio</dc:creator>
  <dc:creator>Meimberg, Harald</dc:creator>
  <dc:type>journal article</dc:type>
  <dc:date>2020-07-10</dc:date>
  <dc:subject>Hymenoptera</dc:subject>
  <dc:subject>Megachile sculpturalis</dc:subject>
  <dc:subject>Megachilidae</dc:subject>
  <dc:description>Biodiversity monitoring programs are the baseline of species abundancy studies, which in case of introduced species are especially critical. Megachile sculpturalis Smith, 1853 native to Eastern-Asia, constitutes the first ever recorded wild bee species accidently introduced in Europe. Since its first discovery in 2008, M. sculpturalis has been spreading across the continent. By initiating a citizen science monitoring program, we aimed to investigate the occurrence pattern of M. sculpturalis. Within only two years after starting the project, 111 new reports from Switzerland, Liechtenstein and Austria were recorded. Comparably to other European countries, the population progressed remarkably fast from year to year expanding its area geographically but also ecologically by increasing its altitudinal range. The distribution pattern indicates human assisted jump-dispersal travelling on the major traffic routes of central Europe.</dc:description>
</oai_dc:dc>