<?xml version="1.0" encoding="UTF-8" standalone="yes"?>
<oai_dc:dc xmlns:dc="http://purl.org/dc/elements/1.1/" xmlns:oai_dc="http://www.openarchives.org/OAI/2.0/oai_dc/" xmlns:xsi="http://www.w3.org/2001/XMLSchema-instance" xsi:schemaLocation="http://www.openarchives.org/OAI/2.0/oai_dc/ http://www.openarchives.org/OAI/2.0/oai_dc.xsd">
  <dc:identifier>http://www.wikidata.org/entity/Q66679291</dc:identifier>
  <dc:identifier>https://www.ncbi.nlm.nih.gov/pmc/articles/PMC6609326</dc:identifier>
  <dc:identifier>doi:10.1080/22221751.2019.1634489</dc:identifier>
  <dc:title>The native European Aedes geniculatus mosquito species can transmit chikungunya virus</dc:title>
  <dc:creator>Prudhomme, Jorian</dc:creator>
  <dc:creator>Fontaine, Albin</dc:creator>
  <dc:creator>Lacour, Guillaume</dc:creator>
  <dc:creator>Gantier, Jean-Charles</dc:creator>
  <dc:creator>Diancourt, Laure</dc:creator>
  <dc:creator>Velo, Enkelejda</dc:creator>
  <dc:creator>Bino, Silva</dc:creator>
  <dc:creator>Reiter, Paul</dc:creator>
  <dc:creator>Mercier, Aurélien</dc:creator>
  <dc:type>journal article</dc:type>
  <dc:date>2019-01-01</dc:date>
  <dc:language>en</dc:language>
  <dc:subject>drug discovery</dc:subject>
  <dc:subject>Chikungunya virus</dc:subject>
  <dc:subject>chikungunya</dc:subject>
  <dc:description>Europe is the world's leading tourism destination and is receiving every year travellers from areas with active arbovirus transmission. There is thus a threat of mosquito-borne virus emergence in Europe due to the presence of the invasive mosquito vector &lt;i&gt;Aedes albopictus&lt;/i&gt;. Little attention has been paid about the possible role of indigenous mosquito species as vectors of emerging arboviruses. Here, we assessed the vector competence dynamic of &lt;i&gt;Aedes geniculatus&lt;/i&gt;, a European anthropophilic mosquito species, for chikungunya virus (CHIKV) in comparison with an European population of &lt;i&gt;Ae. albopictus&lt;/i&gt;. We revealed that &lt;i&gt;Ae. geniculatus&lt;/i&gt; is highly susceptible to CHIKV infection and could transmit the virus. By specifically exploring the vector competence dynamic in both mosquito species, we revealed that the cumulative distribution of CHIKV incubation period in &lt;i&gt;Ae. geniculatus&lt;/i&gt; was delayed by several days as compared to &lt;i&gt;Ae. albopictus&lt;/i&gt;. Our results strengthen the importance of considering indigenous species as potential vectors for emerging arboviruses. They also revealed the importance of considering variation in arbovirus dissemination or transmission dynamics in mosquitoes when performing vector competence assays. We will discuss the implications of our results on a CHIKV outbreak dynamic in a theoretical framework.</dc:description>
</oai_dc:dc>