<?xml version="1.0" encoding="UTF-8" standalone="yes"?>
<oai_dc:dc xmlns:dc="http://purl.org/dc/elements/1.1/" xmlns:oai_dc="http://www.openarchives.org/OAI/2.0/oai_dc/" xmlns:xsi="http://www.w3.org/2001/XMLSchema-instance" xsi:schemaLocation="http://www.openarchives.org/OAI/2.0/oai_dc/ http://www.openarchives.org/OAI/2.0/oai_dc.xsd">
  <dc:identifier>http://www.wikidata.org/entity/Q113904286</dc:identifier>
  <dc:identifier>doi:10.1007/S10530-022-02799-2</dc:identifier>
  <dc:title>Correction to: Managing biological invasions: the cost of inaction</dc:title>
  <dc:creator>Ahmed, Danish Ali</dc:creator>
  <dc:creator>Hudgins, Emma J.</dc:creator>
  <dc:creator>Cuthbert, Ross N.</dc:creator>
  <dc:creator>Kourantidou, Melina</dc:creator>
  <dc:creator>Diagne, Christophe</dc:creator>
  <dc:creator>Haubrock, Phillip J.</dc:creator>
  <dc:creator>Leung, Brian</dc:creator>
  <dc:creator>Liu, Chunlong</dc:creator>
  <dc:creator>Leroy, Boris</dc:creator>
  <dc:creator>Petrovskii, Sergei</dc:creator>
  <dc:creator>Beidas, Ayah</dc:creator>
  <dc:creator>Courchamp, Franck</dc:creator>
  <dc:type>journal article</dc:type>
  <dc:date>2022-05-12</dc:date>
  <dc:language>en</dc:language>
  <dc:rights>https://creativecommons.org/licenses/by/4.0</dc:rights>
  <dc:subject>biological invasion</dc:subject>
  <dc:subject>invasion management</dc:subject>
  <dc:publisher>Springer Science and Business Media LLC</dc:publisher>
</oai_dc:dc>