<?xml version="1.0" encoding="UTF-8" standalone="yes"?>
<oai_dc:dc xmlns:dc="http://purl.org/dc/elements/1.1/" xmlns:oai_dc="http://www.openarchives.org/OAI/2.0/oai_dc/" xmlns:xsi="http://www.w3.org/2001/XMLSchema-instance" xsi:schemaLocation="http://www.openarchives.org/OAI/2.0/oai_dc/ http://www.openarchives.org/OAI/2.0/oai_dc.xsd">
  <dc:identifier>http://www.wikidata.org/entity/Q54976164</dc:identifier>
  <dc:identifier>doi:10.1007/S00040-018-0612-0</dc:identifier>
  <dc:title>Colony size and brood investment of Myrmica rubra ant colonies in habitats invaded by goldenrods</dc:title>
  <dc:creator>Grześ, I M</dc:creator>
  <dc:creator>Ślipiński, P</dc:creator>
  <dc:creator>Babik, H</dc:creator>
  <dc:creator>Moroń, Dawid</dc:creator>
  <dc:creator>Walter, B</dc:creator>
  <dc:creator>Trigos-Peral, Gema</dc:creator>
  <dc:creator>Maák, István Elek</dc:creator>
  <dc:creator>Witek, M</dc:creator>
  <dc:type>journal article</dc:type>
  <dc:date>2018-02-26</dc:date>
  <dc:subject>habitat</dc:subject>
  <dc:subject>Myrmica rubra</dc:subject>
  <dc:subject>biological invasion</dc:subject>
  <dc:description>Ant richness and abundance are negatively affected by the invasion of alien goldenrods (Solidago sp.). However, little is known about the mechanisms standing behind the impact of the invaders on ant life history, such as colony investments in growth and reproduction. We examined this problem of the investments of Myrmica rubra ant colonies living in different grasslands invaded and non-invaded by goldenrods. Altogether, 47 colonies were analysed; and for each colony, we calculated the number of queens, workers and the production of young workers, gynes, and males. We found that colonies from invaded meadows are smaller in size, but have a similar number of adult queens compared to colonies from non-invaded sites. We also found different brood investments among colonies from invaded and non-invaded meadows-colonies from non-invaded meadows produce more young workers and invest more in growth, whereas colonies from invaded meadows invest more in reproduction through higher gyne production. Male production was at a similar level in colonies from both habitat types. The observed patterns may be explained by the effect of various environmental factors occurring in both grassland types, such as stress in changed habitats, higher competition among gynes in non-invaded grasslands, or finally, by the adaptive colony-level response of ants to stress. The higher production of gynes observed in the invaded grasslands may support dispersal and enhance the probability of establishing a colony in a more favourable location.</dc:description>
</oai_dc:dc>