<?xml version="1.0" encoding="UTF-8" standalone="yes"?>
<oai_dc:dc xmlns:dc="http://purl.org/dc/elements/1.1/" xmlns:oai_dc="http://www.openarchives.org/OAI/2.0/oai_dc/" xmlns:xsi="http://www.w3.org/2001/XMLSchema-instance" xsi:schemaLocation="http://www.openarchives.org/OAI/2.0/oai_dc/ http://www.openarchives.org/OAI/2.0/oai_dc.xsd">
  <dc:identifier>http://www.wikidata.org/entity/Q21186038</dc:identifier>
  <dc:identifier>https://www.ncbi.nlm.nih.gov/pmc/articles/PMC4525033</dc:identifier>
  <dc:identifier>doi:10.3897/ZOOKEYS.515.9477</dc:identifier>
  <dc:title>The terrestrial Isopoda (Crustacea, Oniscidea) of Rapa Nui (Easter Island), with descriptions of two new species</dc:title>
  <dc:creator>Taiti, Stefano</dc:creator>
  <dc:creator>Wynne, J Judson</dc:creator>
  <dc:type>journal article</dc:type>
  <dc:date>2015-07-30</dc:date>
  <dc:language>en</dc:language>
  <dc:subject>species nova</dc:subject>
  <dc:description>Nine species of terrestrial isopods are reported for the Polynesian island of Rapa Nui (Easter Island) based upon museum materials and recent collections from field sampling. Most of these animals are non-native species, but two are new to science: Styloniscusmanuvaka sp. n. and Hawaiiosciarapui sp. n. Of these, the former is believed to be a Polynesian endemic as it has been recorded from Rapa Iti, Austral Islands, while the latter is identified as a Rapa Nui island endemic. Both of these new species are considered 'disturbance relicts' and appear restricted to the cave environment on Rapa Nui. A short key to all the oniscidean species presently recorded from Rapa Nui is provided. We also offered conservation and management recommendations for the two new isopod species.</dc:description>
</oai_dc:dc>