<?xml version="1.0" encoding="UTF-8" standalone="yes"?>
<oai_dc:dc xmlns:dc="http://purl.org/dc/elements/1.1/" xmlns:oai_dc="http://www.openarchives.org/OAI/2.0/oai_dc/" xmlns:xsi="http://www.w3.org/2001/XMLSchema-instance" xsi:schemaLocation="http://www.openarchives.org/OAI/2.0/oai_dc/ http://www.openarchives.org/OAI/2.0/oai_dc.xsd">
  <dc:identifier>http://www.wikidata.org/entity/Q111148440</dc:identifier>
  <dc:identifier>doi:10.3390/W13040460</dc:identifier>
  <dc:title>How Does Mytilus galloprovincialis Respond When Exposed to the Gametophyte Phase of the Invasive Red Macroalga Asparagopsis armata Exudate?</dc:title>
  <dc:creator>Coelho, Sónia</dc:creator>
  <dc:creator>Vieira, Hugo C.</dc:creator>
  <dc:creator>Oliveira, Jacinta M.</dc:creator>
  <dc:creator>Pires, Sílvia F. S.</dc:creator>
  <dc:creator>Rocha, Rui J.M.</dc:creator>
  <dc:creator>Rodrigues, Andreia C. M.</dc:creator>
  <dc:creator>Soares, Amadeu</dc:creator>
  <dc:creator>Bordalo, Maria D.</dc:creator>
  <dc:type>journal article</dc:type>
  <dc:date>2021-02-12</dc:date>
  <dc:language>en</dc:language>
  <dc:subject>Mytilus galloprovincialis</dc:subject>
  <dc:subject>Asparagopsis armata</dc:subject>
  <dc:subject>exudate</dc:subject>
  <dc:subject>invasive species</dc:subject>
</oai_dc:dc>