<?xml version="1.0" encoding="UTF-8" standalone="yes"?>
<oai_dc:dc xmlns:dc="http://purl.org/dc/elements/1.1/" xmlns:oai_dc="http://www.openarchives.org/OAI/2.0/oai_dc/" xmlns:xsi="http://www.w3.org/2001/XMLSchema-instance" xsi:schemaLocation="http://www.openarchives.org/OAI/2.0/oai_dc/ http://www.openarchives.org/OAI/2.0/oai_dc.xsd">
  <dc:identifier>http://www.wikidata.org/entity/Q54653529</dc:identifier>
  <dc:identifier>doi:10.1111/AEN.12103</dc:identifier>
  <dc:title>Bionomics and feeding impact ofCtenarytaina eucalypti(Hemiptera: Psylloidea: Aphalaridae) onEucalyptus globulus(Myrtaceae) in the central tablelands of New South Wales</dc:title>
  <dc:creator>Sharma, Anamika</dc:creator>
  <dc:creator>Raman, Anantanarayanan</dc:creator>
  <dc:creator>Taylor, Gary S</dc:creator>
  <dc:creator>Fletcher, Murray J</dc:creator>
  <dc:creator>Nicol, Helen</dc:creator>
  <dc:type>journal article</dc:type>
  <dc:date>2014-06-03</dc:date>
  <dc:language>en</dc:language>
  <dc:subject>Ctenarytaina eucalypti</dc:subject>
  <dc:subject>bionomics</dc:subject>
  <dc:subject>Hemiptera</dc:subject>
  <dc:subject>Aphalaridae</dc:subject>
  <dc:subject>Myrtaceae</dc:subject>
  <dc:subject>invasion impact</dc:subject>
</oai_dc:dc>