<?xml version="1.0" encoding="UTF-8" standalone="yes"?>
<oai_dc:dc xmlns:dc="http://purl.org/dc/elements/1.1/" xmlns:oai_dc="http://www.openarchives.org/OAI/2.0/oai_dc/" xmlns:xsi="http://www.w3.org/2001/XMLSchema-instance" xsi:schemaLocation="http://www.openarchives.org/OAI/2.0/oai_dc/ http://www.openarchives.org/OAI/2.0/oai_dc.xsd">
  <dc:identifier>http://www.wikidata.org/entity/Q56457860</dc:identifier>
  <dc:identifier>doi:10.14214/SF.1188</dc:identifier>
  <dc:title>Damage by the pine weevil Hylobius abietis to seedlings of two native and five introduced tree species in Sweden</dc:title>
  <dc:creator>Wallertz, Kristina</dc:creator>
  <dc:creator>Nordenhem, Henrik</dc:creator>
  <dc:creator>Nordlander, Göran</dc:creator>
  <dc:type>journal article</dc:type>
  <dc:date>2014</dc:date>
  <dc:language>en</dc:language>
  <dc:subject>Sweden</dc:subject>
  <dc:subject>Hylobius abietis</dc:subject>
  <dc:subject>invasive species</dc:subject>
</oai_dc:dc>