<?xml version="1.0" encoding="UTF-8" standalone="yes"?>
<oai_dc:dc xmlns:dc="http://purl.org/dc/elements/1.1/" xmlns:oai_dc="http://www.openarchives.org/OAI/2.0/oai_dc/" xmlns:xsi="http://www.w3.org/2001/XMLSchema-instance" xsi:schemaLocation="http://www.openarchives.org/OAI/2.0/oai_dc/ http://www.openarchives.org/OAI/2.0/oai_dc.xsd">
  <dc:identifier>http://www.wikidata.org/entity/Q54801133</dc:identifier>
  <dc:identifier>https://www.ncbi.nlm.nih.gov/pmc/articles/PMC5969052</dc:identifier>
  <dc:identifier>doi:10.7717/PEERJ.4672</dc:identifier>
  <dc:title>Giant worms chez moi! Hammerhead flatworms (Platyhelminthes, Geoplanidae, Bipalium spp., Diversibipalium spp.) in metropolitan France and overseas French territories</dc:title>
  <dc:creator>Justine, Jean-Lou</dc:creator>
  <dc:creator>Winsor, Leigh</dc:creator>
  <dc:creator>Gey, Delphine</dc:creator>
  <dc:creator>Gros, Pierre</dc:creator>
  <dc:creator>Thévenot, Jessica</dc:creator>
  <dc:type>journal article</dc:type>
  <dc:date>2018-05-22</dc:date>
  <dc:language>en</dc:language>
  <dc:subject>Bipalium</dc:subject>
  <dc:subject>Diversibipalium</dc:subject>
  <dc:subject>France</dc:subject>
  <dc:subject>invasive species</dc:subject>
  <dc:subject>Platyhelminthes</dc:subject>
  <dc:subject>Geoplanidae</dc:subject>
  <dc:description>&lt;h4&gt;Background&lt;/h4&gt;Species of the genera &lt;i&gt;Bipalium&lt;/i&gt; and &lt;i&gt;Diversibipalium&lt;/i&gt;, or bipaliines, are giants among land planarians (family Geoplanidae), reaching length of 1 m; they are also easily distinguished from other land flatworms by the characteristic hammer shape of their head. Bipaliines, which have their origin in warm parts of Asia, are invasive species, now widespread worldwide. However, the scientific literature is very scarce about the widespread repartition of these species, and their invasion in European countries has not been studied.&lt;h4&gt;Methods&lt;/h4&gt;In this paper, on the basis of a four year survey based on citizen science, which yielded observations from 1999 to 2017 and a total of 111 records, we provide information about the five species present in Metropolitan France and French overseas territories. We also investigated the molecular variability of cytochrome-oxidase 1 (COI) sequences of specimens.&lt;h4&gt;Results&lt;/h4&gt;Three species are reported from Metropolitan France: &lt;i&gt;Bipalium kewense&lt;/i&gt;, &lt;i&gt;Diversibipalium multilineatum&lt;/i&gt;, and an unnamed &lt;i&gt;Diversibipalium&lt;/i&gt; 'black' species. We also report the presence of &lt;i&gt;B. kewense&lt;/i&gt; from overseas territories, such as French Polynesia (Oceania), French Guiana (South America), the Caribbean French islands of Martinique, Guadeloupe, Saint Martin and Saint Barthélemy, and Montserrat (Central America), and La Réunion island (off South-East Africa). For &lt;i&gt;B. vagum&lt;/i&gt;, observations include French Guiana, Guadeloupe, Martinique, Saint Barthélemy, Saint Martin, Montserrat, La Réunion, and Florida (USA). A probable new species, &lt;i&gt;Diversibipalium&lt;/i&gt; sp. 'blue,' is reported from Mayotte Island (off South-East Africa). &lt;i&gt;B. kewense&lt;/i&gt;, &lt;i&gt;B. vagum&lt;/i&gt; and &lt;i&gt;D. multilineatum&lt;/i&gt; each showed 0% variability in their COI sequences, whatever their origin, suggesting that the specimens are clonal, and that sexual reproduction is probably absent. COI barcoding was efficient in identifying species, with differences over 10% between species; this suggests that barcoding can be used in the future for identifying these invasive species. In Metropolitan south-west France, a small area located in the Department of Pyrénées-Atlantiques was found to be a hot-spot of bipaliine biodiversity and abundance for more than 20 years, probably because of the local mild weather.&lt;h4&gt;Discussion&lt;/h4&gt;The present findings strongly suggest that the species present in Metropolitan France and overseas territories should be considered invasive alien species. Our numerous records in the open in Metropolitan France raise questions: as scientists, we were amazed that these long and brightly coloured worms could escape the attention of scientists and authorities in a European developed country for such a long time; improved awareness about land planarians is certainly necessary.</dc:description>
</oai_dc:dc>