<?xml version="1.0" encoding="UTF-8" standalone="yes"?>
<oai_dc:dc xmlns:dc="http://purl.org/dc/elements/1.1/" xmlns:oai_dc="http://www.openarchives.org/OAI/2.0/oai_dc/" xmlns:xsi="http://www.w3.org/2001/XMLSchema-instance" xsi:schemaLocation="http://www.openarchives.org/OAI/2.0/oai_dc/ http://www.openarchives.org/OAI/2.0/oai_dc.xsd">
  <dc:identifier>http://www.wikidata.org/entity/Q36025867</dc:identifier>
  <dc:identifier>doi:10.1007/S10493-015-9951-Y</dc:identifier>
  <dc:title>Breaking and entering: predators invade the shelter of their prey and gain protection</dc:title>
  <dc:creator>Lemos, Felipe</dc:creator>
  <dc:creator>Bernardo, Ana Maria Guimarães</dc:creator>
  <dc:creator>Dias, Cleide Rosa</dc:creator>
  <dc:creator>Sarmento, Renato Almeida</dc:creator>
  <dc:creator>Pallini, Angelo</dc:creator>
  <dc:creator>Venzon, Madelaine</dc:creator>
  <dc:creator>Janssen, Arne</dc:creator>
  <dc:type>journal article</dc:type>
  <dc:date>2015-07-19</dc:date>
  <dc:language>en</dc:language>
  <dc:subject>predation</dc:subject>
  <dc:subject>predator–prey system</dc:subject>
  <dc:description>Many herbivorous arthropods construct shelters on their host plant that offer protection against natural enemies. This has resulted in selection on natural enemies to enter these shelters, where they can feed on prey that are inaccessible for competing predators and parasitoids. The spider mite Tetranychus evansi produces a shelter consisting of a dense web that is impenetrable for most predators; the only known natural enemy that can penetrate the web and can forage efficiently on this pest is Phytoseiulus longipes. We show that this predator preferentially foraged and oviposited in the web of its prey. Moreover, intraguild predation on juveniles of these predators was significantly higher outside this web and in the less dense web of a closely related prey species (T. urticae) than inside the web of T. evansi. Although the production of shelters by herbivores may be profitable at first, their adapted natural enemies may reap the benefit in the end.</dc:description>
</oai_dc:dc>