<?xml version="1.0" encoding="UTF-8" standalone="yes"?>
<oai_dc:dc xmlns:dc="http://purl.org/dc/elements/1.1/" xmlns:oai_dc="http://www.openarchives.org/OAI/2.0/oai_dc/" xmlns:xsi="http://www.w3.org/2001/XMLSchema-instance" xsi:schemaLocation="http://www.openarchives.org/OAI/2.0/oai_dc/ http://www.openarchives.org/OAI/2.0/oai_dc.xsd">
  <dc:identifier>http://www.wikidata.org/entity/Q26768582</dc:identifier>
  <dc:identifier>https://www.ncbi.nlm.nih.gov/pmc/articles/PMC4743931</dc:identifier>
  <dc:identifier>doi:10.1371/JOURNAL.PNTD.0004432</dc:identifier>
  <dc:title>Rabies in the Baltic States: Decoding a Process of Control and Elimination</dc:title>
  <dc:creator>Robardet, Emmanuelle</dc:creator>
  <dc:creator>Picard-Meyer, Evelyne</dc:creator>
  <dc:creator>Dobroštana, Marianna</dc:creator>
  <dc:creator>Jaceviciene, Ingrida</dc:creator>
  <dc:creator>Mähar, Katrin</dc:creator>
  <dc:creator>Muižniece, Zita</dc:creator>
  <dc:creator>Pridotkas, Gediminas</dc:creator>
  <dc:creator>Masiulis, Marius</dc:creator>
  <dc:creator>Niin, Enel</dc:creator>
  <dc:creator>Olševskis, Edvīns</dc:creator>
  <dc:creator>Cliquet, Florence</dc:creator>
  <dc:type>journal article</dc:type>
  <dc:date>2016-02</dc:date>
  <dc:language>en</dc:language>
  <dc:subject>rabies</dc:subject>
  <dc:subject>virus</dc:subject>
  <dc:subject>RNA virus infectious disease</dc:subject>
  <dc:subject>invasion success</dc:subject>
  <dc:subject>invasion management</dc:subject>
  <dc:description>Rabies is a fatal zoonosis that still causes nearly 70, 000 human deaths every year. In Europe, the oral rabies vaccination (ORV) of red foxes (Vulpes vulpes) was developed in the late 1970s and has demonstrated its effectiveness in the eradication of the disease in Western and some Central European countries. Following the accession of the three Baltic countries--Estonia, Latvia and Lithuania--to the European Union in 2004, subsequent financial support has allowed the implementation of regular ORV campaigns since 2005-2006. This paper reviews ten years of surveillance efforts and ORV campaigns in these countries resulting in the near eradication of the disease. The various factors that may have influenced the results of vaccination monitoring were assessed using generalized linear models (GLMs) on bait uptake and on herd immunity. As shown in previous studies, juveniles had lower bait uptake level than adults. For the first time, raccoon dogs (Nyctereutes procyonoides) were shown to have significantly lower bait uptake proportion compared with red foxes. This result suggests potentially altered ORV effectiveness in this invasive species compared to the red foxes. An extensive phylogenetic analysis demonstrated that the North-East European (NEE) rabies phylogroup is endemic in all three Baltic countries. Although successive oral vaccination campaigns have substantially reduced the number of detected rabies cases, sporadic detection of the C lineage (European part of Russian phylogroup) underlines the risk of reintroduction via westward spread from bordering countries. Vaccine induced cases were also reported for the first time in non-target species (Martes martes and Meles meles).</dc:description>
</oai_dc:dc>