<?xml version="1.0" encoding="UTF-8" standalone="yes"?>
<oai_dc:dc xmlns:dc="http://purl.org/dc/elements/1.1/" xmlns:oai_dc="http://www.openarchives.org/OAI/2.0/oai_dc/" xmlns:xsi="http://www.w3.org/2001/XMLSchema-instance" xsi:schemaLocation="http://www.openarchives.org/OAI/2.0/oai_dc/ http://www.openarchives.org/OAI/2.0/oai_dc.xsd">
  <dc:identifier>http://www.wikidata.org/entity/Q56441358</dc:identifier>
  <dc:identifier>doi:10.1017/S0266467414000558</dc:identifier>
  <dc:title>Influence of microhabitat structure and disturbance on detection of native and non-native murids in logged and unlogged forests of northern Borneo</dc:title>
  <dc:creator>Cusack, Jeremy J.</dc:creator>
  <dc:creator>Wearn, Oliver R.</dc:creator>
  <dc:creator>Bernard, Henry</dc:creator>
  <dc:creator>Ewers, Robert M.</dc:creator>
  <dc:type>journal article</dc:type>
  <dc:date>2014-10-13</dc:date>
  <dc:language>en</dc:language>
  <dc:subject>ecological niche</dc:subject>
  <dc:subject>microhabitat</dc:subject>
</oai_dc:dc>