<?xml version="1.0" encoding="UTF-8" standalone="yes"?>
<oai_dc:dc xmlns:dc="http://purl.org/dc/elements/1.1/" xmlns:oai_dc="http://www.openarchives.org/OAI/2.0/oai_dc/" xmlns:xsi="http://www.w3.org/2001/XMLSchema-instance" xsi:schemaLocation="http://www.openarchives.org/OAI/2.0/oai_dc/ http://www.openarchives.org/OAI/2.0/oai_dc.xsd">
  <dc:identifier>http://www.wikidata.org/entity/Q30576383</dc:identifier>
  <dc:identifier>https://www.ncbi.nlm.nih.gov/pmc/articles/PMC3992221</dc:identifier>
  <dc:identifier>doi:10.1007/S00442-014-2899-5</dc:identifier>
  <dc:title>Experimental evidence that ecological effects of an invasive fish are reduced at high densities</dc:title>
  <dc:creator>Kornis, Matthew S</dc:creator>
  <dc:creator>Carlson, Jedchada</dc:creator>
  <dc:creator>Lehrer-Brey, Gabrielle</dc:creator>
  <dc:creator>Zanden, Jake Vander</dc:creator>
  <dc:type>journal article</dc:type>
  <dc:date>2014-02-17</dc:date>
  <dc:language>en</dc:language>
  <dc:subject>aquatic invasion</dc:subject>
  <dc:subject>invasive fish</dc:subject>
  <dc:subject>invasion biology</dc:subject>
  <dc:description>Understanding the relationship between invasive species density and ecological impact is a pressing topic in ecology, with implications for environmental management and policy. Although it is widely assumed that invasive species impact will increase with density, theory suggests interspecific competition may diminish at high densities due to increased intraspecific interactions. To test this theory, we experimentally examined intra- and interspecific interactions between a globally invasive fish, round goby (Neogobius melanostomus), and three native species at different round goby densities in a tributary of the Laurentian Great Lakes. Eighteen 2.25 m(2) enclosures were stocked with native fish species at natural abundances, while round gobies were stocked at three different densities: 0 m(-2), 2.7 m(-2), and 10.7 m(-2). After 52 days, native fish growth rate was significantly reduced in the low density goby treatment, while growth in the high density goby treatment mirrored the goby-free treatment for two of three native species. Invertebrate density and gut content weight of native fishes did not differ among treatments. Conversely, gut content weight and growth of round gobies were lower in the high goby density treatment, suggesting interactions between round gobies and native fishes are mediated by interference competition amongst gobies. Our experiment provides evidence that invasive species effects may diminish at high densities, possibly due to increased intraspecific interactions. This is consistent with some ecological theory, and cautions against the assumption that invasive species at moderate densities have low impact.</dc:description>
</oai_dc:dc>