<?xml version="1.0" encoding="UTF-8" standalone="yes"?>
<oai_dc:dc xmlns:dc="http://purl.org/dc/elements/1.1/" xmlns:oai_dc="http://www.openarchives.org/OAI/2.0/oai_dc/" xmlns:xsi="http://www.w3.org/2001/XMLSchema-instance" xsi:schemaLocation="http://www.openarchives.org/OAI/2.0/oai_dc/ http://www.openarchives.org/OAI/2.0/oai_dc.xsd">
  <dc:identifier>http://www.wikidata.org/entity/Q39085737</dc:identifier>
  <dc:identifier>doi:10.1002/1878-0261.12019</dc:identifier>
  <dc:title>Modes of invasion during tumour dissemination</dc:title>
  <dc:creator>Pandya, Pahini</dc:creator>
  <dc:creator>Pandya, Pahini</dc:creator>
  <dc:creator>Orgaz, Jose L</dc:creator>
  <dc:creator>Orgaz, Jose L</dc:creator>
  <dc:creator>Sanz-Moreno, Victoria</dc:creator>
  <dc:creator>Sanz-Moreno, Victoria</dc:creator>
  <dc:type>journal article</dc:type>
  <dc:date>2016-12-09</dc:date>
  <dc:subject>neoplasm</dc:subject>
  <dc:subject>cell motility</dc:subject>
  <dc:subject>neoplasm invasiveness</dc:subject>
  <dc:description>Cancer cell migration and invasion underlie metastatic dissemination, one of the major problems in cancer. Tumour cells exhibit a striking variety of invasion strategies. Importantly, cancer cells can switch between invasion modes in order to cope with challenging environments. This ability to switch migratory modes or plasticity highlights the challenges behind antimetastasis therapy design. In this Review, we present current knowledge on different tumour invasion strategies, the determinants controlling plasticity and arising therapeutic opportunities. We propose that targeting master regulators controlling plasticity is needed to hinder tumour dissemination and metastasis.</dc:description>
</oai_dc:dc>