<?xml version="1.0" encoding="UTF-8" standalone="yes"?>
<oai_dc:dc xmlns:dc="http://purl.org/dc/elements/1.1/" xmlns:oai_dc="http://www.openarchives.org/OAI/2.0/oai_dc/" xmlns:xsi="http://www.w3.org/2001/XMLSchema-instance" xsi:schemaLocation="http://www.openarchives.org/OAI/2.0/oai_dc/ http://www.openarchives.org/OAI/2.0/oai_dc.xsd">
  <dc:identifier>http://www.wikidata.org/entity/Q34526156</dc:identifier>
  <dc:identifier>doi:10.7717/PEERJ.1975</dc:identifier>
  <dc:title>Behavioral flexibility and problem solving in an invasive bird</dc:title>
  <dc:creator>Logan, Corina J</dc:creator>
  <dc:creator>Logan, Corina J</dc:creator>
  <dc:type>journal article</dc:type>
  <dc:date>2016-05-03</dc:date>
  <dc:language>en</dc:language>
  <dc:subject>problem solving</dc:subject>
  <dc:subject>invasive bird</dc:subject>
  <dc:description>Behavioral flexibility is considered an important trait for adapting to environmental change, but it is unclear what it is, how it works, and whether it is a problem solving ability. I investigated behavioral flexibility and problem solving experimentally in great-tailed grackles, an invasive bird species and thus a likely candidate for possessing behavioral flexibility. Grackles demonstrated behavioral flexibility in two contexts, the Aesop's Fable paradigm and a color association test. Contrary to predictions, behavioral flexibility did not correlate across contexts. Four out of 6 grackles exhibited efficient problem solving abilities, but problem solving efficiency did not appear to be directly linked with behavioral flexibility. Problem solving speed also did not significantly correlate with reversal learning scores, indicating that faster learners were not the most flexible. These results reveal how little we know about behavioral flexibility, and provide an immense opportunity for future research to explore how individuals and species can use behavior to react to changing environments.</dc:description>
</oai_dc:dc>