<?xml version="1.0" encoding="UTF-8" standalone="yes"?>
<oai_dc:dc xmlns:dc="http://purl.org/dc/elements/1.1/" xmlns:oai_dc="http://www.openarchives.org/OAI/2.0/oai_dc/" xmlns:xsi="http://www.w3.org/2001/XMLSchema-instance" xsi:schemaLocation="http://www.openarchives.org/OAI/2.0/oai_dc/ http://www.openarchives.org/OAI/2.0/oai_dc.xsd">
  <dc:identifier>http://www.wikidata.org/entity/Q54938102</dc:identifier>
  <dc:identifier>https://www.ncbi.nlm.nih.gov/pmc/articles/PMC5959955</dc:identifier>
  <dc:identifier>doi:10.1007/S10530-017-1634-7</dc:identifier>
  <dc:title>Historical ecology of a biological invasion: the interplay of eutrophication and pollution determines time lags in establishment and detection</dc:title>
  <dc:creator>Albano, Paolo G.</dc:creator>
  <dc:creator>Gallmetzer, Ivo</dc:creator>
  <dc:creator>Haselmair, Alexandra</dc:creator>
  <dc:creator>Tomasovych, Adam</dc:creator>
  <dc:creator>Stachowitsch, Michael</dc:creator>
  <dc:creator>Zuschin, Martin</dc:creator>
  <dc:type>journal article</dc:type>
  <dc:date>2017-11-24</dc:date>
  <dc:language>en</dc:language>
  <dc:subject>eutrophication</dc:subject>
  <dc:subject>biological invasion</dc:subject>
  <dc:subject>invasion biology</dc:subject>
  <dc:description>Human disturbance modifies selection regimes, depressing native species fitness and enabling the establishment of non-indigenous species with suitable traits. A major impediment to test the effect of disturbance on invasion success is the lack of long-term data on the history of invasions. Here, we overcome this problem and reconstruct the effect of disturbance on the invasion of the bivalve &lt;i&gt;Anadara transversa&lt;/i&gt; from sediment cores in the Adriatic Sea. We show that (1) the onset of major eutrophication in the 1970s shifted communities towards species tolerating hypoxia, and (2) &lt;i&gt;A. transversa&lt;/i&gt; was introduced in the 1970s but failed to reach reproductive size until the late 1990s because of metal contamination, resulting in an establishment and detection lag of ~25 years. Subfossil assemblages enabled us to (1) disentangle the distinct stages of invasion, (2) quantify time-lags and (3) finely reconstruct the interaction between environmental factors and the invasion process, showing that while disturbance does promote invasions, a synergism of multiple disturbances can shift selection regimes beyond tolerance limits and induce significant time lags in establishment. The quantification of these time lags enabled us to reject the hypothesis that aquaculture was an initial vector of introduction, making shipping the most probable source.</dc:description>
</oai_dc:dc>