<?xml version="1.0" encoding="UTF-8" standalone="yes"?>
<oai_dc:dc xmlns:dc="http://purl.org/dc/elements/1.1/" xmlns:oai_dc="http://www.openarchives.org/OAI/2.0/oai_dc/" xmlns:xsi="http://www.w3.org/2001/XMLSchema-instance" xsi:schemaLocation="http://www.openarchives.org/OAI/2.0/oai_dc/ http://www.openarchives.org/OAI/2.0/oai_dc.xsd">
  <dc:identifier>http://www.wikidata.org/entity/Q51148981</dc:identifier>
  <dc:identifier>doi:10.1111/MEC.14557</dc:identifier>
  <dc:title>Standing genetic diversity and selection at functional gene loci are associated with differential invasion success in two non-native fish species.</dc:title>
  <dc:creator>Wellband, Kyle W</dc:creator>
  <dc:creator>Pettitt-Wade, Harri</dc:creator>
  <dc:creator>Fisk, Aaron T</dc:creator>
  <dc:creator>Heath, Daniel D</dc:creator>
  <dc:type>journal article</dc:type>
  <dc:date>2018-03-24</dc:date>
  <dc:language>en</dc:language>
  <dc:rights>http://doi.wiley.com/10.1002/tdm_license_1.1</dc:rights>
  <dc:subject>invasion biology</dc:subject>
  <dc:subject>invasive species</dc:subject>
  <dc:subject>invasion success</dc:subject>
  <dc:subject>aquatic invasion</dc:subject>
  <dc:subject>invasion genetics</dc:subject>
  <dc:subject>genetic diversity</dc:subject>
  <dc:publisher>Wiley</dc:publisher>
  <dc:description>Invasive species are expected to experience a unique combination of high genetic drift due to demographic factors while also experiencing strong selective pressures. The paradigm that reduced genetic diversity should limit the evolutionary potential of invasive species, and thus, their potential for range expansion has received little empirical support, possibly due to the choice of genetic markers. Our goal was to test for effects of genetic drift and selection at functional genetic markers as they relate to the invasion success of two paired invasive goby species, one widespread (successful) and one with limited range expansion (less successful). We genotyped fish using two marker types: single nucleotide polymorphisms (SNPs) in known-function, protein-coding genes and microsatellites to contrast the effects of neutral genetic processes. We identified reduced allelic variation in the invaded range for the less successful tubenose goby. SNPs putatively under selection were responsible for the observed differences in population structure between marker types for round goby (successful) but not tubenose goby (less successful). A higher proportion of functional loci experienced divergent selection for round goby, suggesting increased evolutionary potential in invaded ranges may be associated with round goby's greater invasion success. Genes involved in thermal tolerance were divergent for round goby populations but not tubenose goby, consistent with the hypothesis that invasion success for fish in temperate regions is influenced by capacity for thermal tolerance. Our results highlight the need to incorporate functional genetic markers in studies to better assess evolutionary potential for the improved conservation and management of species.</dc:description>
</oai_dc:dc>