<?xml version="1.0" encoding="UTF-8" standalone="yes"?>
<oai_dc:dc xmlns:dc="http://purl.org/dc/elements/1.1/" xmlns:oai_dc="http://www.openarchives.org/OAI/2.0/oai_dc/" xmlns:xsi="http://www.w3.org/2001/XMLSchema-instance" xsi:schemaLocation="http://www.openarchives.org/OAI/2.0/oai_dc/ http://www.openarchives.org/OAI/2.0/oai_dc.xsd">
  <dc:identifier>http://www.wikidata.org/entity/Q34586806</dc:identifier>
  <dc:identifier>https://www.ncbi.nlm.nih.gov/pmc/articles/PMC3568039</dc:identifier>
  <dc:identifier>doi:10.1371/JOURNAL.PONE.0056281</dc:identifier>
  <dc:title>Propagule pressure and climate contribute to the displacement of Linepithema humile by Pachycondyla chinensis</dc:title>
  <dc:creator>Rice, Eleanor Spicer</dc:creator>
  <dc:creator>Silverman, Jules</dc:creator>
  <dc:type>journal article</dc:type>
  <dc:date>2013-02-08</dc:date>
  <dc:language>en</dc:language>
  <dc:subject>propagule pressure</dc:subject>
  <dc:subject>Linepithema humile</dc:subject>
  <dc:description>Identifying mechanisms governing the establishment and spread of invasive species is a fundamental challenge in invasion biology. Because species invasions are frequently observed only after the species presents an environmental threat, research identifying the contributing agents to dispersal and subsequent spread are confined to retrograde observations. Here, we use a combination of seasonal surveys and experimental approaches to test the relative importance of behavioral and abiotic factors in determining the local co-occurrence of two invasive ant species, the established Argentine ant (Linepithema humile Mayr) and the newly invasive Asian needle ant (Pachycondyla chinensis Emery). We show that the broader climatic envelope of P. chinensis enables it to establish earlier in the year than L. humile. We also demonstrate that increased P. chinensis propagule pressure during periods of L. humile scarcity contributes to successful P. chinensis early season establishment. Furthermore, we show that, although L. humile is the numerically superior and behaviorally dominant species at baits, P. chinensis is currently displacing L. humile across the invaded landscape. By identifying the features promoting the displacement of one invasive ant by another we can better understand both early determinants in the invasion process and factors limiting colony expansion and survival.</dc:description>
</oai_dc:dc>