<?xml version="1.0" encoding="UTF-8" standalone="yes"?>
<oai_dc:dc xmlns:dc="http://purl.org/dc/elements/1.1/" xmlns:oai_dc="http://www.openarchives.org/OAI/2.0/oai_dc/" xmlns:xsi="http://www.w3.org/2001/XMLSchema-instance" xsi:schemaLocation="http://www.openarchives.org/OAI/2.0/oai_dc/ http://www.openarchives.org/OAI/2.0/oai_dc.xsd">
  <dc:identifier>http://www.wikidata.org/entity/Q111148432</dc:identifier>
  <dc:identifier>doi:10.3390/W13152053</dc:identifier>
  <dc:title>Variation in Diet Patterns of the Invasive Top Predator Sander lucioperca (Linnaeus, 1758) across Portuguese Basins</dc:title>
  <dc:creator>Ribeiro, Diogo</dc:creator>
  <dc:creator>Gkenas, Christos</dc:creator>
  <dc:creator>Gago, João</dc:creator>
  <dc:creator>Ribeiro, Filipe</dc:creator>
  <dc:type>journal article</dc:type>
  <dc:date>2021-07-29</dc:date>
  <dc:language>en</dc:language>
  <dc:subject>Zander</dc:subject>
  <dc:subject>invasive species</dc:subject>
  <dc:subject>apex predator</dc:subject>
</oai_dc:dc>