<?xml version="1.0" encoding="UTF-8" standalone="yes"?>
<oai_dc:dc xmlns:dc="http://purl.org/dc/elements/1.1/" xmlns:oai_dc="http://www.openarchives.org/OAI/2.0/oai_dc/" xmlns:xsi="http://www.w3.org/2001/XMLSchema-instance" xsi:schemaLocation="http://www.openarchives.org/OAI/2.0/oai_dc/ http://www.openarchives.org/OAI/2.0/oai_dc.xsd">
  <dc:identifier>http://www.wikidata.org/entity/Q114750428</dc:identifier>
  <dc:identifier>doi:10.3389/FEVO.2021.703935</dc:identifier>
  <dc:title>Space and Species Interactions in Welfare Estimates for Invasive Species Policy</dc:title>
  <dc:creator>Brockmann, Stephanie</dc:creator>
  <dc:creator>Zhang, Hongyan</dc:creator>
  <dc:creator>Mason, Doran M.</dc:creator>
  <dc:creator>Rutherford, Edward S.</dc:creator>
  <dc:type>journal article</dc:type>
  <dc:date>2021-11-16</dc:date>
  <dc:subject>invasive species</dc:subject>
</oai_dc:dc>