<?xml version="1.0" encoding="UTF-8" standalone="yes"?>
<oai_dc:dc xmlns:dc="http://purl.org/dc/elements/1.1/" xmlns:oai_dc="http://www.openarchives.org/OAI/2.0/oai_dc/" xmlns:xsi="http://www.w3.org/2001/XMLSchema-instance" xsi:schemaLocation="http://www.openarchives.org/OAI/2.0/oai_dc/ http://www.openarchives.org/OAI/2.0/oai_dc.xsd">
  <dc:identifier>http://www.wikidata.org/entity/Q56491794</dc:identifier>
  <dc:identifier>doi:10.1111/AVSC.12015</dc:identifier>
  <dc:title>Pre-fire fuel reduction treatments influence plant communities and exotic species 9 years after a large wildfire</dc:title>
  <dc:creator>Shive, Kristen L.</dc:creator>
  <dc:creator>Kuenzi, Amanda M.</dc:creator>
  <dc:creator>Sieg, Carolyn H.</dc:creator>
  <dc:creator>Fulé, Peter Z.</dc:creator>
  <dc:type>journal article</dc:type>
  <dc:date>2013-01-25</dc:date>
  <dc:language>en</dc:language>
  <dc:rights>http://doi.wiley.com/10.1002/tdm_license_1.1</dc:rights>
  <dc:subject>hypothesis:disturbance hypothesis</dc:subject>
  <dc:subject>hypothesis:wikidata.org/entity/Q115794757</dc:subject>
  <dc:subject>wildfire</dc:subject>
  <dc:publisher>Wiley</dc:publisher>
</oai_dc:dc>