<?xml version="1.0" encoding="UTF-8" standalone="yes"?>
<oai_dc:dc xmlns:dc="http://purl.org/dc/elements/1.1/" xmlns:oai_dc="http://www.openarchives.org/OAI/2.0/oai_dc/" xmlns:xsi="http://www.w3.org/2001/XMLSchema-instance" xsi:schemaLocation="http://www.openarchives.org/OAI/2.0/oai_dc/ http://www.openarchives.org/OAI/2.0/oai_dc.xsd">
  <dc:identifier>http://www.wikidata.org/entity/Q111159013</dc:identifier>
  <dc:identifier>doi:10.1007/S10530-016-1289-9</dc:identifier>
  <dc:title>Invasive plant management creates ecological traps for snakes</dc:title>
  <dc:creator>Carter, Evin T.</dc:creator>
  <dc:creator>Ravesi, Michael J.</dc:creator>
  <dc:creator>Eads, Bryan C.</dc:creator>
  <dc:creator>Kingsbury, Bruce A.</dc:creator>
  <dc:type>journal article</dc:type>
  <dc:date>2016-10-03</dc:date>
  <dc:subject>ecological trap</dc:subject>
  <dc:subject>invasive plant</dc:subject>
  <dc:subject>invasion management</dc:subject>
  <dc:subject>invasion biology</dc:subject>
</oai_dc:dc>