<?xml version="1.0" encoding="UTF-8" standalone="yes"?>
<oai_dc:dc xmlns:dc="http://purl.org/dc/elements/1.1/" xmlns:oai_dc="http://www.openarchives.org/OAI/2.0/oai_dc/" xmlns:xsi="http://www.w3.org/2001/XMLSchema-instance" xsi:schemaLocation="http://www.openarchives.org/OAI/2.0/oai_dc/ http://www.openarchives.org/OAI/2.0/oai_dc.xsd">
  <dc:identifier>http://www.wikidata.org/entity/Q106687363</dc:identifier>
  <dc:identifier>doi:10.3897/NEOBIOTA.43.30122</dc:identifier>
  <dc:title>Assessing the environmental impacts of invasive alien plants: a review of assessment approaches</dc:title>
  <dc:creator>Bartz, Robert</dc:creator>
  <dc:creator>Kowarik, Ingo</dc:creator>
  <dc:type>journal article</dc:type>
  <dc:date>2019-03-15</dc:date>
  <dc:language>en</dc:language>
  <dc:subject>aquatic science</dc:subject>
  <dc:subject>invasive species</dc:subject>
  <dc:subject>invasion impact</dc:subject>
</oai_dc:dc>