<?xml version="1.0" encoding="UTF-8" standalone="yes"?>
<oai_dc:dc xmlns:dc="http://purl.org/dc/elements/1.1/" xmlns:oai_dc="http://www.openarchives.org/OAI/2.0/oai_dc/" xmlns:xsi="http://www.w3.org/2001/XMLSchema-instance" xsi:schemaLocation="http://www.openarchives.org/OAI/2.0/oai_dc/ http://www.openarchives.org/OAI/2.0/oai_dc.xsd">
  <dc:identifier>http://www.wikidata.org/entity/Q48123333</dc:identifier>
  <dc:identifier>doi:10.1371/JOURNAL.PONE.0192249</dc:identifier>
  <dc:title>The invasive Red-vented bulbul (Pycnonotus cafer) outcompetes native birds in a tropical biodiversity hotspot.</dc:title>
  <dc:creator>Thibault, Martin</dc:creator>
  <dc:creator>Vidal, Eric</dc:creator>
  <dc:creator>Potter, Murray Alan</dc:creator>
  <dc:creator>Sanchez, Thierry</dc:creator>
  <dc:creator>Brescia, Fabrice</dc:creator>
  <dc:type>journal article</dc:type>
  <dc:date>2018-02-01</dc:date>
  <dc:language>en</dc:language>
  <dc:subject>Red-vented Bulbul</dc:subject>
  <dc:subject>biodiversity hotspot</dc:subject>
  <dc:subject>biodiversity</dc:subject>
  <dc:subject>invasive species</dc:subject>
  <dc:description>Invasive alien species are a major cause of biodiversity loss globally, but especially on islands where high species richness and levels of endemism accentuate their impacts. The Red vented bulbul (Pycnonotus cafer), a tropical passerine bird that has been introduced widely across locations of high conservation value, is considered an extreme pest. It is currently expanding its range in New Caledonia, one of the world's biodiversity hotspots. Decisive recommendations on management strategies are required urgently to inform local managers and policy makers, but they should be based on quantitative local evidence, not just on expert opinion. The Red-vented bulbul is widely blamed for its impacts on biodiversity, especially through competition. We used data from 2,472 point counts to explore the abundance relationships between the Red-vented bulbul and 14 other species of bird. Our results revealed a negative relationship between the occurrence of the bulbul and the mean abundance of nine species, all native (or endemic, n = 3) to the New Caledonia archipelago. In contrast, the abundance of other introduced species such as Acridotheres tristis (Common myna), Passer domesticus (House sparrow) and Spilopelia chinensis (Spotted dove) were not affected by the Red-vented bulbul. Moreover, temporal trends in the abundance of impacted species suggest that the Red-vented bulbul may cause niche contractions rather than mortality for native species in man-modified habitats. Monitoring and control of the Red-vented bulbul is recommended to prevent on-going impacts on native bird communities throughout New Caledonia, and its impact on native bird communities elsewhere should be quantified.</dc:description>
</oai_dc:dc>