<?xml version="1.0" encoding="UTF-8" standalone="yes"?>
<oai_dc:dc xmlns:dc="http://purl.org/dc/elements/1.1/" xmlns:oai_dc="http://www.openarchives.org/OAI/2.0/oai_dc/" xmlns:xsi="http://www.w3.org/2001/XMLSchema-instance" xsi:schemaLocation="http://www.openarchives.org/OAI/2.0/oai_dc/ http://www.openarchives.org/OAI/2.0/oai_dc.xsd">
  <dc:identifier>http://www.wikidata.org/entity/Q56781949</dc:identifier>
  <dc:identifier>doi:10.1071/WF05074</dc:identifier>
  <dc:title>Establishment of non-native plant species after wildfires: effects of fuel treatments, abiotic and biotic factors, and post-fire grass seeding treatments</dc:title>
  <dc:creator>Hunter, Molly E.</dc:creator>
  <dc:creator>Omi, Philip N.</dc:creator>
  <dc:creator>Martinson, Erik J.</dc:creator>
  <dc:creator>Chong, Geneva W.</dc:creator>
  <dc:type>journal article</dc:type>
  <dc:date>2006</dc:date>
  <dc:language>en</dc:language>
  <dc:subject>hypothesis:propagule pressure hypothesis</dc:subject>
  <dc:subject>hypothesis:wikidata.org/entity/Q110620464</dc:subject>
  <dc:subject>hypothesis:disturbance hypothesis</dc:subject>
  <dc:subject>hypothesis:wikidata.org/entity/Q115794757</dc:subject>
  <dc:subject>wildfire</dc:subject>
</oai_dc:dc>