<?xml version="1.0" encoding="UTF-8" standalone="yes"?>
<oai_dc:dc xmlns:dc="http://purl.org/dc/elements/1.1/" xmlns:oai_dc="http://www.openarchives.org/OAI/2.0/oai_dc/" xmlns:xsi="http://www.w3.org/2001/XMLSchema-instance" xsi:schemaLocation="http://www.openarchives.org/OAI/2.0/oai_dc/ http://www.openarchives.org/OAI/2.0/oai_dc.xsd">
  <dc:identifier>http://www.wikidata.org/entity/Q110829436</dc:identifier>
  <dc:identifier>doi:10.1007/S10530-019-01947-5</dc:identifier>
  <dc:title>All change at the water’s edge: invasion by non-native riparian plants negatively impacts terrestrial invertebrates</dc:title>
  <dc:creator>Seeney, Alex</dc:creator>
  <dc:creator>Eastwood, Sophie</dc:creator>
  <dc:creator>Pattison, Zarah</dc:creator>
  <dc:creator>Willby, Nigel J.</dc:creator>
  <dc:creator>Bull, Colin D.</dc:creator>
  <dc:type>journal article</dc:type>
  <dc:date>2019-02-26</dc:date>
  <dc:language>en</dc:language>
  <dc:subject>terrestrial invasion</dc:subject>
  <dc:subject>aquatic invasion</dc:subject>
  <dc:subject>invasion impact</dc:subject>
</oai_dc:dc>