<?xml version="1.0" encoding="UTF-8" standalone="yes"?>
<oai_dc:dc xmlns:dc="http://purl.org/dc/elements/1.1/" xmlns:oai_dc="http://www.openarchives.org/OAI/2.0/oai_dc/" xmlns:xsi="http://www.w3.org/2001/XMLSchema-instance" xsi:schemaLocation="http://www.openarchives.org/OAI/2.0/oai_dc/ http://www.openarchives.org/OAI/2.0/oai_dc.xsd">
  <dc:identifier>http://www.wikidata.org/entity/Q110829275</dc:identifier>
  <dc:identifier>doi:10.1016/J.SCITOTENV.2021.145188</dc:identifier>
  <dc:title>Impacts of Spartina alterniflora invasion on soil carbon contents and stability in the Yellow River Delta, China</dc:title>
  <dc:creator>Xuehui, Zhang</dc:creator>
  <dc:creator>Zhongsheng, Zhang</dc:creator>
  <dc:creator>Zhe, Li</dc:creator>
  <dc:creator>Min, Li</dc:creator>
  <dc:creator>Haitao, Wu</dc:creator>
  <dc:creator>Ming, Jiang</dc:creator>
  <dc:type>journal article</dc:type>
  <dc:date>2021-06</dc:date>
  <dc:language>en</dc:language>
  <dc:rights>https://www.elsevier.com/tdm/userlicense/1.0/</dc:rights>
  <dc:subject>Spartina alterniflora</dc:subject>
  <dc:subject>aquatic invasion</dc:subject>
  <dc:subject>invasion impact</dc:subject>
  <dc:publisher>Elsevier BV</dc:publisher>
</oai_dc:dc>