<?xml version="1.0" encoding="UTF-8" standalone="yes"?>
<oai_dc:dc xmlns:dc="http://purl.org/dc/elements/1.1/" xmlns:oai_dc="http://www.openarchives.org/OAI/2.0/oai_dc/" xmlns:xsi="http://www.w3.org/2001/XMLSchema-instance" xsi:schemaLocation="http://www.openarchives.org/OAI/2.0/oai_dc/ http://www.openarchives.org/OAI/2.0/oai_dc.xsd">
  <dc:identifier>http://www.wikidata.org/entity/Q21562333</dc:identifier>
  <dc:identifier>https://www.ncbi.nlm.nih.gov/pmc/articles/PMC4161343</dc:identifier>
  <dc:identifier>doi:10.1371/JOURNAL.PNTD.0003115</dc:identifier>
  <dc:title>Stability of the wMel Wolbachia Infection following invasion into Aedes aegypti populations</dc:title>
  <dc:creator>Hoffmann, Ary A</dc:creator>
  <dc:creator>Hoffmann, Ary A.</dc:creator>
  <dc:creator>Iturbe-Ormaetxe, Inaki</dc:creator>
  <dc:creator>Callahan, Ashley G</dc:creator>
  <dc:creator>Callahan, Ashley G.</dc:creator>
  <dc:creator>Phillips, Ben L</dc:creator>
  <dc:creator>Phillips, Ben L.</dc:creator>
  <dc:creator>Billington, Katrina</dc:creator>
  <dc:creator>Axford, Jason K</dc:creator>
  <dc:creator>Axford, Jason K.</dc:creator>
  <dc:creator>Montgomery, Brian</dc:creator>
  <dc:creator>Turley, Andrew P</dc:creator>
  <dc:creator>Turley, Andrew P.</dc:creator>
  <dc:creator>O'Neill, Scott L</dc:creator>
  <dc:type>journal article</dc:type>
  <dc:date>2014-09</dc:date>
  <dc:language>en</dc:language>
  <dc:subject>Aedes aegypti</dc:subject>
  <dc:subject>Wolbachia</dc:subject>
  <dc:subject>invasive species</dc:subject>
  <dc:description>The wMel infection of Drosophila melanogaster was successfully transferred into Aedes aegypti mosquitoes where it has the potential to suppress dengue and other arboviruses. The infection was subsequently spread into two natural populations at Yorkeys Knob and Gordonvale near Cairns, Queensland in 2011. Here we report on the stability of the infection following introduction and we characterize factors influencing the ongoing dynamics of the infection in these two populations. While the Wolbachia infection always remained high and near fixation in both locations, there was a persistent low frequency of uninfected mosquitoes. These uninfected mosquitoes showed weak spatial structure at both release sites although there was some clustering around two areas in Gordonvale. Infected females from both locations showed perfect maternal transmission consistent with patterns previously established pre-release in laboratory tests. After &gt;2 years under field conditions, the infection continued to show complete cytoplasmic incompatibility across multiple gonotrophic cycles but persistent deleterious fitness effects, suggesting that host effects were stable over time. These results point to the stability of Wolbachia infections and their impact on hosts following local invasion, and also highlight the continued persistence of uninfected individuals at a low frequency most likely due to immigration.</dc:description>
</oai_dc:dc>