<?xml version="1.0" encoding="UTF-8" standalone="yes"?>
<oai_dc:dc xmlns:dc="http://purl.org/dc/elements/1.1/" xmlns:oai_dc="http://www.openarchives.org/OAI/2.0/oai_dc/" xmlns:xsi="http://www.w3.org/2001/XMLSchema-instance" xsi:schemaLocation="http://www.openarchives.org/OAI/2.0/oai_dc/ http://www.openarchives.org/OAI/2.0/oai_dc.xsd">
  <dc:identifier>http://www.wikidata.org/entity/Q21560753</dc:identifier>
  <dc:identifier>https://www.ncbi.nlm.nih.gov/pmc/articles/PMC3478289</dc:identifier>
  <dc:identifier>doi:10.1371/JOURNAL.PONE.0047620</dc:identifier>
  <dc:title>Latitudinal patterns in phenotypic plasticity and fitness-related traits: assessing the climatic variability hypothesis (CVH) with an invasive plant species</dc:title>
  <dc:creator>Molina-Montenegro, Marco A</dc:creator>
  <dc:creator>Naya, Daniel E</dc:creator>
  <dc:type>journal article</dc:type>
  <dc:date>2012</dc:date>
  <dc:language>en</dc:language>
  <dc:subject>invasion biology</dc:subject>
  <dc:subject>invasive species</dc:subject>
  <dc:subject>phenotypic plasticity</dc:subject>
  <dc:subject>invasive plant</dc:subject>
  <dc:subject>invasive trait</dc:subject>
  <dc:description>Phenotypic plasticity has been suggested as the main mechanism for species persistence under a global change scenario, and also as one of the main mechanisms that alien species use to tolerate and invade broad geographic areas. However, contrasting with this central role of phenotypic plasticity, standard models aimed to predict the effect of climatic change on species distributions do not allow for the inclusion of differences in plastic responses among populations. In this context, the climatic variability hypothesis (CVH), which states that higher thermal variability at higher latitudes should determine an increase in phenotypic plasticity with latitude, could be considered a timely and promising hypothesis. Accordingly, in this study we evaluated, for the first time in a plant species (Taraxacum officinale), the prediction of the CVH. Specifically, we measured plastic responses at different environmental temperatures (5 and 20°C), in several ecophysiological and fitness-related traits for five populations distributed along a broad latitudinal gradient. Overall, phenotypic plasticity increased with latitude for all six traits analyzed, and mean trait values increased with latitude at both experimental temperatures, the change was noticeably greater at 20° than at 5°C. Our results suggest that the positive relationship found between phenotypic plasticity and geographic latitude could have very deep implications on future species persistence and invasion processes under a scenario of climate change.</dc:description>
</oai_dc:dc>