<?xml version="1.0" encoding="UTF-8" standalone="yes"?>
<oai_dc:dc xmlns:dc="http://purl.org/dc/elements/1.1/" xmlns:oai_dc="http://www.openarchives.org/OAI/2.0/oai_dc/" xmlns:xsi="http://www.w3.org/2001/XMLSchema-instance" xsi:schemaLocation="http://www.openarchives.org/OAI/2.0/oai_dc/ http://www.openarchives.org/OAI/2.0/oai_dc.xsd">
  <dc:identifier>http://www.wikidata.org/entity/Q106561102</dc:identifier>
  <dc:identifier>https://www.biotaxa.org/RSEA/article/download/60867/60529</dc:identifier>
  <dc:identifier>doi:10.25085/RSEA.790104</dc:identifier>
  <dc:title>Occurrence of invasive species and seasonal dynamics of fruit flies (Diptera: Drosophilidae) species in Uşak province, Turkey</dc:title>
  <dc:creator>Zengin, Erdal</dc:creator>
  <dc:type>journal article</dc:type>
  <dc:date>2020-03-31</dc:date>
  <dc:language>en</dc:language>
  <dc:subject>invasive species</dc:subject>
  <dc:subject>Diptera</dc:subject>
  <dc:subject>Drosophilidae</dc:subject>
</oai_dc:dc>