<?xml version="1.0" encoding="UTF-8" standalone="yes"?>
<oai_dc:dc xmlns:dc="http://purl.org/dc/elements/1.1/" xmlns:oai_dc="http://www.openarchives.org/OAI/2.0/oai_dc/" xmlns:xsi="http://www.w3.org/2001/XMLSchema-instance" xsi:schemaLocation="http://www.openarchives.org/OAI/2.0/oai_dc/ http://www.openarchives.org/OAI/2.0/oai_dc.xsd">
  <dc:identifier>http://www.wikidata.org/entity/Q36163007</dc:identifier>
  <dc:identifier>doi:10.1590/0001-3765201620150575</dc:identifier>
  <dc:title>Ecological impacts of non-native tree species plantations are broad and heterogeneous: a review of Brazilian research</dc:title>
  <dc:creator>O Valduga, Marcos</dc:creator>
  <dc:creator>Zenni, Rafael D</dc:creator>
  <dc:creator>Vitule, Jean R S</dc:creator>
  <dc:type>journal article</dc:type>
  <dc:date>2016-10-10</dc:date>
  <dc:language>en</dc:language>
  <dc:subject>invasion impact</dc:subject>
  <dc:publisher>FapUNIFESP (SciELO)</dc:publisher>
  <dc:description>&lt;jats:p&gt;RESUMO Plantações de árvores não nativas representam 7% das florestas do mundo e 1,24% da vegetação brasileira. Essas áreas plantadas devem aumentar no futuro próximo; assim, é importante sistematizar o conhecimento existente sobre os efeitos ecológicos das plantações para auxiliar o manejo florestal e a conservação da biodiversidade. Aqui, realizamos uma revisão sistemática da literatura ecológica associada com espécies plantadas de Pinus e de Eucalyptus no Brasil. Nós comparamos as métricas de publicação com: a distribuição geográfica das espécies, os tipos de ecossistemas, os biomas, os taxa, e os impactos ecológicos. Encontramos 152 publicações entre 1992 e 2012. O número de publicações está positivamente correlacionada com a área plantada, número de plantações com certificação florestal, número de investigadores existente, e riqueza de reinos estudados. A maioria dos estudos foram em ecossistemas terrestres (92,1%), no bioma Mata Atlântica (55,3%), e no reino Animalia (68,2%). A maioria dos impactos das plantações de árvores não nativas foram negativas (55,9%), seguido pelo positivo (27%) e mista (17,1%). Impactos negativos foram declínios na riqueza e abundância de espécies, diversidade no banco de sementes e regeneração natural. Impactos positivos foram o aumento ou manutenção da diversidade banco de sementes e regeneração natural. Impactos mistos foram os aumentos na abundância de pragas de plantação de árvores nativas. Tomados em conjunto, nossos resultados sugerem que o manejo florestal pode ajudar a manter a biodiversidade se considerar as condições ambientais anteriores e integrar plantações com habitats nativos adjacentes.&lt;/jats:p&gt;</dc:description>
</oai_dc:dc>