<?xml version="1.0" encoding="UTF-8" standalone="yes"?>
<oai_dc:dc xmlns:dc="http://purl.org/dc/elements/1.1/" xmlns:oai_dc="http://www.openarchives.org/OAI/2.0/oai_dc/" xmlns:xsi="http://www.w3.org/2001/XMLSchema-instance" xsi:schemaLocation="http://www.openarchives.org/OAI/2.0/oai_dc/ http://www.openarchives.org/OAI/2.0/oai_dc.xsd">
  <dc:identifier>http://www.wikidata.org/entity/Q107461716</dc:identifier>
  <dc:identifier>doi:10.3897/NEOBIOTA.52.38113</dc:identifier>
  <dc:title>Horizon scanning to identify invasion risk of ornamental plants marketed in Spain</dc:title>
  <dc:creator>Bayón, Álvaro</dc:creator>
  <dc:creator>Vilà, Montserrat</dc:creator>
  <dc:type>journal article</dc:type>
  <dc:date>2019-11-11</dc:date>
  <dc:subject>aquatic science</dc:subject>
  <dc:subject>ecological invasion risk</dc:subject>
</oai_dc:dc>