<?xml version="1.0" encoding="UTF-8" standalone="yes"?>
<oai_dc:dc xmlns:dc="http://purl.org/dc/elements/1.1/" xmlns:oai_dc="http://www.openarchives.org/OAI/2.0/oai_dc/" xmlns:xsi="http://www.w3.org/2001/XMLSchema-instance" xsi:schemaLocation="http://www.openarchives.org/OAI/2.0/oai_dc/ http://www.openarchives.org/OAI/2.0/oai_dc.xsd">
  <dc:identifier>http://www.wikidata.org/entity/Q92344397</dc:identifier>
  <dc:identifier>https://www.ncbi.nlm.nih.gov/pmc/articles/PMC6696439</dc:identifier>
  <dc:identifier>doi:10.3390/MOLECULES24152793</dc:identifier>
  <dc:title>Phytotoxic Activity and Structure-Activity Relationships of Radicinin Derivatives against the Invasive Weed Buffelgrass (Cenchrus ciliaris)</dc:title>
  <dc:creator>Masi, Marco</dc:creator>
  <dc:creator>Freda, Fabrizio</dc:creator>
  <dc:creator>Clement, Suzette</dc:creator>
  <dc:creator>Cimmino, Alessio</dc:creator>
  <dc:creator>Cristofaro, Massimo</dc:creator>
  <dc:creator>Meyer, Susan</dc:creator>
  <dc:creator>Evidente, Antonio</dc:creator>
  <dc:type>journal article</dc:type>
  <dc:date>2019-07-31</dc:date>
  <dc:language>en</dc:language>
  <dc:subject>invasive weed</dc:subject>
  <dc:subject>Cenchrus ciliaris</dc:subject>
  <dc:subject>invasive species</dc:subject>
  <dc:description>Radicinin (1), is a fungal dihydropyranopyran-4,5-dione isolated together with some analogues, namely 3-epi-radicinin, radicinol, 3-epi-radicinol, and cochliotoxin (2-5), from the culture filtrates of the fungus Cochliobolus australiensis, a foliar pathogen of buffelgrass (Cenchrus ciliaris), an invasive weed in North America. Among the different metabolites 1 showed target-specific activity against the host plant and no toxicity on zebrafish embryos, promoting its potential use to develop a natural bioherbicide formulation to manage buffelgrass. These data and the peculiar structural feature of 1 suggested to carry out a structure-activity relationship study, preparing some key hemisynthetic derivatives and to test their phytotoxicity. In particular, p-bromobenzoyl, 5-azidopentanoyl, stearoyl, mesyl and acetyl esters of radicinin were semisynthesized as well as the monoacetyl ester of 3-epi-radicinin, the diacetyl esters of radicinol and its 3 epimer, and two hexa-hydro derivatives of radicinin. The spectroscopic characterization and the activity by leaf puncture bioassay against buffelgrass of all the derivatives is reported. Most of the compounds showed phytotoxicity but none of them had comparable or higher activity than radicinin. Thus, the presence of an α,β unsaturated carbonyl group at C-4, as well as, the presence of a free secondary hydroxyl group at C-3 and the stereochemistry of the same carbon proved to be the essential feature for activity.</dc:description>
</oai_dc:dc>