<?xml version="1.0" encoding="UTF-8" standalone="yes"?>
<oai_dc:dc xmlns:dc="http://purl.org/dc/elements/1.1/" xmlns:oai_dc="http://www.openarchives.org/OAI/2.0/oai_dc/" xmlns:xsi="http://www.w3.org/2001/XMLSchema-instance" xsi:schemaLocation="http://www.openarchives.org/OAI/2.0/oai_dc/ http://www.openarchives.org/OAI/2.0/oai_dc.xsd">
  <dc:identifier>http://www.wikidata.org/entity/Q30658099</dc:identifier>
  <dc:identifier>https://www.ncbi.nlm.nih.gov/pmc/articles/PMC4506589</dc:identifier>
  <dc:identifier>doi:10.1186/S12915-015-0162-0</dc:identifier>
  <dc:title>Macrolides rapidly inhibit red blood cell invasion by the human malaria parasite, Plasmodium falciparum</dc:title>
  <dc:creator>Wilson, Danny W</dc:creator>
  <dc:creator>Goodman, Christopher D</dc:creator>
  <dc:creator>Sleebs, Brad E</dc:creator>
  <dc:creator>Weiss, Greta E</dc:creator>
  <dc:creator>Jong, Nienke Wm</dc:creator>
  <dc:creator>Angrisano, Fiona</dc:creator>
  <dc:creator>Langer, Christine</dc:creator>
  <dc:creator>Baum, Jake</dc:creator>
  <dc:creator>Crabb, Brendan S</dc:creator>
  <dc:creator>Gilson, Paul R</dc:creator>
  <dc:creator>McFadden, Geoffrey I</dc:creator>
  <dc:creator>Beeson, James G</dc:creator>
  <dc:type>journal article</dc:type>
  <dc:date>2015-07-18</dc:date>
  <dc:language>en</dc:language>
  <dc:subject>Plasmodium falciparum</dc:subject>
  <dc:subject>malaria</dc:subject>
  <dc:subject>invasive species</dc:subject>
  <dc:description>&lt;h4&gt;Background&lt;/h4&gt;Malaria invasion of red blood cells involves multiple parasite-specific targets that are easily accessible to inhibitory compounds, making it an attractive target for antimalarial development. However, no current antimalarial agents act against host cell invasion.&lt;h4&gt;Results&lt;/h4&gt;Here, we demonstrate that the clinically used macrolide antibiotic azithromycin, which is known to kill human malaria asexual blood-stage parasites by blocking protein synthesis in their apicoplast, is also a rapid inhibitor of red blood cell invasion in human (Plasmodium falciparum) and rodent (P. berghei) malarias. Multiple lines of evidence demonstrate that the action of azithromycin in inhibiting parasite invasion of red blood cells is independent of its inhibition of protein synthesis in the parasite apicoplast, opening up a new strategy to develop a single drug with multiple parasite targets. We identified derivatives of azithromycin and erythromycin that are better invasion inhibitors than parent compounds, offering promise for development of this novel antimalarial strategy.&lt;h4&gt;Conclusions&lt;/h4&gt;Safe and effective macrolide antibiotics with dual modalities could be developed to combat malaria and reduce the parasite's options for resistance.</dc:description>
</oai_dc:dc>