<?xml version="1.0" encoding="UTF-8" standalone="yes"?>
<oai_dc:dc xmlns:dc="http://purl.org/dc/elements/1.1/" xmlns:oai_dc="http://www.openarchives.org/OAI/2.0/oai_dc/" xmlns:xsi="http://www.w3.org/2001/XMLSchema-instance" xsi:schemaLocation="http://www.openarchives.org/OAI/2.0/oai_dc/ http://www.openarchives.org/OAI/2.0/oai_dc.xsd">
  <dc:identifier>http://www.wikidata.org/entity/Q111148718</dc:identifier>
  <dc:identifier>doi:10.3390/SU12155887</dc:identifier>
  <dc:title>Evaluating the Effect of Prosopis juliflora, an Alien Invasive Species, on Land Cover Change Using Remote Sensing Approach</dc:title>
  <dc:creator>Tadros, Maher J.</dc:creator>
  <dc:creator>Al-Assaf, Amani</dc:creator>
  <dc:creator>Othman, Yahia A.</dc:creator>
  <dc:creator>Makhamreh, Zeyad</dc:creator>
  <dc:creator>Taifour, Hatem</dc:creator>
  <dc:type>journal article</dc:type>
  <dc:date>2020-07-23</dc:date>
  <dc:language>en</dc:language>
  <dc:subject>remote sensing</dc:subject>
  <dc:subject>invasive species</dc:subject>
  <dc:subject>Prosopis juliflora</dc:subject>
  <dc:subject>land cover</dc:subject>
</oai_dc:dc>