<?xml version="1.0" encoding="UTF-8" standalone="yes"?>
<oai_dc:dc xmlns:dc="http://purl.org/dc/elements/1.1/" xmlns:oai_dc="http://www.openarchives.org/OAI/2.0/oai_dc/" xmlns:xsi="http://www.w3.org/2001/XMLSchema-instance" xsi:schemaLocation="http://www.openarchives.org/OAI/2.0/oai_dc/ http://www.openarchives.org/OAI/2.0/oai_dc.xsd">
  <dc:identifier>http://www.wikidata.org/entity/Q34516922</dc:identifier>
  <dc:identifier>https://www.ncbi.nlm.nih.gov/pmc/articles/PMC3520937</dc:identifier>
  <dc:identifier>doi:10.1371/JOURNAL.PONE.0051576</dc:identifier>
  <dc:title>Every coin has a back side: invasion by Limnohabitans planktonicus promotes the maintenance of species diversity in bacterial communities</dc:title>
  <dc:creator>Horňák, Karel</dc:creator>
  <dc:creator>Corno, Gianluca</dc:creator>
  <dc:type>journal article</dc:type>
  <dc:date>2012-12-12</dc:date>
  <dc:language>en</dc:language>
  <dc:subject>invasion biology</dc:subject>
  <dc:subject>invasive species</dc:subject>
  <dc:subject>biodiversity</dc:subject>
  <dc:subject>invasion facilitation</dc:subject>
  <dc:subject>Limnohabitans planktonicus</dc:subject>
  <dc:description>One of the earliest challenges for ecologists has been to study the impact of invasive species on microbial communities. Although bacteria are fundamental in biological processes, current knowledge on invasion effects by aquatic non-pathogenic bacteria is still limited. Using pure cultures of diverse planktonic bacteria as model organisms at two different carbon concentration levels, we tested the response of an assembled community to the invasion by Limnohabitans planktonicus, an opportunistic bacterium, successful in freshwaters. The invader, introduced at the early stationary growth phase of the resident community, caused a strong decrement of the abundance of the dominant species. This was due to competition for nutrients and a potential allelopathic interaction. Simultaneously, resident species formerly unable to successfully compete within the community, thus potentially exposed to competitive exclusion, increased their abundances. The overall result of the invasion was preservation of species diversity, the higher the lower was the substrate content available. Our study provides new insights into bacterial invasions, offering an alternative interpretation of invasions for community ecology.</dc:description>
</oai_dc:dc>