<?xml version="1.0" encoding="UTF-8" standalone="yes"?>
<oai_dc:dc xmlns:dc="http://purl.org/dc/elements/1.1/" xmlns:oai_dc="http://www.openarchives.org/OAI/2.0/oai_dc/" xmlns:xsi="http://www.w3.org/2001/XMLSchema-instance" xsi:schemaLocation="http://www.openarchives.org/OAI/2.0/oai_dc/ http://www.openarchives.org/OAI/2.0/oai_dc.xsd">
  <dc:identifier>http://www.wikidata.org/entity/Q56763301</dc:identifier>
  <dc:identifier>doi:10.1111/J.1442-9993.2010.02143.X</dc:identifier>
  <dc:title>The invasion and potential impact of the Asian House Gecko (Hemidactylus frenatus) in Australia</dc:title>
  <dc:creator>HOSKIN, CONRAD J.</dc:creator>
  <dc:type>journal article</dc:type>
  <dc:date>2010-06-14</dc:date>
  <dc:language>en</dc:language>
  <dc:rights>http://doi.wiley.com/10.1002/tdm_license_1.1</dc:rights>
  <dc:subject>common house gecko</dc:subject>
  <dc:subject>Australia</dc:subject>
  <dc:subject>invasive species</dc:subject>
  <dc:subject>invasion impact</dc:subject>
  <dc:publisher>Wiley</dc:publisher>
</oai_dc:dc>