<?xml version="1.0" encoding="UTF-8" standalone="yes"?>
<oai_dc:dc xmlns:dc="http://purl.org/dc/elements/1.1/" xmlns:oai_dc="http://www.openarchives.org/OAI/2.0/oai_dc/" xmlns:xsi="http://www.w3.org/2001/XMLSchema-instance" xsi:schemaLocation="http://www.openarchives.org/OAI/2.0/oai_dc/ http://www.openarchives.org/OAI/2.0/oai_dc.xsd">
  <dc:identifier>http://www.wikidata.org/entity/Q34024004</dc:identifier>
  <dc:identifier>https://www.ncbi.nlm.nih.gov/pmc/articles/PMC3169637</dc:identifier>
  <dc:identifier>doi:10.1371/JOURNAL.PONE.0024733</dc:identifier>
  <dc:title>Does global warming increase establishment rates of invasive alien species? A centurial time series analysis</dc:title>
  <dc:creator>Huang, Dingcheng</dc:creator>
  <dc:creator>Haack, Robert A</dc:creator>
  <dc:creator>Zhang, Runzhi</dc:creator>
  <dc:type>journal article</dc:type>
  <dc:date>2011-09-08</dc:date>
  <dc:language>en</dc:language>
  <dc:subject>global warming</dc:subject>
  <dc:subject>invasion biology</dc:subject>
  <dc:subject>invasive species</dc:subject>
  <dc:subject>introduced species</dc:subject>
  <dc:subject>time series analysis</dc:subject>
  <dc:description>&lt;h4&gt;Background&lt;/h4&gt;The establishment rate of invasive alien insect species has been increasing worldwide during the past century. This trend has been widely attributed to increased rates of international trade and associated species introductions, but rarely linked to environmental change. To better understand and manage the bioinvasion process, it is crucial to understand the relationship between global warming and establishment rate of invasive alien species, especially for poikilothermic invaders such as insects.&lt;h4&gt;Methodology/principal findings&lt;/h4&gt;We present data that demonstrate a significant positive relationship between the change in average annual surface air temperature and the establishment rate of invasive alien insects in mainland China during 1900-2005. This relationship was modeled by regression analysis, and indicated that a 1 °C increase in average annual surface temperature in mainland China was associated with an increase in the establishment rate of invasive alien insects of about 0.5 species year⁻¹. The relationship between rising surface air temperature and increasing establishment rate remained significant even after accounting for increases in international trade during the period 1950-2005. Moreover, similar relationships were detected using additional data from the United Kingdom and the contiguous United States.&lt;h4&gt;Conclusions/significance&lt;/h4&gt;These findings suggest that the perceived increase in establishments of invasive alien insects can be explained only in part by an increase in introduction rate or propagule pressure. Besides increasing propagule pressure, global warming is another driver that could favor worldwide bioinvasions. Our study highlights the need to consider global warming when designing strategies and policies to deal with bioinvasions.</dc:description>
</oai_dc:dc>