<?xml version="1.0" encoding="UTF-8" standalone="yes"?>
<oai_dc:dc xmlns:dc="http://purl.org/dc/elements/1.1/" xmlns:oai_dc="http://www.openarchives.org/OAI/2.0/oai_dc/" xmlns:xsi="http://www.w3.org/2001/XMLSchema-instance" xsi:schemaLocation="http://www.openarchives.org/OAI/2.0/oai_dc/ http://www.openarchives.org/OAI/2.0/oai_dc.xsd">
  <dc:identifier>http://www.wikidata.org/entity/Q56765606</dc:identifier>
  <dc:identifier>doi:10.1007/S10530-010-9814-8</dc:identifier>
  <dc:title>Predicted impact of exotic vines on an endangered ecological community under future climate change</dc:title>
  <dc:creator>Gallagher, Rachael V.</dc:creator>
  <dc:creator>Hughes, Lesley</dc:creator>
  <dc:creator>Leishman, Michelle R.</dc:creator>
  <dc:creator>Wilson, Peter D.</dc:creator>
  <dc:type>journal article</dc:type>
  <dc:date>2010-06-29</dc:date>
  <dc:language>en</dc:language>
  <dc:subject>climate change</dc:subject>
  <dc:subject>invasion biology</dc:subject>
  <dc:subject>invasion impact</dc:subject>
  <dc:subject>ecological community</dc:subject>
</oai_dc:dc>