<?xml version="1.0" encoding="UTF-8" standalone="yes"?>
<oai_dc:dc xmlns:dc="http://purl.org/dc/elements/1.1/" xmlns:oai_dc="http://www.openarchives.org/OAI/2.0/oai_dc/" xmlns:xsi="http://www.w3.org/2001/XMLSchema-instance" xsi:schemaLocation="http://www.openarchives.org/OAI/2.0/oai_dc/ http://www.openarchives.org/OAI/2.0/oai_dc.xsd">
  <dc:identifier>http://www.wikidata.org/entity/Q48515346</dc:identifier>
  <dc:identifier>doi:10.1242/BIO.031443</dc:identifier>
  <dc:title>Correction: The constant threat from a non-native predator increases tail muscle and fast-start swimming performance in Xenopus tadpoles.</dc:title>
  <dc:creator>Mori, Tsukasa</dc:creator>
  <dc:creator>Yanagisawa, Yukio</dc:creator>
  <dc:creator>Kitani, Yoichiro</dc:creator>
  <dc:creator>Yamamoto, Goshi</dc:creator>
  <dc:creator>Goto-Inoue, Naoko</dc:creator>
  <dc:creator>Kimura, Tadashi</dc:creator>
  <dc:creator>Kashiwagi, Keiko</dc:creator>
  <dc:creator>Kashiwagi, Akihiko</dc:creator>
  <dc:type>journal article</dc:type>
  <dc:date>2018-01-16</dc:date>
  <dc:language>en</dc:language>
  <dc:subject>predation</dc:subject>
  <dc:subject>non-native predator</dc:subject>
</oai_dc:dc>