<?xml version="1.0" encoding="UTF-8" standalone="yes"?>
<oai_dc:dc xmlns:dc="http://purl.org/dc/elements/1.1/" xmlns:oai_dc="http://www.openarchives.org/OAI/2.0/oai_dc/" xmlns:xsi="http://www.w3.org/2001/XMLSchema-instance" xsi:schemaLocation="http://www.openarchives.org/OAI/2.0/oai_dc/ http://www.openarchives.org/OAI/2.0/oai_dc.xsd">
  <dc:identifier>http://www.wikidata.org/entity/Q21191788</dc:identifier>
  <dc:identifier>https://www.ncbi.nlm.nih.gov/pmc/articles/PMC3496944</dc:identifier>
  <dc:identifier>doi:10.3897/ZOOKEYS.238.3970</dc:identifier>
  <dc:title>First record in the Tropical Eastern Pacific of the exotic species Ficopomatus uschakovi (Polychaeta, Serpulidae)</dc:title>
  <dc:creator>Bastida-Zavala, Rolando</dc:creator>
  <dc:creator>García-Madrigal, Socorro</dc:creator>
  <dc:type>journal article</dc:type>
  <dc:date>2012-11-05</dc:date>
  <dc:language>en</dc:language>
  <dc:subject>invasion biology</dc:subject>
  <dc:subject>Ficopomatus uschakovi</dc:subject>
  <dc:subject>Serpulidae</dc:subject>
  <dc:description>The exotic Indo-West-Pacific species, Ficopomatus uschakovi (Polychaeta, Serpulidae) is recorded for the first time in the Tropical Eastern Pacific from two sites in La Encrucijada Biosphere Reserve, Chiapas, a coastal lagoon in the Pacific south of Mexico. The means of dispersal of this serpulid species still remains unclear, as the nearest port (Puerto Chiapas) is 70 km to the south, and there are no port installations or shrimp cultures in the lagoon. The record of this serpulid species, apparently widely distributed in this coastal lagoon, has implications regarding possible effects on the brackish-water ecosystem, since the invasion event very well may have occurred several years ago. It is recommended that an exhaustive study be carried out in the coastal lagoons of Chiapas to evaluate the real distribution and the effects of this invasive species on the ecosystem. A complete description, including photographs and drawings, is provided.</dc:description>
</oai_dc:dc>