<?xml version="1.0" encoding="UTF-8" standalone="yes"?>
<oai_dc:dc xmlns:dc="http://purl.org/dc/elements/1.1/" xmlns:oai_dc="http://www.openarchives.org/OAI/2.0/oai_dc/" xmlns:xsi="http://www.w3.org/2001/XMLSchema-instance" xsi:schemaLocation="http://www.openarchives.org/OAI/2.0/oai_dc/ http://www.openarchives.org/OAI/2.0/oai_dc.xsd">
  <dc:identifier>http://www.wikidata.org/entity/Q35041499</dc:identifier>
  <dc:identifier>doi:10.1371/JOURNAL.PONE.0079807</dc:identifier>
  <dc:title>Population structure and genetic diversity of native and invasive populations of Solanum rostratum (Solanaceae).</dc:title>
  <dc:creator>Zhao, Jiali</dc:creator>
  <dc:creator>Solís-Montero, Lislie</dc:creator>
  <dc:creator>Lou, Anru</dc:creator>
  <dc:creator>Vallejo-Marín, Mario</dc:creator>
  <dc:type>journal article</dc:type>
  <dc:date>2013-11-05</dc:date>
  <dc:language>en</dc:language>
  <dc:subject>Solanaceae</dc:subject>
  <dc:subject>Solanum rostratum</dc:subject>
  <dc:subject>population structure</dc:subject>
  <dc:subject>genetic diversity</dc:subject>
  <dc:subject>invasive species</dc:subject>
  <dc:subject>invasive plant</dc:subject>
  <dc:description>&lt;h4&gt;Aims&lt;/h4&gt;We investigate native and introduced populations of Solanum rostratum, an annual, self-compatible plant that has been introduced around the globe. This study is the first to compare the genetic diversity of Solanum rostratum between native and introduced populations. We aim to (1) determine the level of genetic diversity across the studied regions; (2) explore the likely origins of invasive populations in China; and (3) investigate whether there is the evidence of multiple introductions into China.&lt;h4&gt;Methods&lt;/h4&gt;We genotyped 329 individuals at 10 microsatellite loci to determine the levels of genetic diversity and to investigate population structure of native and introduced populations of S. rostratum. We studied five populations in each of three regions across two continents: Mexico, the U.S.A. and China.&lt;h4&gt;Important findings&lt;/h4&gt;We found the highest genetic diversity among Mexican populations of S. rostratum. Genetic diversity was significantly lower in Chinese and U.S.A. populations, but we found no regional difference in inbreeding coefficients (F IS) or population differentiation (F ST). Population structure analyses indicate that Chinese and U.S.A. populations are more closely related to each other than to sampled Mexican populations, revealing that introduced populations in China share an origin with the sampled U.S.A. populations. The distinctiveness between some introduced populations indicates multiple introductions of S. rostratum into China.</dc:description>
</oai_dc:dc>