<?xml version="1.0" encoding="UTF-8" standalone="yes"?>
<oai_dc:dc xmlns:dc="http://purl.org/dc/elements/1.1/" xmlns:oai_dc="http://www.openarchives.org/OAI/2.0/oai_dc/" xmlns:xsi="http://www.w3.org/2001/XMLSchema-instance" xsi:schemaLocation="http://www.openarchives.org/OAI/2.0/oai_dc/ http://www.openarchives.org/OAI/2.0/oai_dc.xsd">
  <dc:identifier>http://www.wikidata.org/entity/Q110829962</dc:identifier>
  <dc:identifier>doi:10.1016/J.FORECO.2018.01.039</dc:identifier>
  <dc:title>Spatial analysis to identify invasion colonization strategies and management priorities in riparian ecosystems</dc:title>
  <dc:creator>Sosa, B.</dc:creator>
  <dc:creator>Romero, D.</dc:creator>
  <dc:creator>Fernández, G.</dc:creator>
  <dc:creator>Achkar, M.</dc:creator>
  <dc:type>journal article</dc:type>
  <dc:date>2018-03</dc:date>
  <dc:language>en</dc:language>
  <dc:rights>https://www.elsevier.com/tdm/userlicense/1.0/</dc:rights>
  <dc:subject>aquatic invasion</dc:subject>
  <dc:subject>invasion management</dc:subject>
  <dc:publisher>Elsevier BV</dc:publisher>
</oai_dc:dc>