<?xml version="1.0" encoding="UTF-8" standalone="yes"?>
<oai_dc:dc xmlns:dc="http://purl.org/dc/elements/1.1/" xmlns:oai_dc="http://www.openarchives.org/OAI/2.0/oai_dc/" xmlns:xsi="http://www.w3.org/2001/XMLSchema-instance" xsi:schemaLocation="http://www.openarchives.org/OAI/2.0/oai_dc/ http://www.openarchives.org/OAI/2.0/oai_dc.xsd">
  <dc:identifier>http://www.wikidata.org/entity/Q56456663</dc:identifier>
  <dc:identifier>doi:10.1016/J.MARPOL.2013.08.019</dc:identifier>
  <dc:title>Ten recommendations for advancing the assessment and management of non-indigenous species in marine ecosystems</dc:title>
  <dc:creator>Ojaveer, Henn</dc:creator>
  <dc:creator>Galil, Bella S.</dc:creator>
  <dc:creator>Minchin, Dan</dc:creator>
  <dc:creator>Olenin, Sergej</dc:creator>
  <dc:creator>Amorim, Ana</dc:creator>
  <dc:creator>Canning-Clode, João</dc:creator>
  <dc:creator>Chainho, Paula</dc:creator>
  <dc:creator>Copp, Gordon H.</dc:creator>
  <dc:creator>Gollasch, Stephan</dc:creator>
  <dc:creator>Jelmert, Anders</dc:creator>
  <dc:creator>Lehtiniemi, Maiju</dc:creator>
  <dc:creator>McKenzie, Cynthia</dc:creator>
  <dc:creator>Mikuš, Josip</dc:creator>
  <dc:creator>Miossec, Laurence</dc:creator>
  <dc:creator>Occhipinti-Ambrogi, Anna</dc:creator>
  <dc:creator>Pećarević, Marijana</dc:creator>
  <dc:creator>Pederson, Judith</dc:creator>
  <dc:creator>Quilez-Badia, Gemma</dc:creator>
  <dc:creator>Wijsman, Jeroen W.M.</dc:creator>
  <dc:creator>Zenetos, Argyro</dc:creator>
  <dc:type>journal article</dc:type>
  <dc:date>2014-02</dc:date>
  <dc:language>en</dc:language>
  <dc:rights>https://www.elsevier.com/tdm/userlicense/1.0/</dc:rights>
  <dc:subject>ecosystem</dc:subject>
  <dc:subject>invasive species</dc:subject>
  <dc:subject>invasion management</dc:subject>
  <dc:publisher>Elsevier BV</dc:publisher>
</oai_dc:dc>