<?xml version="1.0" encoding="UTF-8" standalone="yes"?>
<oai_dc:dc xmlns:dc="http://purl.org/dc/elements/1.1/" xmlns:oai_dc="http://www.openarchives.org/OAI/2.0/oai_dc/" xmlns:xsi="http://www.w3.org/2001/XMLSchema-instance" xsi:schemaLocation="http://www.openarchives.org/OAI/2.0/oai_dc/ http://www.openarchives.org/OAI/2.0/oai_dc.xsd">
  <dc:identifier>http://www.wikidata.org/entity/Q56763291</dc:identifier>
  <dc:identifier>doi:10.1016/J.ACTAO.2011.02.003</dc:identifier>
  <dc:title>Long-term scenarios of the invasive black cherry in pine-oak forest: Impact of regeneration success</dc:title>
  <dc:creator>Vanhellemont, Margot</dc:creator>
  <dc:creator>Baeten, Lander</dc:creator>
  <dc:creator>Verbeeck, Hans</dc:creator>
  <dc:creator>Hermy, Martin</dc:creator>
  <dc:creator>Verheyen, Kris</dc:creator>
  <dc:type>journal article</dc:type>
  <dc:date>2011-05</dc:date>
  <dc:language>en</dc:language>
  <dc:rights>https://www.elsevier.com/tdm/userlicense/1.0/</dc:rights>
  <dc:subject>invasion impact</dc:subject>
  <dc:publisher>Elsevier BV</dc:publisher>
</oai_dc:dc>