<?xml version="1.0" encoding="UTF-8" standalone="yes"?>
<oai_dc:dc xmlns:dc="http://purl.org/dc/elements/1.1/" xmlns:oai_dc="http://www.openarchives.org/OAI/2.0/oai_dc/" xmlns:xsi="http://www.w3.org/2001/XMLSchema-instance" xsi:schemaLocation="http://www.openarchives.org/OAI/2.0/oai_dc/ http://www.openarchives.org/OAI/2.0/oai_dc.xsd">
  <dc:identifier>http://www.wikidata.org/entity/Q111322258</dc:identifier>
  <dc:identifier>doi:10.3390/ANI11102865</dc:identifier>
  <dc:title>Distribution Change of Invasive American Bullfrogs (&lt;i&gt;Lithobates catesbeianus&lt;/i&gt;) by Future Climate Threaten Endangered Suweon Treefrog (&lt;i&gt;Hyla suweonensis&lt;/i&gt;) in South Korea</dc:title>
  <dc:creator>Koo, Kyo Soung</dc:creator>
  <dc:creator>Choe, Minjee</dc:creator>
  <dc:type>journal article</dc:type>
  <dc:date>2021-09-30</dc:date>
  <dc:subject>Lithobates catesbeianus</dc:subject>
  <dc:subject>invasive species</dc:subject>
  <dc:description>The American Bullfrog (Lithobates catesbeianus) has been imported into South Korea in earnest for food since the 1970s and introduced into nature due to release and escape. Accordingly, the influx and spread of American Bullfrogs are expected to have a direct impact on native species, but few related studies have been conducted on this. We predicted changes in the potential distribution and future distribution based on climate change scenarios to analyze how those changes affect critically endangered Suwon treefrogs. Suwon treefrog sites (63.9%, 78/122) overlapped with the distribution of Bullfrogs. According to the prediction of the future distribution of Bullfrogs, the overlapping of American Bullfrogs and Suwon treefrog will remain similar to the current level in the Representative Concentration Pathway (RCP) 4.5 scenario. On the other hand, in the RCP 8.5 scenario, the number of overlapping sites will increase to 72.1% (88/122) due to the spreading of the American Bullfrogs. The results show that climate change directly affects the distribution expansion of the American Bullfrogs but also indirectly can lead to an increased threat to Suwon treefrogs. In conclusion, our results strongly suggest why climate change should be actively addressed in terms of the spread of invasive species and the protection of endangered species.</dc:description>
</oai_dc:dc>