<?xml version="1.0" encoding="UTF-8" standalone="yes"?>
<oai_dc:dc xmlns:dc="http://purl.org/dc/elements/1.1/" xmlns:oai_dc="http://www.openarchives.org/OAI/2.0/oai_dc/" xmlns:xsi="http://www.w3.org/2001/XMLSchema-instance" xsi:schemaLocation="http://www.openarchives.org/OAI/2.0/oai_dc/ http://www.openarchives.org/OAI/2.0/oai_dc.xsd">
  <dc:identifier>http://www.wikidata.org/entity/Q56781877</dc:identifier>
  <dc:identifier>doi:10.1051/KMAE:2006033</dc:identifier>
  <dc:title>CRAYFISH MANAGEMENT FOR SWISS WATERS</dc:title>
  <dc:creator>HEFTI, D.</dc:creator>
  <dc:creator>STUCKI, P.</dc:creator>
  <dc:type>journal article</dc:type>
  <dc:date>2006</dc:date>
  <dc:subject>invasion management</dc:subject>
</oai_dc:dc>