<?xml version="1.0" encoding="UTF-8" standalone="yes"?>
<oai_dc:dc xmlns:dc="http://purl.org/dc/elements/1.1/" xmlns:oai_dc="http://www.openarchives.org/OAI/2.0/oai_dc/" xmlns:xsi="http://www.w3.org/2001/XMLSchema-instance" xsi:schemaLocation="http://www.openarchives.org/OAI/2.0/oai_dc/ http://www.openarchives.org/OAI/2.0/oai_dc.xsd">
  <dc:identifier>http://www.wikidata.org/entity/Q110663867</dc:identifier>
  <dc:identifier>doi:10.3897/NEOBIOTA.69.71352</dc:identifier>
  <dc:title>Invasive hornets on the road: motorway-driven dispersal must be considered in management plans of Vespa velutina</dc:title>
  <dc:creator>Verdasca, Maria João</dc:creator>
  <dc:creator>Rebelo, Hugo</dc:creator>
  <dc:creator>Carvalheiro, Luísa G.</dc:creator>
  <dc:creator>Rebelo, Rui</dc:creator>
  <dc:type>journal article</dc:type>
  <dc:date>2021-11-15</dc:date>
  <dc:language>en</dc:language>
  <dc:subject>Vespa velutina</dc:subject>
  <dc:subject>invasive species</dc:subject>
  <dc:subject>invasion management</dc:subject>
</oai_dc:dc>