<?xml version="1.0" encoding="UTF-8" standalone="yes"?>
<oai_dc:dc xmlns:dc="http://purl.org/dc/elements/1.1/" xmlns:oai_dc="http://www.openarchives.org/OAI/2.0/oai_dc/" xmlns:xsi="http://www.w3.org/2001/XMLSchema-instance" xsi:schemaLocation="http://www.openarchives.org/OAI/2.0/oai_dc/ http://www.openarchives.org/OAI/2.0/oai_dc.xsd">
  <dc:identifier>http://www.wikidata.org/entity/Q97592968</dc:identifier>
  <dc:identifier>https://www.ncbi.nlm.nih.gov/pmc/articles/PMC7359835</dc:identifier>
  <dc:identifier>doi:10.1111/EVA.12982</dc:identifier>
  <dc:title>Evolution and genetics of bighead and silver carps: Native population conservation versus invasive species control</dc:title>
  <dc:creator>Lu, Guoqing</dc:creator>
  <dc:creator>Wang, Chenghui</dc:creator>
  <dc:creator>Zhao, Jinliang</dc:creator>
  <dc:creator>Liao, Xiaolin</dc:creator>
  <dc:creator>Wang, Jun</dc:creator>
  <dc:creator>Luo, Mingkun</dc:creator>
  <dc:creator>Zhu, Lifeng</dc:creator>
  <dc:creator>Bernatzhez, Louis</dc:creator>
  <dc:creator>Li, Sifa</dc:creator>
  <dc:type>journal article</dc:type>
  <dc:date>2020-05-13</dc:date>
  <dc:language>en</dc:language>
  <dc:subject>invasive species</dc:subject>
  <dc:subject>invasion genetics</dc:subject>
  <dc:description>Bighead carp (&lt;i&gt;Hypophthalmichthys nobilis&lt;/i&gt;) and silver carp (&lt;i&gt;H. molitrix)&lt;/i&gt;, collectively called bigheaded carps, are cyprinids native mainly to China and have been introduced to over 70 countries. Paleontological and molecular phylogenetic analyses demonstrate bighead and silver carps originated from the Yangtze-Huanghe River basins and modern populations may have derived from the secondary contact of geographically isolated fish during the last glacial events. Significant genetic differences are found among populations of native rivers (Yangtze, Pearl, and Amur) as well as introduced/invasive environments (Mississippi R., USA and Danube R., Hungary), suggesting genetic backgrounds and ecological selection may play a role in population differentiation. Population divergence of bighead carp or silver carp has occurred within their native rivers, whereas, within the Mississippi River Basin (MRB)-an introduced region, such genetic differentiation is likely taking place at least in silver carp. Interspecific hybridization between silver and bighead carps is rare within their native regions; however, extensive hybridization is observed in the MRB, which could be contributed by a shift to a more homogenous environment that lacks reproductive isolation barriers for the restriction of gene flow between species. The wild populations of native bighead and silver carps have experienced dramatic declines; in contrast, the introduced bigheaded carps overpopulate the MRB and are considered two invasive species, which strongly suggests fishing capacity (overfishing and underfishing) be a decisive factor for fishery resource exploitation and management. This review provides not only a global perspective of evolutionary history and population divergence of bigheaded carps but also a forum that calls for international research collaborations to deal with critical issues related to native population conservation and invasive species control.</dc:description>
</oai_dc:dc>