<?xml version="1.0" encoding="UTF-8" standalone="yes"?>
<oai_dc:dc xmlns:dc="http://purl.org/dc/elements/1.1/" xmlns:oai_dc="http://www.openarchives.org/OAI/2.0/oai_dc/" xmlns:xsi="http://www.w3.org/2001/XMLSchema-instance" xsi:schemaLocation="http://www.openarchives.org/OAI/2.0/oai_dc/ http://www.openarchives.org/OAI/2.0/oai_dc.xsd">
  <dc:identifier>http://www.wikidata.org/entity/Q27021355</dc:identifier>
  <dc:identifier>doi:10.1186/1297-9716-44-79</dc:identifier>
  <dc:title>New data regarding distribution of cattle ticks in the south-western Indian Ocean islands</dc:title>
  <dc:creator>Stachurski, Frédéric</dc:creator>
  <dc:creator>Tortosa, Pablo</dc:creator>
  <dc:creator>Rahajarison, Patrick</dc:creator>
  <dc:creator>Yssouf, Amina</dc:creator>
  <dc:creator>Huber, Karine</dc:creator>
  <dc:type>journal article</dc:type>
  <dc:date>2013-09-09</dc:date>
  <dc:language>en</dc:language>
  <dc:subject>Indian Ocean islands</dc:subject>
  <dc:subject>tick infestation</dc:subject>
  <dc:subject>introduced species</dc:subject>
  <dc:subject>Ixodidae</dc:subject>
  <dc:subject>zoogeography</dc:subject>
  <dc:subject>bovine disease</dc:subject>
  <dc:subject>Indian Ocean</dc:subject>
  <dc:description>Recent studies have produced new insight into the origin and distribution of some cattle ticks in the south-western Indian Ocean islands. Rhipicephalus appendiculatus, introduced from Tanzania in 2002, is now well established on Grande Comore but has not yet reached the other islands of the archipelago (Mohéli, Anjouan and Mayotte). Only one of the two clades identified in Africa has settled so far. Amblyomma variegatum, which was not supposed to be able to persist in the Antananarivo region (1300 m) nor in other Malagasy regions of high altitude without regular introductions of ticks by infested cattle, is now endemic as a general rule up to 1600 m although other regions of lower altitude (1400 m) are still free of the tick. This species remains confined in a small area of the west coast on La Reunion Island. On the contrary, Hyalomma dromedarii could not settle on Madagascar where it was introduced in 2008 and Rhipicephalus evertsi evertsi is not yet present in Grande Comore despite regular introductions by infested cattle from Tanzania. A phylogeographic approach has been carried out at an intra-specific level for A. variegatum. This study has led to the identification of two main lineages, one covering all species distribution and one restricted to East Africa and the Indian Ocean area. These two lineages are in sympatry in Madagascar where a high genetic diversity has been described, whereas a lower genetic diversity is observed on other islands. These results seem to agree with the historical data concerning the introduction of the tick in the Indian Ocean area.</dc:description>
</oai_dc:dc>