<?xml version="1.0" encoding="UTF-8" standalone="yes"?>
<oai_dc:dc xmlns:dc="http://purl.org/dc/elements/1.1/" xmlns:oai_dc="http://www.openarchives.org/OAI/2.0/oai_dc/" xmlns:xsi="http://www.w3.org/2001/XMLSchema-instance" xsi:schemaLocation="http://www.openarchives.org/OAI/2.0/oai_dc/ http://www.openarchives.org/OAI/2.0/oai_dc.xsd">
  <dc:identifier>http://www.wikidata.org/entity/Q110809286</dc:identifier>
  <dc:identifier>doi:10.3390/V13122507</dc:identifier>
  <dc:title>Vector Competence of the Invasive Mosquito Species for Arboviruses and Interference with a Novel Insect Specific Virus</dc:title>
  <dc:creator>Jansen, Stephanie</dc:creator>
  <dc:creator>Cadar, Dániel</dc:creator>
  <dc:creator>Lühken, Renke</dc:creator>
  <dc:creator>Pfitzner, Wolf Peter</dc:creator>
  <dc:creator>Jöst, Hanna</dc:creator>
  <dc:creator>Oerther, Sandra</dc:creator>
  <dc:creator>Helms, Michelle</dc:creator>
  <dc:creator>Zibrat, Branka</dc:creator>
  <dc:creator>Kliemke, Konstantin</dc:creator>
  <dc:creator>Becker, Norbert</dc:creator>
  <dc:creator>Vapalahti, Olli</dc:creator>
  <dc:creator>Rossini, Giada</dc:creator>
  <dc:creator>Heitmann, Anna</dc:creator>
  <dc:type>journal article</dc:type>
  <dc:date>2021-12-14</dc:date>
  <dc:language>en</dc:language>
  <dc:subject>invasive mosquito species</dc:subject>
  <dc:subject>vector competence</dc:subject>
  <dc:description>The global spread of invasive mosquito species increases arbovirus infections. In addition to the invasive species Aedes albopictus and Aedes japonicus, Aedes koreicus has spread within Central Europe. Extensive information on its vector competence is missing. Ae. koreicus from Germany were investigated for their vector competence for chikungunya virus (CHIKV), Zika virus (ZIKV) and West Nile virus (WNV). Experiments were performed under different climate conditions (27 ± 5 °C; 24 ± 5 °C) for fourteen days. Ae. koreicus had the potential to transmit CHIKV and ZIKV but not WNV. Transmission was exclusively observed at the higher temperature, and transmission efficiency was rather low, at 4.6% (CHIKV) or 4.7% (ZIKV). Using a whole virome analysis, a novel mosquito-associated virus, designated Wiesbaden virus (WBDV), was identified in Ae. koreicus. Linking the WBDV infection status of single specimens to their transmission capability for the arboviruses revealed no influence on ZIKV transmission. In contrast, a coinfection of WBDV and CHIKV likely has a boost effect on CHIKV transmission. Due to its current distribution, the risk of arbovirus transmission by Ae. koreicus in Europe is rather low but might gain importance, especially in regions with higher temperatures. The impact of WBDV on arbovirus transmission should be analyzed in more detail.</dc:description>
</oai_dc:dc>