<?xml version="1.0" encoding="UTF-8" standalone="yes"?>
<oai_dc:dc xmlns:dc="http://purl.org/dc/elements/1.1/" xmlns:oai_dc="http://www.openarchives.org/OAI/2.0/oai_dc/" xmlns:xsi="http://www.w3.org/2001/XMLSchema-instance" xsi:schemaLocation="http://www.openarchives.org/OAI/2.0/oai_dc/ http://www.openarchives.org/OAI/2.0/oai_dc.xsd">
  <dc:identifier>http://www.wikidata.org/entity/Q64963781</dc:identifier>
  <dc:identifier>doi:10.1371/JOURNAL.PONE.0218764</dc:identifier>
  <dc:title>Using nutritional geometry to define the fundamental macronutrient niche of the widespread invasive ant Monomorium pharaonis</dc:title>
  <dc:creator>Krabbe, Birla A</dc:creator>
  <dc:creator>Arnan, Xavier</dc:creator>
  <dc:creator>Lannes, Pol</dc:creator>
  <dc:creator>Bergstedt, Christoffer Echtvad</dc:creator>
  <dc:creator>Larsen, Rasmus Stenbak</dc:creator>
  <dc:creator>Pedersen, Jes Søe</dc:creator>
  <dc:creator>Shik, Jonathan Z.</dc:creator>
  <dc:type>journal article</dc:type>
  <dc:date>2019-06-20</dc:date>
  <dc:language>en</dc:language>
  <dc:subject>invasive ant</dc:subject>
  <dc:subject>Pharaoh ant</dc:subject>
  <dc:subject>invasive species</dc:subject>
  <dc:description>The emerging field of nutritional geometry (NG) provides powerful new approaches to test whether and how organisms prioritize specific nutritional blends when consuming chemically complex foods. NG approaches can thus help move beyond food-level estimates of diet breadth to predict invasive success, for instance by revealing narrow nutritional niches if broad diets are actually composed of nutritionally similar foods. We used two NG paradigms to provide different, but complementary insights into nutrient regulation strategies and test a hypothesis of extreme nutritional generalism in colony propagules of the globally distributed invasive ant Monomorium pharaonis. First, in two dimensions (protein:carbohydrates; P:C), M. pharaonis colonies consistently defended a slightly carbohydrate-biased intake target, while using a generalist equal-distance strategy of collectively overharvesting both protein and carbohydrates to reach this target when confined to imbalanced P:C diets. Second, a recently developed right-angled mixture triangle method enabled us to define the fundamental niche breadth in three dimensions (protein:carbohydrates:lipid, P:C:L). We found that colonies navigated the P:C:L landscape, in part, to mediate a tradeoff between worker survival (maximized on high-carbohydrate diets) and brood production (maximized on high-protein diets). Colonies further appeared unable to avoid this tradeoff by consuming extra lipids when the other nutrients were limiting. Colonies also did not rely on nutrient regulation inside their nests, as they did not hoard or scatter fractions of harvested diets to adjust the nutritional blends they consumed. These complementary NG approaches highlight that even the most successful invasive species with broad fundamental macronutrient niches must navigate complex multidimensional nutritional landscapes to acquire limiting macronutrients and overcome developmental constraints as small propagules.</dc:description>
</oai_dc:dc>