<?xml version="1.0" encoding="UTF-8" standalone="yes"?>
<oai_dc:dc xmlns:dc="http://purl.org/dc/elements/1.1/" xmlns:oai_dc="http://www.openarchives.org/OAI/2.0/oai_dc/" xmlns:xsi="http://www.w3.org/2001/XMLSchema-instance" xsi:schemaLocation="http://www.openarchives.org/OAI/2.0/oai_dc/ http://www.openarchives.org/OAI/2.0/oai_dc.xsd">
  <dc:identifier>http://www.wikidata.org/entity/Q56458349</dc:identifier>
  <dc:identifier>doi:10.1051/KMAE/2014022</dc:identifier>
  <dc:title>Non-native western tubenose gobiesProterorhinus semilunarisshow distinct site, sex and age-related differences in diet</dc:title>
  <dc:creator>Všetičková, L.</dc:creator>
  <dc:creator>Janáč, M.</dc:creator>
  <dc:creator>Vašek, M.</dc:creator>
  <dc:creator>Roche, K.</dc:creator>
  <dc:creator>Jurajda, P.</dc:creator>
  <dc:type>journal article</dc:type>
  <dc:date>2014</dc:date>
  <dc:language>en</dc:language>
  <dc:subject>invasion management</dc:subject>
  <dc:publisher>EDP Sciences</dc:publisher>
</oai_dc:dc>