<?xml version="1.0" encoding="UTF-8" standalone="yes"?>
<oai_dc:dc xmlns:dc="http://purl.org/dc/elements/1.1/" xmlns:oai_dc="http://www.openarchives.org/OAI/2.0/oai_dc/" xmlns:xsi="http://www.w3.org/2001/XMLSchema-instance" xsi:schemaLocation="http://www.openarchives.org/OAI/2.0/oai_dc/ http://www.openarchives.org/OAI/2.0/oai_dc.xsd">
  <dc:identifier>http://www.wikidata.org/entity/Q26864291</dc:identifier>
  <dc:identifier>doi:10.1155/2013/403121</dc:identifier>
  <dc:title>Human monoclonal antibody-based therapy in the treatment of invasive candidiasis</dc:title>
  <dc:creator>Bugli, Francesca</dc:creator>
  <dc:creator>Cacaci, Margherita</dc:creator>
  <dc:creator>Martini, Cecilia</dc:creator>
  <dc:creator>Torelli, Riccardo</dc:creator>
  <dc:creator>Posteraro, Brunella</dc:creator>
  <dc:creator>Sanguinetti, Maurizio</dc:creator>
  <dc:creator>Sterbini, Francesco Paroni</dc:creator>
  <dc:type>journal article</dc:type>
  <dc:date>2013</dc:date>
  <dc:language>en</dc:language>
  <dc:subject>monoclonal antibody</dc:subject>
  <dc:subject>blood proteins</dc:subject>
  <dc:subject>globulins</dc:subject>
  <dc:subject>antibody</dc:subject>
  <dc:subject>candidiasis</dc:subject>
  <dc:subject>invasive candidiasis</dc:subject>
  <dc:description>Invasive candidiasis (IC) represents the leading fungal infection of humans causing life-threatening disease in immunosuppressed and neutropenic individuals including also the intensive care unit patients. Despite progress in recent years in drugs development for the treatment of IC, morbidity and mortality rates still remain very high. Historically, cell-mediated immunity and innate immunity are considered to be the most important lines of defense against candidiasis. Nevertheless recent evidence demonstrates that antibodies with defined specificities could act with different degrees showing protection against systemic and mucosal candidiasis. Mycograb is a human recombinant monoclonal antibody against heat shock protein 90 (Hsp90) that was revealed to have synergy when combined with fluconazole, caspofungin, and amphotericin B against a broad spectrum of Candida species. Furthermore, recent studies have established an important role for Hsp90 in mediating Candida resistance to echinocandins, giving to this antibody molecule even more attractive biological properties. In response to the failure of marketing authorization by the CHMP (Committee for Medicinal Products for Human Use) a new formulation of Mycograb, named Mycograb C28Y variant, with an amino acid substitution was developed in recent years. First data on Mycograb C28Y variant indicate that this monoclonal antibody lacked efficacy in a murine candidiasis model.</dc:description>
</oai_dc:dc>