<?xml version="1.0" encoding="UTF-8" standalone="yes"?>
<oai_dc:dc xmlns:dc="http://purl.org/dc/elements/1.1/" xmlns:oai_dc="http://www.openarchives.org/OAI/2.0/oai_dc/" xmlns:xsi="http://www.w3.org/2001/XMLSchema-instance" xsi:schemaLocation="http://www.openarchives.org/OAI/2.0/oai_dc/ http://www.openarchives.org/OAI/2.0/oai_dc.xsd">
  <dc:identifier>http://www.wikidata.org/entity/Q112669336</dc:identifier>
  <dc:identifier>doi:10.1002/ECM.1425</dc:identifier>
  <dc:title>Invasive dominance and resident diversity: unpacking the impact of plant invasion on biodiversity and ecosystem function</dc:title>
  <dc:creator>Livingstone, Stuart W.</dc:creator>
  <dc:creator>Isaac, Marney E.</dc:creator>
  <dc:creator>Cadotte, Marc W.</dc:creator>
  <dc:type>journal article</dc:type>
  <dc:date>2020-10-14</dc:date>
  <dc:language>en</dc:language>
  <dc:rights>http://onlinelibrary.wiley.com/termsAndConditions#vor</dc:rights>
  <dc:subject>plant invasion</dc:subject>
  <dc:subject>biodiversity</dc:subject>
  <dc:subject>invasion impact</dc:subject>
  <dc:subject>ecosystem function</dc:subject>
  <dc:publisher>Wiley</dc:publisher>
</oai_dc:dc>