<?xml version="1.0" encoding="UTF-8" standalone="yes"?>
<oai_dc:dc xmlns:dc="http://purl.org/dc/elements/1.1/" xmlns:oai_dc="http://www.openarchives.org/OAI/2.0/oai_dc/" xmlns:xsi="http://www.w3.org/2001/XMLSchema-instance" xsi:schemaLocation="http://www.openarchives.org/OAI/2.0/oai_dc/ http://www.openarchives.org/OAI/2.0/oai_dc.xsd">
  <dc:identifier>http://www.wikidata.org/entity/Q110663874</dc:identifier>
  <dc:identifier>doi:10.3897/NEOBIOTA.68.62122</dc:identifier>
  <dc:title>A benefit-cost analysis framework for prioritization of control programs for well-established invasive alien species</dc:title>
  <dc:creator>Blaalid, Rakel</dc:creator>
  <dc:creator>Magnussen, Kristin</dc:creator>
  <dc:creator>Westberg, Nina Bruvik</dc:creator>
  <dc:type>journal article</dc:type>
  <dc:date>2021-08-24</dc:date>
  <dc:subject>introduced species</dc:subject>
  <dc:subject>invasive species</dc:subject>
</oai_dc:dc>