<?xml version="1.0" encoding="UTF-8" standalone="yes"?>
<oai_dc:dc xmlns:dc="http://purl.org/dc/elements/1.1/" xmlns:oai_dc="http://www.openarchives.org/OAI/2.0/oai_dc/" xmlns:xsi="http://www.w3.org/2001/XMLSchema-instance" xsi:schemaLocation="http://www.openarchives.org/OAI/2.0/oai_dc/ http://www.openarchives.org/OAI/2.0/oai_dc.xsd">
  <dc:identifier>http://www.wikidata.org/entity/Q106606446</dc:identifier>
  <dc:identifier>doi:10.3897/NEOBIOTA.64.62939</dc:identifier>
  <dc:title>Ornamentals lead the way: global influences on plant invasions in the Caribbean</dc:title>
  <dc:creator>Rojas-Sandoval, Julissa</dc:creator>
  <dc:creator>Ackerman, James D.</dc:creator>
  <dc:type>journal article</dc:type>
  <dc:date>2021-04-02</dc:date>
  <dc:language>en</dc:language>
  <dc:subject>aquatic science</dc:subject>
  <dc:subject>plant invasion</dc:subject>
</oai_dc:dc>