<?xml version="1.0" encoding="UTF-8" standalone="yes"?>
<oai_dc:dc xmlns:dc="http://purl.org/dc/elements/1.1/" xmlns:oai_dc="http://www.openarchives.org/OAI/2.0/oai_dc/" xmlns:xsi="http://www.w3.org/2001/XMLSchema-instance" xsi:schemaLocation="http://www.openarchives.org/OAI/2.0/oai_dc/ http://www.openarchives.org/OAI/2.0/oai_dc.xsd">
  <dc:identifier>http://www.wikidata.org/entity/Q73186718</dc:identifier>
  <dc:identifier>doi:10.3391/MBI.2017.8.4.14</dc:identifier>
  <dc:title>The role of conservation volunteers in the detection, monitoring and management of invasive alien lionfish</dc:title>
  <dc:creator>Anderson, Lucy</dc:creator>
  <dc:creator>Chapman, Jennifer</dc:creator>
  <dc:creator>Escontrela, Daniela</dc:creator>
  <dc:creator>Gough, Charlotte</dc:creator>
  <dc:type>journal article</dc:type>
  <dc:date>2017</dc:date>
  <dc:language>en</dc:language>
  <dc:subject>invasive species</dc:subject>
  <dc:subject>invasion management</dc:subject>
  <dc:publisher>Regional Euro-Asian Biological Invasions Centre Oy (REABIC)</dc:publisher>
</oai_dc:dc>