<?xml version="1.0" encoding="UTF-8" standalone="yes"?>
<oai_dc:dc xmlns:dc="http://purl.org/dc/elements/1.1/" xmlns:oai_dc="http://www.openarchives.org/OAI/2.0/oai_dc/" xmlns:xsi="http://www.w3.org/2001/XMLSchema-instance" xsi:schemaLocation="http://www.openarchives.org/OAI/2.0/oai_dc/ http://www.openarchives.org/OAI/2.0/oai_dc.xsd">
  <dc:identifier>http://www.wikidata.org/entity/Q111159499</dc:identifier>
  <dc:identifier>doi:10.1007/S10530-018-1797-X</dc:identifier>
  <dc:title>Chronicle of an impact foretold: the fate and effect of the introduced Formica paralugubris ant</dc:title>
  <dc:creator>Frizzi, Filippo</dc:creator>
  <dc:creator>Masoni, Alberto</dc:creator>
  <dc:creator>Quilghini, Giovanni</dc:creator>
  <dc:creator>Ciampelli, Paola</dc:creator>
  <dc:creator>Santini, Giacomo</dc:creator>
  <dc:type>journal article</dc:type>
  <dc:date>2018-07-25</dc:date>
  <dc:language>en</dc:language>
  <dc:subject>invasion impact</dc:subject>
  <dc:subject>Formica paralugubris</dc:subject>
</oai_dc:dc>