<?xml version="1.0" encoding="UTF-8" standalone="yes"?>
<oai_dc:dc xmlns:dc="http://purl.org/dc/elements/1.1/" xmlns:oai_dc="http://www.openarchives.org/OAI/2.0/oai_dc/" xmlns:xsi="http://www.w3.org/2001/XMLSchema-instance" xsi:schemaLocation="http://www.openarchives.org/OAI/2.0/oai_dc/ http://www.openarchives.org/OAI/2.0/oai_dc.xsd">
  <dc:identifier>http://www.wikidata.org/entity/Q56755246</dc:identifier>
  <dc:identifier>doi:10.3897/BISS.2.24749</dc:identifier>
  <dc:title>TrIAS, leveraging citizen science data to monitor invasive species in Belgium</dc:title>
  <dc:creator>Groom, Quentin</dc:creator>
  <dc:creator>Adriaens, Tim</dc:creator>
  <dc:creator>Oldoni, Damiano</dc:creator>
  <dc:creator>Oldoni, Damiano</dc:creator>
  <dc:creator>Reyserhove, Lien</dc:creator>
  <dc:creator>Strubbe, Diederik</dc:creator>
  <dc:creator>Strubbe, Diederik</dc:creator>
  <dc:creator>Vanderhoeven, Sonia</dc:creator>
  <dc:creator>Vanderhoeven, Sonia</dc:creator>
  <dc:creator>Desmet, Peter</dc:creator>
  <dc:type>journal article</dc:type>
  <dc:date>2018-03-15</dc:date>
  <dc:language>en</dc:language>
  <dc:subject>invasive species</dc:subject>
  <dc:subject>citizen science</dc:subject>
  <dc:subject>Belgium</dc:subject>
</oai_dc:dc>