<?xml version="1.0" encoding="UTF-8" standalone="yes"?>
<oai_dc:dc xmlns:dc="http://purl.org/dc/elements/1.1/" xmlns:oai_dc="http://www.openarchives.org/OAI/2.0/oai_dc/" xmlns:xsi="http://www.w3.org/2001/XMLSchema-instance" xsi:schemaLocation="http://www.openarchives.org/OAI/2.0/oai_dc/ http://www.openarchives.org/OAI/2.0/oai_dc.xsd">
  <dc:identifier>http://www.wikidata.org/entity/Q110829141</dc:identifier>
  <dc:identifier>doi:10.3390/W12061558</dc:identifier>
  <dc:title>Climate Change and Species Invasion Drive Decadal Variation in Fish Fauna in the Min River, China</dc:title>
  <dc:creator>Deng, Weide</dc:creator>
  <dc:creator>Lin, Li</dc:creator>
  <dc:creator>Huang, Xiaoxia</dc:creator>
  <dc:creator>Liao, Te-Yu</dc:creator>
  <dc:creator>Kang, Bin</dc:creator>
  <dc:type>journal article</dc:type>
  <dc:date>2020-05-29</dc:date>
  <dc:language>en</dc:language>
  <dc:subject>climate change</dc:subject>
  <dc:subject>aquatic invasion</dc:subject>
</oai_dc:dc>