<?xml version="1.0" encoding="UTF-8" standalone="yes"?>
<oai_dc:dc xmlns:dc="http://purl.org/dc/elements/1.1/" xmlns:oai_dc="http://www.openarchives.org/OAI/2.0/oai_dc/" xmlns:xsi="http://www.w3.org/2001/XMLSchema-instance" xsi:schemaLocation="http://www.openarchives.org/OAI/2.0/oai_dc/ http://www.openarchives.org/OAI/2.0/oai_dc.xsd">
  <dc:identifier>http://www.wikidata.org/entity/Q30404402</dc:identifier>
  <dc:identifier>https://www.ncbi.nlm.nih.gov/pmc/articles/PMC4546390</dc:identifier>
  <dc:identifier>doi:10.1371/JOURNAL.PONE.0135117</dc:identifier>
  <dc:title>Recovery of Physiological Traits in Saplings of Invasive Bischofia Tree Compared with Three Species Native to the Bonin Islands under Successive Drought and Irrigation Cycles</dc:title>
  <dc:creator>Yazaki, Kenichi</dc:creator>
  <dc:creator>Kuroda, Katsushi</dc:creator>
  <dc:creator>Nakano, Takashi</dc:creator>
  <dc:creator>Kitao, Mitsutoshi</dc:creator>
  <dc:creator>Tobita, Hiroyuki</dc:creator>
  <dc:creator>Ogasa, Mayumi Y</dc:creator>
  <dc:creator>Ishida, Atsushi</dc:creator>
  <dc:type>journal article</dc:type>
  <dc:date>2015-08-20</dc:date>
  <dc:language>en</dc:language>
  <dc:subject>drought</dc:subject>
  <dc:subject>invasion biology</dc:subject>
  <dc:subject>irrigation</dc:subject>
  <dc:subject>Bonin Islands</dc:subject>
  <dc:subject>Bischofia</dc:subject>
  <dc:subject>invasive species</dc:subject>
  <dc:subject>invasive trait</dc:subject>
  <dc:subject>physiological trait</dc:subject>
  <dc:subject>invasive plant</dc:subject>
  <dc:subject>invasion success</dc:subject>
  <dc:description>Partial leaf shedding induced by hydraulic failure under prolonged drought can prevent excess water consumption, resulting in delayed recovery of carbon productivity following rainfall. To understand the manner of water use of invasive species in oceanic island forests under a fluctuating water regime, leaf shedding, multiple physiological traits, and the progress of embolism in the stem xylem under repeated drought-irrigation cycles were examined in the potted saplings of an invasive species, Bischofia javanica Blume, and three endemic native species, Schima mertensiana (Sieb. Et Zucc,) Koitz., Hibiscus glaber Matsum, and Distylium lepidotum Nakai, from the Bonin Islands, Japan. The progress of xylem embolism was observed by cryo-scanning electron microscopy. The samples exhibited different processes of water saving and drought tolerance based on the different combinations of partial leaf shedding involved in embolized conduits following repeated de-rehydration. Predawn leaf water potential largely decreased with each successive drought-irrigation cycle for all tree species, except for B. javanica. B. javanica shed leaves conspicuously under drought and showed responsive stomatal conductance to VPD, which contributed to recover leaf gas exchange in the remaining leaves, following a restored water supply. In contrast, native tree species did not completely recover photosynthetic rates during the repeated drought-irrigation cycles. H. glaber and D. lepidotum preserved water in vessels and adjusted leaf osmotic rates but did not actively shed leaves. S. mertensiana exhibited partial leaf shedding during the first cycle with an osmotic adjustment, but they showed less responsive stomatal conductance to VPD. Our data indicate that invasive B. javanica saplings can effectively use water supplied suddenly under drought conditions. We predict that fluctuating precipitation in the future may change tree distributions even in mesic or moist sites in the Bonin Islands.</dc:description>
</oai_dc:dc>