<?xml version="1.0" encoding="UTF-8" standalone="yes"?>
<oai_dc:dc xmlns:dc="http://purl.org/dc/elements/1.1/" xmlns:oai_dc="http://www.openarchives.org/OAI/2.0/oai_dc/" xmlns:xsi="http://www.w3.org/2001/XMLSchema-instance" xsi:schemaLocation="http://www.openarchives.org/OAI/2.0/oai_dc/ http://www.openarchives.org/OAI/2.0/oai_dc.xsd">
  <dc:identifier>http://www.wikidata.org/entity/Q54990595</dc:identifier>
  <dc:identifier>doi:10.3389/FPLS.2018.00250</dc:identifier>
  <dc:title>Coverage of Native Plants Is Key Factor Influencing the Invasibility of Freshwater Ecosystems by Exotic Plants in China.</dc:title>
  <dc:creator>Yu, Haihao</dc:creator>
  <dc:creator>Wang, Ligong</dc:creator>
  <dc:creator>Liu, Chunhua</dc:creator>
  <dc:creator>Fan, Shufeng</dc:creator>
  <dc:type>journal article</dc:type>
  <dc:date>2018-02-28</dc:date>
  <dc:language>en</dc:language>
  <dc:subject>fresh water</dc:subject>
  <dc:subject>ecosystem</dc:subject>
  <dc:subject>freshwater ecology</dc:subject>
  <dc:subject>invasibility</dc:subject>
  <dc:description>Understanding the biotic and abiotic factors that influence the susceptibility of a community to invasion is beneficial for the prediction and management of invasive species and the conservation of native biodiversity. However, the relationships between factors and invasibility of a community have not been fully confirmed, and the factors most associated with the susceptibility of a community to invasion have rarely been identified. In this study, we investigated the species richness patterns in aquatic exotic and native plants and the relationships of exotic species richness with habitat and water environment factors in 262 aquatic plant communities in China. A total of 11 exotic plant species were recorded in our field survey, and we found neither a negative nor a positive relationship between aquatic exotic and native plant species richness. The aquatic exotic plant species richness is negatively correlated with the relative coverage and biomass of native plants but positively correlated with the total nitrogen (TN), total phosphorus (TP), and chemical oxygen demand (COD) concentrations in the water. The native plant species richness, native species' relative coverage, and native species' biomass were positively related to each other, whereas the TP, TN, and COD were also positively related to each other. The native plant species richness, native species' relative coverage, and native species biomass were each negatively correlated with the TP, TN, and COD. In addition, biotic rather than abiotic predictors accounted for most of the variation in exotic plant richness. Our results suggest that improving the vegetation coverage and the biodiversity of native plants is the most effective approach for preventing alien plant invasions and minimizing their impacts on freshwater ecosystems.</dc:description>
</oai_dc:dc>