<?xml version="1.0" encoding="UTF-8" standalone="yes"?>
<oai_dc:dc xmlns:dc="http://purl.org/dc/elements/1.1/" xmlns:oai_dc="http://www.openarchives.org/OAI/2.0/oai_dc/" xmlns:xsi="http://www.w3.org/2001/XMLSchema-instance" xsi:schemaLocation="http://www.openarchives.org/OAI/2.0/oai_dc/ http://www.openarchives.org/OAI/2.0/oai_dc.xsd">
  <dc:identifier>http://www.wikidata.org/entity/Q110829144</dc:identifier>
  <dc:identifier>doi:10.3390/W13223233</dc:identifier>
  <dc:title>A Case Study of a Prymnesium parvum Harmful Algae Bloom in the Ohio River Drainage: Impact, Recovery and Potential for Future Invasions/Range Expansion</dc:title>
  <dc:creator>Hartman, Kyle J.</dc:creator>
  <dc:creator>Wellman, David I.</dc:creator>
  <dc:creator>Kingsbury, Joseph W.</dc:creator>
  <dc:creator>Cincotta, Daniel A.</dc:creator>
  <dc:creator>Clayton, Janet L.</dc:creator>
  <dc:creator>Eliason, Kevin M.</dc:creator>
  <dc:creator>Jernejcic, Frank A.</dc:creator>
  <dc:creator>Owens, Nathaniel V.</dc:creator>
  <dc:creator>Smith, Dustin M.</dc:creator>
  <dc:type>journal article</dc:type>
  <dc:date>2021-11-15</dc:date>
  <dc:language>en</dc:language>
  <dc:subject>range expansion</dc:subject>
  <dc:subject>Prymnesium parvum</dc:subject>
  <dc:subject>algal bloom</dc:subject>
  <dc:subject>aquatic invasion</dc:subject>
  <dc:subject>invasion impact</dc:subject>
</oai_dc:dc>