<?xml version="1.0" encoding="UTF-8" standalone="yes"?>
<oai_dc:dc xmlns:dc="http://purl.org/dc/elements/1.1/" xmlns:oai_dc="http://www.openarchives.org/OAI/2.0/oai_dc/" xmlns:xsi="http://www.w3.org/2001/XMLSchema-instance" xsi:schemaLocation="http://www.openarchives.org/OAI/2.0/oai_dc/ http://www.openarchives.org/OAI/2.0/oai_dc.xsd">
  <dc:identifier>http://www.wikidata.org/entity/Q33293155</dc:identifier>
  <dc:identifier>https://www.ncbi.nlm.nih.gov/pmc/articles/PMC1937010</dc:identifier>
  <dc:identifier>doi:10.1371/JOURNAL.PPAT.0030107</dc:identifier>
  <dc:title>Epigenetic silencing of Plasmodium falciparum genes linked to erythrocyte invasion</dc:title>
  <dc:creator>Cortés, Alfred</dc:creator>
  <dc:creator>Cortés, Alfred</dc:creator>
  <dc:creator>Carret, Celine</dc:creator>
  <dc:creator>Kaneko, Osamu</dc:creator>
  <dc:creator>Lim, Brian Y S Yim</dc:creator>
  <dc:creator>Ivens, Alasdair</dc:creator>
  <dc:creator>Holder, Anthony A</dc:creator>
  <dc:type>journal article</dc:type>
  <dc:date>2007-08-01</dc:date>
  <dc:language>en</dc:language>
  <dc:subject>gene silencing</dc:subject>
  <dc:subject>Plasmodium falciparum</dc:subject>
  <dc:subject>invasive species</dc:subject>
  <dc:subject>invasion genetics</dc:subject>
  <dc:description>The process of erythrocyte invasion by merozoites of Plasmodium falciparum involves multiple steps, including the formation of a moving junction between parasite and host cell, and it is characterised by the redundancy of many of the receptor-ligand interactions involved. Several parasite proteins that interact with erythrocyte receptors or participate in other steps of invasion are encoded by small subtelomerically located gene families of four to seven members. We report here that members of the eba, rhoph1/clag, acbp, and pfRh multigene families exist in either an active or a silenced state. In the case of two members of the rhoph1/clag family, clag3.1 and clag3.2, expression was mutually exclusive. Silencing was clonally transmitted and occurred in the absence of detectable DNA alterations, suggesting that it is epigenetic. This was demonstrated for eba-140. Our data demonstrate that variant or mutually exclusive expression and epigenetic silencing in Plasmodium are not unique to genes such as var, which encode proteins that are exported to the surface of the erythrocyte, but also occur for genes involved in host cell invasion. Clonal variant expression of invasion-related ligands increases the flexibility of the parasite to adapt to its human host.</dc:description>
</oai_dc:dc>