<?xml version="1.0" encoding="UTF-8" standalone="yes"?>
<oai_dc:dc xmlns:dc="http://purl.org/dc/elements/1.1/" xmlns:oai_dc="http://www.openarchives.org/OAI/2.0/oai_dc/" xmlns:xsi="http://www.w3.org/2001/XMLSchema-instance" xsi:schemaLocation="http://www.openarchives.org/OAI/2.0/oai_dc/ http://www.openarchives.org/OAI/2.0/oai_dc.xsd">
  <dc:identifier>http://www.wikidata.org/entity/Q112778607</dc:identifier>
  <dc:identifier>doi:10.1186/S43170-022-00074-X</dc:identifier>
  <dc:title>Important alien and potential native invasive insect pests of key fruit trees in Sub-Saharan Africa: advances in sustainable pre- and post-harvest management approaches</dc:title>
  <dc:creator>Ndlela, Shepard</dc:creator>
  <dc:creator>Niassy, Saliou</dc:creator>
  <dc:creator>Mohamed, Samira A.</dc:creator>
  <dc:type>journal article</dc:type>
  <dc:date>2022-02-12</dc:date>
  <dc:language>en</dc:language>
  <dc:rights>https://creativecommons.org/licenses/by/4.0</dc:rights>
  <dc:subject>invasion management</dc:subject>
  <dc:publisher>Springer Science and Business Media LLC</dc:publisher>
  <dc:description>&lt;jats:title&gt;Abstract&lt;/jats:title&gt;&lt;jats:p&gt;Fruit production in Sub-Saharan Africa is of paramount importance both socially and economically. Millions of farmers derive livelihoods from mango, avocado, citrus, cashew, and coconut farming, but native and alien invasive species constrain production The region’s capacity to contain invasives is weak due to the absence of national and institutional support systems for early detection, containment, eradication, or management of the pests. Climate change is expected to play a huge role in the influx of more alien invasive species and the shift of ecological requirements of some native species. Though a fair share of pre-and post-management pest management techniques for several insect pests has been developed, adoption and adaptation of the options are limited. Data on economic and social implications are largely lacking, making it challenging to implement informed policy decisions. The existence of the “Strategy for Managing Invasive Species in Africa 2021–2030” promises a paradigm shift in the management of invasives, from reactive thinking to coordinated proactive approaches. The uncoordinated deployment of management measures in the region and the lack of funding, play a negative role in managing the pests effectively. Prospects for enhanced future research are wide, and efforts are currently being channeled to Area-Wide-Integrated Pest Management in a bottom-up approach with stakeholders owning the process. Participatory development of technologies is also taking centre stage, paving the way for increased adoption and adaptation. Postharvest technologies promise to provide the adequate phytosanitary assurance required by countries importing fruit from Sub-Saharan Africa.&lt;/jats:p&gt;</dc:description>
</oai_dc:dc>