<?xml version="1.0" encoding="UTF-8" standalone="yes"?>
<oai_dc:dc xmlns:dc="http://purl.org/dc/elements/1.1/" xmlns:oai_dc="http://www.openarchives.org/OAI/2.0/oai_dc/" xmlns:xsi="http://www.w3.org/2001/XMLSchema-instance" xsi:schemaLocation="http://www.openarchives.org/OAI/2.0/oai_dc/ http://www.openarchives.org/OAI/2.0/oai_dc.xsd">
  <dc:identifier>http://www.wikidata.org/entity/Q39017065</dc:identifier>
  <dc:identifier>doi:10.1111/AOGS.13095</dc:identifier>
  <dc:title>Impact of microbial invasion of amniotic cavity and the type of microorganisms on short-term neonatal outcome in women with preterm labor and intact membranes</dc:title>
  <dc:creator>Cobo, Teresa</dc:creator>
  <dc:creator>Vives, Irene</dc:creator>
  <dc:creator>Rodríguez-Trujillo, Adriano</dc:creator>
  <dc:creator>Murillo, Clara</dc:creator>
  <dc:creator>Ángeles, Martina A</dc:creator>
  <dc:creator>Mestres, Jordi Bosch</dc:creator>
  <dc:creator>Vergara, Andrea</dc:creator>
  <dc:creator>Gratacós, Eduard</dc:creator>
  <dc:creator>Palacio, Montse</dc:creator>
  <dc:type>journal article</dc:type>
  <dc:date>2017-01-17</dc:date>
  <dc:language>en</dc:language>
  <dc:subject>microbial invasion</dc:subject>
  <dc:subject>invasion impact</dc:subject>
  <dc:description>&lt;h4&gt;Introduction&lt;/h4&gt;The objective of this study was to evaluate the impact of microbial invasion of the amniotic cavity and the type of microorganisms on pregnancy and short-term neonatal outcomes in women with preterm labor.&lt;h4&gt;Material and methods&lt;/h4&gt;Prospective observational cohort study including women with preterm labor from 22.0 to 36.0 weeks. Microbial invasion of the amniotic cavity was defined based on amniotic fluid aerobic/anaerobic/mycoplasma cultures, and intra-amniotic inflammation on amniotic fluid interleukin-6 levels. Demographic data and pregnancy outcomes were compared among women exposed to microbial invasion of the amniotic cavity by Ureaplasma spp., women with microbial invasion of the amniotic cavity by other microorganisms, and a No-microbial invasion of the amniotic cavity/No-intra-amniotic inflammation group. The short-term neonatal outcome was evaluated in women delivering after 24.0 weeks.&lt;h4&gt;Results&lt;/h4&gt;We included 228 women with preterm labor. Microbial invasion of the amniotic cavity occurred in 35% (80/228), 28% (22/80) being caused by Ureaplasma spp. Gestational age at admission and at delivery were significantly earlier and the rate of delivery at &lt;24.0 weeks' gestation and of women who further developed clinical chorioamnionitis were significantly higher in women with microbial invasion of the amniotic cavity by microorganisms other than Ureaplasma spp. However, after 24 weeks, regardless of the microorganisms isolated, the short-term neonatal outcome was similar between women exposed to microbial invasion of the amniotic cavity and the No-microbial invasion of the amniotic cavity/No-intra-amniotic inflammation group when gestational age was considered.&lt;h4&gt;Conclusions&lt;/h4&gt;Microbial invasion of the amniotic cavity by microorganisms other than Ureaplasma spp. was associated with earlier gestational age at admission and at delivery, and a higher rate of preterm delivery &lt;24.0 weeks and of women who developed clinical chorioamnionitis. However, we did not find differences in the short-term neonatal outcome between women exposed to microbial invasion of the amniotic cavity and the no-microbial invasion of the amniotic cavity/no-intra-amniotic inflammation group delivering after 24.0 weeks' gestation when adjusted by gestational age at delivery.</dc:description>
</oai_dc:dc>