<?xml version="1.0" encoding="UTF-8" standalone="yes"?>
<oai_dc:dc xmlns:dc="http://purl.org/dc/elements/1.1/" xmlns:oai_dc="http://www.openarchives.org/OAI/2.0/oai_dc/" xmlns:xsi="http://www.w3.org/2001/XMLSchema-instance" xsi:schemaLocation="http://www.openarchives.org/OAI/2.0/oai_dc/ http://www.openarchives.org/OAI/2.0/oai_dc.xsd">
  <dc:identifier>http://www.wikidata.org/entity/Q111159452</dc:identifier>
  <dc:identifier>doi:10.1007/S10530-018-1767-3</dc:identifier>
  <dc:title>Non-native plants affect generalist pollinator diet overlap and foraging behavior indirectly, via impacts on native plant abundance</dc:title>
  <dc:creator>Gillespie, Sandra</dc:creator>
  <dc:creator>Elle, Elizabeth</dc:creator>
  <dc:type>journal article</dc:type>
  <dc:date>2018-05-31</dc:date>
  <dc:language>en</dc:language>
  <dc:subject>pollinator</dc:subject>
  <dc:subject>invasion impact</dc:subject>
</oai_dc:dc>