<?xml version="1.0" encoding="UTF-8" standalone="yes"?>
<oai_dc:dc xmlns:dc="http://purl.org/dc/elements/1.1/" xmlns:oai_dc="http://www.openarchives.org/OAI/2.0/oai_dc/" xmlns:xsi="http://www.w3.org/2001/XMLSchema-instance" xsi:schemaLocation="http://www.openarchives.org/OAI/2.0/oai_dc/ http://www.openarchives.org/OAI/2.0/oai_dc.xsd">
  <dc:identifier>http://www.wikidata.org/entity/Q104579390</dc:identifier>
  <dc:identifier>doi:10.1080/23802359.2019.1670110</dc:identifier>
  <dc:title>The complete chloroplast genome of alien invasive species, &lt;i&gt;Diodia virginiana&lt;/i&gt; L. (rubiaceae), in China</dc:title>
  <dc:creator>Xu, Han</dc:creator>
  <dc:type>journal article</dc:type>
  <dc:date>2019-09-24</dc:date>
  <dc:language>en</dc:language>
  <dc:subject>invasive species</dc:subject>
  <dc:subject>invasion biology</dc:subject>
  <dc:subject>Diodia virginiana</dc:subject>
  <dc:subject>Rubiaceae</dc:subject>
  <dc:description>The first complete chloroplast genome sequences of new intercepted alien weeds in China, &lt;i&gt;Diodia&lt;/i&gt;, were reported in this study. The &lt;i&gt;D. virginiana&lt;/i&gt; plastome was 154,387 bp long, with the large single copy (LSC) region of 83,625 bp, the small single copy (SSC) region of 17,475 bp, and two inverted repeat (IR) regions of 26,643 bp. The plastome contained 137 genes, including 92 proteincoding, eight ribosomal RNA, and 37 transfer RNA genes. The overall GC content was 37.2%. Phylogenetic analysis of 24 representative plastomes within the order Gentianales suggests that subfamily Cinchonoideae is closely related to subfamily Ixoroideae compared with subfamily Rubioideae in Rubiaceae. Tribe Spermacoceae was most closely related to Rubieae among the three representative groups of subfamily Rubioideae.</dc:description>
</oai_dc:dc>