<?xml version="1.0" encoding="UTF-8" standalone="yes"?>
<oai_dc:dc xmlns:dc="http://purl.org/dc/elements/1.1/" xmlns:oai_dc="http://www.openarchives.org/OAI/2.0/oai_dc/" xmlns:xsi="http://www.w3.org/2001/XMLSchema-instance" xsi:schemaLocation="http://www.openarchives.org/OAI/2.0/oai_dc/ http://www.openarchives.org/OAI/2.0/oai_dc.xsd">
  <dc:identifier>http://www.wikidata.org/entity/Q56765448</dc:identifier>
  <dc:identifier>doi:10.3391/AI.2010.5.4.11</dc:identifier>
  <dc:title>Preliminary assessment of feral goldfish impacts on ponds, with particular reference to native crucian carp</dc:title>
  <dc:creator>Copp, Gordon</dc:creator>
  <dc:creator>Tarkan, Serhan</dc:creator>
  <dc:creator>Godard, Michael</dc:creator>
  <dc:creator>Edmonds, Nathan</dc:creator>
  <dc:creator>Wesley, Keith</dc:creator>
  <dc:type>journal article</dc:type>
  <dc:date>2010-12</dc:date>
  <dc:language>en</dc:language>
  <dc:subject>invasion impact</dc:subject>
</oai_dc:dc>