<?xml version="1.0" encoding="UTF-8" standalone="yes"?>
<oai_dc:dc xmlns:dc="http://purl.org/dc/elements/1.1/" xmlns:oai_dc="http://www.openarchives.org/OAI/2.0/oai_dc/" xmlns:xsi="http://www.w3.org/2001/XMLSchema-instance" xsi:schemaLocation="http://www.openarchives.org/OAI/2.0/oai_dc/ http://www.openarchives.org/OAI/2.0/oai_dc.xsd">
  <dc:identifier>http://www.wikidata.org/entity/Q67185739</dc:identifier>
  <dc:identifier>doi:10.3897/NEOBIOTA.47.32608</dc:identifier>
  <dc:title>A citation-based map of concepts in invasion biology</dc:title>
  <dc:creator>Enders, Martin</dc:creator>
  <dc:creator>Havemann, Frank</dc:creator>
  <dc:creator>Jeschke, Jonathan M.</dc:creator>
  <dc:type>journal article</dc:type>
  <dc:date>2019-06-19</dc:date>
  <dc:language>en</dc:language>
  <dc:subject>aquatic science</dc:subject>
  <dc:subject>invasion biology</dc:subject>
</oai_dc:dc>