<?xml version="1.0" encoding="UTF-8" standalone="yes"?>
<oai_dc:dc xmlns:dc="http://purl.org/dc/elements/1.1/" xmlns:oai_dc="http://www.openarchives.org/OAI/2.0/oai_dc/" xmlns:xsi="http://www.w3.org/2001/XMLSchema-instance" xsi:schemaLocation="http://www.openarchives.org/OAI/2.0/oai_dc/ http://www.openarchives.org/OAI/2.0/oai_dc.xsd">
  <dc:identifier>http://www.wikidata.org/entity/Q66678742</dc:identifier>
  <dc:identifier>https://www.ncbi.nlm.nih.gov/pmc/articles/PMC6677317</dc:identifier>
  <dc:identifier>doi:10.1371/JOURNAL.PONE.0220773</dc:identifier>
  <dc:title>Population structuring of the invasive mosquito Aedes albopictus (Diptera: Culicidae) on a microgeographic scale</dc:title>
  <dc:creator>Multini, Laura Cristina</dc:creator>
  <dc:creator>Silva de Souza, Ana Letícia</dc:creator>
  <dc:creator>Marrelli, Mauro Toledo</dc:creator>
  <dc:creator>Wilke, André Barretto Bruno</dc:creator>
  <dc:type>journal article</dc:type>
  <dc:date>2019-08-02</dc:date>
  <dc:language>en</dc:language>
  <dc:subject>Asian tiger mosquito</dc:subject>
  <dc:subject>invasive species</dc:subject>
  <dc:subject>invasive mosquito species</dc:subject>
  <dc:subject>Culicidae</dc:subject>
  <dc:description>Aedes albopictus is an invasive mosquito species that has spread globally and can transmit several arboviruses, including dengue, chikungunya and yellow fever. The species was first reported in Brazil in 1986 and since then has been found in 24 of the 27 Brazilian states, often in peri-urban environments close to highly urbanized areas. To date, population genetics of this important mosquito in areas in the city of São Paulo has not been investigated. In this study, we used 12 microsatellite loci to investigate the microgeographic population genetics of Ae. albopictus, which is present throughout the city of São Paulo. All the analyses revealed structuring of the populations studied, divided into two groups with restricted gene flow between them and without evidence of isolation by distance. We propose two hypotheses to explain the results: (i) low dispersal capability-limited gene flow between populations is due to the low dispersal capability inherent to Ae. albopictus; and (ii) multiple introductions-the structure identified here results from multiple introductions, which led to different dispersal patterns within the city and more genetic heterogeneity. The ability of Ae. albopictus to invade new areas and expand may explain why these mosquito populations appear to be well established and thriving in the city of São Paulo.</dc:description>
</oai_dc:dc>