<?xml version="1.0" encoding="UTF-8" standalone="yes"?>
<oai_dc:dc xmlns:dc="http://purl.org/dc/elements/1.1/" xmlns:oai_dc="http://www.openarchives.org/OAI/2.0/oai_dc/" xmlns:xsi="http://www.w3.org/2001/XMLSchema-instance" xsi:schemaLocation="http://www.openarchives.org/OAI/2.0/oai_dc/ http://www.openarchives.org/OAI/2.0/oai_dc.xsd">
  <dc:identifier>http://www.wikidata.org/entity/Q110829322</dc:identifier>
  <dc:identifier>doi:10.1016/J.JENVMAN.2021.114354</dc:identifier>
  <dc:title>Ecosystem responses to aquatic invasive species management: A synthesis of two decades of bigheaded carp suppression in a large river</dc:title>
  <dc:creator>Altenritter, Matthew E.</dc:creator>
  <dc:creator>DeBoer, Jason A.</dc:creator>
  <dc:creator>Maxson, Kristopher A.</dc:creator>
  <dc:creator>Casper, Andrew F.</dc:creator>
  <dc:creator>Lamer, James T.</dc:creator>
  <dc:type>journal article</dc:type>
  <dc:date>2022-03</dc:date>
  <dc:language>en</dc:language>
  <dc:rights>https://www.elsevier.com/tdm/userlicense/1.0/</dc:rights>
  <dc:subject>invasive species</dc:subject>
  <dc:subject>invasive species management</dc:subject>
  <dc:subject>invasion management</dc:subject>
  <dc:subject>aquatic invasion</dc:subject>
  <dc:publisher>Elsevier BV</dc:publisher>
</oai_dc:dc>