<?xml version="1.0" encoding="UTF-8" standalone="yes"?>
<oai_dc:dc xmlns:dc="http://purl.org/dc/elements/1.1/" xmlns:oai_dc="http://www.openarchives.org/OAI/2.0/oai_dc/" xmlns:xsi="http://www.w3.org/2001/XMLSchema-instance" xsi:schemaLocation="http://www.openarchives.org/OAI/2.0/oai_dc/ http://www.openarchives.org/OAI/2.0/oai_dc.xsd">
  <dc:identifier>http://www.wikidata.org/entity/Q64940062</dc:identifier>
  <dc:identifier>https://www.ncbi.nlm.nih.gov/pmc/articles/PMC6523731</dc:identifier>
  <dc:identifier>doi:10.3390/BIOM9040120</dc:identifier>
  <dc:title>Combining Autoclaving with Mild Alkaline Solution as a Pretreatment Technique to Enhance Glucose Recovery from the Invasive Weed Chloris barbata</dc:title>
  <dc:creator>Obeng, Abraham Kusi</dc:creator>
  <dc:creator>Premjet, Duangporn</dc:creator>
  <dc:creator>Premjet, Siripong</dc:creator>
  <dc:type>journal article</dc:type>
  <dc:date>2019-03-28</dc:date>
  <dc:language>en</dc:language>
  <dc:subject>Chloris barbata</dc:subject>
  <dc:subject>invasive weed</dc:subject>
  <dc:subject>invasive species</dc:subject>
  <dc:description>Developing an optimum pretreatment condition to enhance glucose recovery assessed the potential of Chloris barbata, which is a common invasive weed in Thailand, as a feedstock for bioethanol production. Chloris barbata was exposed to autoclave-assisted alkaline pretreatment by using different sodium hydroxide (NaOH) concentrations (1% to 4%) and heat intensities (110 °C to 130 °C) that were dissipated from autoclaving. The optimum condition for pretreatment was determined to be 2% NaOH at 110 °C for 60 min. At this condition, maximum hydrolysis efficiency (90.0%) and glucose recovery (30.7%), as compared to those of raw C. barbata (15.15% and 6.20%, respectively), were observed. Evaluation of glucose production from 1000 g of C. barbata based on material balance analysis revealed an estimated yield of 304 g after pretreatment at the optimum condition when compared to that of raw C. barbata (61 g), an increase of five-fold. Structural analysis by the scanning electron microscopy (SEM) and X-ray diffraction (XRD) revealed the disruption of the intact structure of C. barbata and an increase in the cellulose crystallinity index (CrI), respectively. The results from this study demonstrate the efficiency of using C. barbata as a potential feedstock for bioethanol production.</dc:description>
</oai_dc:dc>