<?xml version="1.0" encoding="UTF-8" standalone="yes"?>
<oai_dc:dc xmlns:dc="http://purl.org/dc/elements/1.1/" xmlns:oai_dc="http://www.openarchives.org/OAI/2.0/oai_dc/" xmlns:xsi="http://www.w3.org/2001/XMLSchema-instance" xsi:schemaLocation="http://www.openarchives.org/OAI/2.0/oai_dc/ http://www.openarchives.org/OAI/2.0/oai_dc.xsd">
  <dc:identifier>http://www.wikidata.org/entity/Q111159213</dc:identifier>
  <dc:identifier>doi:10.1007/S10530-017-1529-7</dc:identifier>
  <dc:title>Management of invasive plants through ecological resistance</dc:title>
  <dc:creator>Byun, Chaeho</dc:creator>
  <dc:creator>Blois, Sylvie</dc:creator>
  <dc:creator>Brisson, Jacques</dc:creator>
  <dc:type>journal article</dc:type>
  <dc:date>2017-07-28</dc:date>
  <dc:subject>invasive plant</dc:subject>
  <dc:subject>invasion management</dc:subject>
  <dc:subject>invasion biology</dc:subject>
</oai_dc:dc>