<?xml version="1.0" encoding="UTF-8" standalone="yes"?>
<oai_dc:dc xmlns:dc="http://purl.org/dc/elements/1.1/" xmlns:oai_dc="http://www.openarchives.org/OAI/2.0/oai_dc/" xmlns:xsi="http://www.w3.org/2001/XMLSchema-instance" xsi:schemaLocation="http://www.openarchives.org/OAI/2.0/oai_dc/ http://www.openarchives.org/OAI/2.0/oai_dc.xsd">
  <dc:identifier>http://www.wikidata.org/entity/Q110630291</dc:identifier>
  <dc:identifier>doi:10.3897/NEOTROPICAL.14.E37633</dc:identifier>
  <dc:title>Environmental factors affecting the success of exotic plant invasion in a wildland-urban ecotone in temperate South America</dc:title>
  <dc:creator>Nievas, Romina Paola</dc:creator>
  <dc:creator>Calderon, Mirian Roxana</dc:creator>
  <dc:creator>Moglia, Marta Matilde</dc:creator>
  <dc:type>journal article</dc:type>
  <dc:date>2019-07-22</dc:date>
  <dc:language>en</dc:language>
  <dc:subject>ecotone</dc:subject>
  <dc:subject>plant invasion</dc:subject>
</oai_dc:dc>