<?xml version="1.0" encoding="UTF-8" standalone="yes"?>
<oai_dc:dc xmlns:dc="http://purl.org/dc/elements/1.1/" xmlns:oai_dc="http://www.openarchives.org/OAI/2.0/oai_dc/" xmlns:xsi="http://www.w3.org/2001/XMLSchema-instance" xsi:schemaLocation="http://www.openarchives.org/OAI/2.0/oai_dc/ http://www.openarchives.org/OAI/2.0/oai_dc.xsd">
  <dc:identifier>http://www.wikidata.org/entity/Q56765888</dc:identifier>
  <dc:identifier>doi:10.1016/J.BIOCONTROL.2009.12.010</dc:identifier>
  <dc:title>The contribution of Environmental Impact Assessment (EIA) to decision making for biological pest control in South Africa – The case of Lantana camara</dc:title>
  <dc:creator>Sandham, L.A.</dc:creator>
  <dc:creator>Carroll, T.H.</dc:creator>
  <dc:creator>Retief, F.P.</dc:creator>
  <dc:type>journal article</dc:type>
  <dc:date>2010-11</dc:date>
  <dc:language>en</dc:language>
  <dc:rights>https://www.elsevier.com/tdm/userlicense/1.0/</dc:rights>
  <dc:subject>environmental impact assessment</dc:subject>
  <dc:subject>South Africa</dc:subject>
  <dc:subject>Lantana camara</dc:subject>
  <dc:subject>decision making</dc:subject>
  <dc:subject>environmental effects</dc:subject>
  <dc:subject>invasion impact</dc:subject>
  <dc:publisher>Elsevier BV</dc:publisher>
</oai_dc:dc>