<?xml version="1.0" encoding="UTF-8" standalone="yes"?>
<oai_dc:dc xmlns:dc="http://purl.org/dc/elements/1.1/" xmlns:oai_dc="http://www.openarchives.org/OAI/2.0/oai_dc/" xmlns:xsi="http://www.w3.org/2001/XMLSchema-instance" xsi:schemaLocation="http://www.openarchives.org/OAI/2.0/oai_dc/ http://www.openarchives.org/OAI/2.0/oai_dc.xsd">
  <dc:identifier>http://www.wikidata.org/entity/Q21135755</dc:identifier>
  <dc:identifier>https://www.ncbi.nlm.nih.gov/pmc/articles/PMC3018467</dc:identifier>
  <dc:identifier>doi:10.1371/JOURNAL.PONE.0016035</dc:identifier>
  <dc:title>Establishment failure in biological invasions: a case history of Littorina littorea in California, USA</dc:title>
  <dc:creator>Chang, Andrew L</dc:creator>
  <dc:creator>Blakeslee, April M H</dc:creator>
  <dc:creator>Miller, A Whitman</dc:creator>
  <dc:creator>Ruiz, Gregory M</dc:creator>
  <dc:type>journal article</dc:type>
  <dc:date>2011-01-10</dc:date>
  <dc:language>en</dc:language>
  <dc:subject>California</dc:subject>
  <dc:subject>biological invasion</dc:subject>
  <dc:subject>common periwinkle</dc:subject>
  <dc:subject>invasive species</dc:subject>
  <dc:subject>establishment failure</dc:subject>
  <dc:description>&lt;h4&gt;Background&lt;/h4&gt;The early stages of biological invasions are rarely observed, but can provide significant insight into the invasion process as well as the influence vectors have on invasion success or failure.&lt;h4&gt;Methodology/principal findings&lt;/h4&gt;We characterized three newly discovered populations of an introduced gastropod, Littorina littorea (Linné, 1758), in California, USA, comparing them to potential source populations in native Europe and the North American East Coast, where the snail is also introduced. Demographic surveys were used to assess spatial distribution and sizes of the snail in San Francisco and Anaheim Bays, California. Mitochondrial DNA was sequenced and compared among these nascent populations, and various populations from the North American East Coast and Europe, to characterize the California populations and ascertain their likely source. Demographic and genetic data were considered together to deduce likely vectors for the California populations. We found that the three large California L. littorea populations contained only adult snails and had unexpectedly high genetic diversity rather than showing an extreme bottleneck as typically expected in recent introductions. Haplotype diversity in Californian populations was significantly reduced compared to European populations, but not compared to East Coast populations. Genetic analyses clearly suggested the East Coast as the source region for the California introductions.&lt;h4&gt;Conclusions and significance&lt;/h4&gt;The California L. littorea populations were at an early, non-established phase of invasion with no evidence of recruitment. The live seafood trade is the most likely invasion vector for these populations, as it preferentially transports large numbers of adult L. littorea, matching the demographic structure of the introduced California L. littorea populations. Our results highlight continued operation of live seafood trade vectors and the influence of vectors on the demographic and genetic structure of the resulting populations, especially early stages of the invasion process.</dc:description>
</oai_dc:dc>