<?xml version="1.0" encoding="UTF-8" standalone="yes"?>
<oai_dc:dc xmlns:dc="http://purl.org/dc/elements/1.1/" xmlns:oai_dc="http://www.openarchives.org/OAI/2.0/oai_dc/" xmlns:xsi="http://www.w3.org/2001/XMLSchema-instance" xsi:schemaLocation="http://www.openarchives.org/OAI/2.0/oai_dc/ http://www.openarchives.org/OAI/2.0/oai_dc.xsd">
  <dc:identifier>http://www.wikidata.org/entity/Q106415903</dc:identifier>
  <dc:identifier>doi:10.1007/S10530-019-01919-9</dc:identifier>
  <dc:title>Differences in habitat use between the native Eurasian beaver and the invasive North American beaver in Finland</dc:title>
  <dc:creator>Alakoski, Riikka</dc:creator>
  <dc:creator>Kauhala, Kaarina</dc:creator>
  <dc:creator>Selonen, Vesa</dc:creator>
  <dc:type>journal article</dc:type>
  <dc:date>2019-02-08</dc:date>
  <dc:language>en</dc:language>
  <dc:subject>beaver</dc:subject>
  <dc:subject>Finland</dc:subject>
  <dc:subject>invasion biology</dc:subject>
  <dc:subject>invasive species</dc:subject>
  <dc:subject>habitat use</dc:subject>
  <dc:subject>biological invasion</dc:subject>
</oai_dc:dc>