<?xml version="1.0" encoding="UTF-8" standalone="yes"?>
<oai_dc:dc xmlns:dc="http://purl.org/dc/elements/1.1/" xmlns:oai_dc="http://www.openarchives.org/OAI/2.0/oai_dc/" xmlns:xsi="http://www.w3.org/2001/XMLSchema-instance" xsi:schemaLocation="http://www.openarchives.org/OAI/2.0/oai_dc/ http://www.openarchives.org/OAI/2.0/oai_dc.xsd">
  <dc:identifier>http://www.wikidata.org/entity/Q56458587</dc:identifier>
  <dc:identifier>doi:10.5586/ASBP.2014.025</dc:identifier>
  <dc:title>Reduced pollen viability and achene development in Solidago ×niederederi Khek from Poland</dc:title>
  <dc:creator>Migdałek, Grzegorz</dc:creator>
  <dc:creator>Kolczyk, Jolanta</dc:creator>
  <dc:creator>Pliszko, Artur</dc:creator>
  <dc:creator>Kościńska-Pająk, Maria</dc:creator>
  <dc:creator>Słomka, Aneta</dc:creator>
  <dc:type>journal article</dc:type>
  <dc:date>2014</dc:date>
  <dc:language>en</dc:language>
  <dc:subject>pollen</dc:subject>
  <dc:subject>Solidago ×niederederi</dc:subject>
  <dc:subject>invasive plant</dc:subject>
</oai_dc:dc>