<?xml version="1.0" encoding="UTF-8" standalone="yes"?>
<oai_dc:dc xmlns:dc="http://purl.org/dc/elements/1.1/" xmlns:oai_dc="http://www.openarchives.org/OAI/2.0/oai_dc/" xmlns:xsi="http://www.w3.org/2001/XMLSchema-instance" xsi:schemaLocation="http://www.openarchives.org/OAI/2.0/oai_dc/ http://www.openarchives.org/OAI/2.0/oai_dc.xsd">
  <dc:identifier>http://www.wikidata.org/entity/Q100457223</dc:identifier>
  <dc:identifier>doi:10.1371/JOURNAL.PONE.0239742</dc:identifier>
  <dc:title>Characterizing thermal tolerance in the invasive yellow-legged hornet (Vespa velutina nigrithorax): The first step toward a green control method</dc:title>
  <dc:creator>Ruiz-Cristi, Ignacio</dc:creator>
  <dc:creator>Berville, Laurence</dc:creator>
  <dc:creator>Darrouzet, Eric</dc:creator>
  <dc:type>journal article</dc:type>
  <dc:date>2020-10-06</dc:date>
  <dc:language>en</dc:language>
  <dc:subject>Vespa velutina</dc:subject>
  <dc:subject>Vespa velutina nigrithorax</dc:subject>
  <dc:subject>invasive species</dc:subject>
  <dc:description>The yellow-legged hornet, Vespa velutina nigrithorax (Hymenoptera: Vespidae, Lepeletier 1836), is native to Southeast Asia and has been unintentionally introduced in France. The species is spreading in many areas of the world. The European Union has classified V. velutina as a species of concern because the hornet significantly affects beekeeping activities, mostly by preying honeybees (Apis mellifera) at beehive entrances. No current control method is simultaneously eco-friendly and effective. Here, we aimed to develop a greener technique for destroying V. velutina nests, inspired by a defense behavior used by the eastern honeybee (Apis cerana), the "heat ball". In the laboratory, we tested how V. velutina of different sexes, castes, and developmental stages responded to different heat exposure systems employing a range of temperature levels. Overall, the time of death decreased as temperature increased. Hornets died faster when the temperature was gradually increased than when it was instantaneously increased; larvae seemed to be more thermally tolerant. The most promising and potential technique for quickly destroying hornet nests may be steam injection, as the humid airflow system killed all hornets within 13 seconds, and therefore could be a good candidate for a green nest control method.</dc:description>
</oai_dc:dc>