<?xml version="1.0" encoding="UTF-8" standalone="yes"?>
<oai_dc:dc xmlns:dc="http://purl.org/dc/elements/1.1/" xmlns:oai_dc="http://www.openarchives.org/OAI/2.0/oai_dc/" xmlns:xsi="http://www.w3.org/2001/XMLSchema-instance" xsi:schemaLocation="http://www.openarchives.org/OAI/2.0/oai_dc/ http://www.openarchives.org/OAI/2.0/oai_dc.xsd">
  <dc:identifier>http://www.wikidata.org/entity/Q97666519</dc:identifier>
  <dc:identifier>https://hdl.handle.net/10092/100623</dc:identifier>
  <dc:identifier>doi:10.26021/491</dc:identifier>
  <dc:title>Native and exotic flower visitors in the Christchurch Botanic Gardens and their contrasting plant preferences</dc:title>
  <dc:creator>Webber, Christie J.</dc:creator>
  <dc:creator>Peterson, Amanda J.</dc:creator>
  <dc:creator>Kelly, Dave</dc:creator>
  <dc:creator>Clemens, John</dc:creator>
  <dc:type>journal article</dc:type>
  <dc:date>2012</dc:date>
  <dc:language>en</dc:language>
  <dc:subject>Christchurch Botanic Gardens</dc:subject>
</oai_dc:dc>