<?xml version="1.0" encoding="UTF-8" standalone="yes"?>
<oai_dc:dc xmlns:dc="http://purl.org/dc/elements/1.1/" xmlns:oai_dc="http://www.openarchives.org/OAI/2.0/oai_dc/" xmlns:xsi="http://www.w3.org/2001/XMLSchema-instance" xsi:schemaLocation="http://www.openarchives.org/OAI/2.0/oai_dc/ http://www.openarchives.org/OAI/2.0/oai_dc.xsd">
  <dc:identifier>http://www.wikidata.org/entity/Q35907836</dc:identifier>
  <dc:identifier>https://www.ncbi.nlm.nih.gov/pmc/articles/PMC5357264</dc:identifier>
  <dc:identifier>doi:10.1007/S10393-015-1092-6</dc:identifier>
  <dc:title>Parasites as Drivers and Passengers of Human-Mediated Biological Invasions</dc:title>
  <dc:creator>Blackburn, Tim M</dc:creator>
  <dc:creator>Ewen, John G</dc:creator>
  <dc:type>journal article</dc:type>
  <dc:date>2016-01-28</dc:date>
  <dc:language>en</dc:language>
  <dc:subject>hypothesis:propagule pressure hypothesis</dc:subject>
  <dc:subject>hypothesis:wikidata.org/entity/Q110620464</dc:subject>
  <dc:subject>hypothesis:enemy release hypothesis</dc:subject>
  <dc:subject>hypothesis:wikidata.org/entity/Q85759287</dc:subject>
  <dc:subject>physiological phenomena</dc:subject>
  <dc:subject>environment</dc:subject>
  <dc:subject>eukaryote</dc:subject>
  <dc:subject>organism form</dc:subject>
  <dc:subject>biological invasion</dc:subject>
  <dc:subject>invasive species</dc:subject>
  <dc:subject>invasion success</dc:subject>
  <dc:description>We provide an overview of the current state of knowledge of parasites in biological invasions by alien species. Parasites have frequently been invoked as drivers of invasions, but have received less attention as invasion passengers. The evidence to date that parasites drive invasions by hosts is weak: while there is abundant evidence that parasites have effects in the context of alien invasions, there is little evidence to suggest that parasites have differential effects on alien species that succeed versus fail in the invasion process. Particular case studies are suggestive but not yet informative about general effects. What evidence there is for parasites as aliens suggests that the same kind of factors determine their success as for non-parasites. Thus, availability is likely to be an important determinant of the probability of translocation. Establishment and spread are likely to depend on propagule pressure and on the environment being suitable (all necessary hosts and vectors are present); the likelihood of both of these dependencies being favourable will be affected by traits relating to parasite life history and demography. The added complication for the success of parasites as aliens is that often this will depend on the success of their hosts. We discuss how these conclusions help us to understand the likely effects of parasites on the success of establishing host populations (alien or native).</dc:description>
</oai_dc:dc>