<?xml version="1.0" encoding="UTF-8" standalone="yes"?>
<oai_dc:dc xmlns:dc="http://purl.org/dc/elements/1.1/" xmlns:oai_dc="http://www.openarchives.org/OAI/2.0/oai_dc/" xmlns:xsi="http://www.w3.org/2001/XMLSchema-instance" xsi:schemaLocation="http://www.openarchives.org/OAI/2.0/oai_dc/ http://www.openarchives.org/OAI/2.0/oai_dc.xsd">
  <dc:identifier>http://www.wikidata.org/entity/Q56506565</dc:identifier>
  <dc:identifier>doi:10.1016/J.FORECO.2013.01.031</dc:identifier>
  <dc:title>Influence of leaf phenology and site nitrogen on invasive species establishment in temperate deciduous forest understories</dc:title>
  <dc:creator>Dreiss, Lindsay M.</dc:creator>
  <dc:creator>Volin, John C.</dc:creator>
  <dc:type>journal article</dc:type>
  <dc:date>2013-05</dc:date>
  <dc:language>en</dc:language>
  <dc:subject>hypothesis:disturbance hypothesis</dc:subject>
  <dc:subject>hypothesis:wikidata.org/entity/Q115794757</dc:subject>
  <dc:subject>invasive species</dc:subject>
  <dc:subject>deciduous forest</dc:subject>
  <dc:subject>phenology</dc:subject>
</oai_dc:dc>