<?xml version="1.0" encoding="UTF-8" standalone="yes"?>
<oai_dc:dc xmlns:dc="http://purl.org/dc/elements/1.1/" xmlns:oai_dc="http://www.openarchives.org/OAI/2.0/oai_dc/" xmlns:xsi="http://www.w3.org/2001/XMLSchema-instance" xsi:schemaLocation="http://www.openarchives.org/OAI/2.0/oai_dc/ http://www.openarchives.org/OAI/2.0/oai_dc.xsd">
  <dc:identifier>http://www.wikidata.org/entity/Q28728018</dc:identifier>
  <dc:identifier>doi:10.1371/JOURNAL.PONE.0044515</dc:identifier>
  <dc:title>Glacial history of a modern invader: phylogeography and species distribution modelling of the Asian tiger mosquito Aedes albopictus</dc:title>
  <dc:creator>Porretta, Daniele</dc:creator>
  <dc:creator>Mastrantonio, Valentina</dc:creator>
  <dc:creator>Bellini, Romeo</dc:creator>
  <dc:creator>Somboon, Pradya</dc:creator>
  <dc:creator>Urbanelli, Sandra</dc:creator>
  <dc:type>journal article</dc:type>
  <dc:date>2012</dc:date>
  <dc:language>en</dc:language>
  <dc:subject>Asian tiger mosquito</dc:subject>
  <dc:subject>phylogeography</dc:subject>
  <dc:subject>invasive species</dc:subject>
  <dc:subject>species distribution</dc:subject>
  <dc:description>&lt;h4&gt;Background&lt;/h4&gt;The tiger mosquito, Aedes albopictus, is one of the 100 most invasive species in the world and a vector of human diseases. In the last 30 years, it has spread from its native range in East Asia to Africa, Europe, and the Americas. Although this modern invasion has been the focus of many studies, the history of the species' native populations remains poorly understood. Here, we aimed to assess the role of Pleistocene climatic changes in shaping the current distribution of the species in its native range.&lt;h4&gt;Methodology/principal findings&lt;/h4&gt;We investigated the phylogeography, historical demography, and species distribution of Ae. albopictus native populations at the Last Glacial Maximum (LGM). Individuals from 16 localities from East Asia were analyzed for sequence variation at two mitochondrial genes. No phylogeographic structure was observed across the study area. Demographic analyses showed a signature of population expansion that started roughly 70,000 years BP. The occurrence of a continuous and climatically suitable area comprising Southeast China, Indochinese Peninsula, and Sundaland during LGM was indicated by species distribution modelling.&lt;h4&gt;Conclusions/significance&lt;/h4&gt;Our results suggest an evolutionary scenario in which, during the last glacial phase, Ae. albopictus did not experience a fragmentation phase but rather persisted in interconnected populations and experienced demographic growth. The wide ecological flexibility of the species probably played a crucial role in its response to glacial-induced environmental changes. Currently, there is little information on the impact of Pleistocene climatic changes on animal species in East Asia. Most of the studies focused on forest-associated species and suggested cycles of glacial fragmentation and post-glacial expansion. The case of Ae. albopictus, which exhibits a pattern not previously observed in the study area, adds an important piece to our understanding of the Pleistocene history of East Asian biota.</dc:description>
</oai_dc:dc>