<?xml version="1.0" encoding="UTF-8" standalone="yes"?>
<oai_dc:dc xmlns:dc="http://purl.org/dc/elements/1.1/" xmlns:oai_dc="http://www.openarchives.org/OAI/2.0/oai_dc/" xmlns:xsi="http://www.w3.org/2001/XMLSchema-instance" xsi:schemaLocation="http://www.openarchives.org/OAI/2.0/oai_dc/ http://www.openarchives.org/OAI/2.0/oai_dc.xsd">
  <dc:identifier>http://www.wikidata.org/entity/Q73475938</dc:identifier>
  <dc:identifier>doi:10.1371/JOURNAL.PONE.0220082</dc:identifier>
  <dc:title>A case of silent invasion: Citizen science confirms the presence of Harmonia axyridis (Coleoptera, Coccinellidae) in Central America</dc:title>
  <dc:creator>Hiller, Thomas</dc:creator>
  <dc:creator>Hiller, Thomas</dc:creator>
  <dc:creator>Haelewaters, Danny</dc:creator>
  <dc:creator>Haelewaters, Danny</dc:creator>
  <dc:type>journal article</dc:type>
  <dc:date>2019-07-18</dc:date>
  <dc:language>en</dc:language>
  <dc:subject>citizen science</dc:subject>
  <dc:subject>Harmonia axyridis</dc:subject>
  <dc:subject>invasive species</dc:subject>
  <dc:subject>Coleoptera</dc:subject>
  <dc:subject>Coccinellidae</dc:subject>
  <dc:description>Harmonia axyridis (Coleoptera, Coccinellidae) is a globally invasive ladybird. It has been intentionally introduced in many countries as a biological control agent, whereas it has been unintentionally released in many others. Climatic factors are important in limiting the spread of H. axyridis. For example, very few records are known from tropical or desert regions. Currently, no published reports are known from Central America. Here, we report H. axyridis from Costa Rica, Guatemala, Honduras, Panama, and Puerto Rico. Specimens were either observed by the authors, discovered in dried insect collections, or retrieved from searching through online photographs available from the citizen science project iNaturalist and the photo-sharing website Flickr. These new records and the wide distribution of H. axyridis in Latin America suggest several invasion events, which have gone unnoticed until now. We stress the need for further, large-scale monitoring and show the advantage of citizen science to assess the presence of invasive alien species.</dc:description>
</oai_dc:dc>