<?xml version="1.0" encoding="UTF-8" standalone="yes"?>
<oai_dc:dc xmlns:dc="http://purl.org/dc/elements/1.1/" xmlns:oai_dc="http://www.openarchives.org/OAI/2.0/oai_dc/" xmlns:xsi="http://www.w3.org/2001/XMLSchema-instance" xsi:schemaLocation="http://www.openarchives.org/OAI/2.0/oai_dc/ http://www.openarchives.org/OAI/2.0/oai_dc.xsd">
  <dc:identifier>http://www.wikidata.org/entity/Q111159588</dc:identifier>
  <dc:identifier>doi:10.1007/S10530-018-1843-8</dc:identifier>
  <dc:title>Comparative functional responses of introduced and native ladybird beetles track ecological impact through predation and competition</dc:title>
  <dc:creator>Crookes, Steven</dc:creator>
  <dc:creator>DeRoy, Emma M.</dc:creator>
  <dc:creator>Dick, Jaimie T. A.</dc:creator>
  <dc:creator>MacIsaac, Hugh J.</dc:creator>
  <dc:type>journal article</dc:type>
  <dc:date>2018-09-10</dc:date>
  <dc:language>en</dc:language>
  <dc:subject>invasion impact</dc:subject>
  <dc:subject>predation</dc:subject>
</oai_dc:dc>