<?xml version="1.0" encoding="UTF-8" standalone="yes"?>
<oai_dc:dc xmlns:dc="http://purl.org/dc/elements/1.1/" xmlns:oai_dc="http://www.openarchives.org/OAI/2.0/oai_dc/" xmlns:xsi="http://www.w3.org/2001/XMLSchema-instance" xsi:schemaLocation="http://www.openarchives.org/OAI/2.0/oai_dc/ http://www.openarchives.org/OAI/2.0/oai_dc.xsd">
  <dc:identifier>http://www.wikidata.org/entity/Q105878241</dc:identifier>
  <dc:identifier>doi:10.1111/AEC.12482</dc:identifier>
  <dc:title>Establishment of native grasses and their impact on exotic annuals in degraded box gum woodlands</dc:title>
  <dc:creator>Cole, Ian</dc:creator>
  <dc:creator>Prober, Suzanne</dc:creator>
  <dc:creator>Lunt, Ian</dc:creator>
  <dc:creator>Koen, Terry</dc:creator>
  <dc:type>journal article</dc:type>
  <dc:date>2017-02-28</dc:date>
  <dc:language>en</dc:language>
  <dc:subject>invasion impact</dc:subject>
</oai_dc:dc>