<?xml version="1.0" encoding="UTF-8" standalone="yes"?>
<oai_dc:dc xmlns:dc="http://purl.org/dc/elements/1.1/" xmlns:oai_dc="http://www.openarchives.org/OAI/2.0/oai_dc/" xmlns:xsi="http://www.w3.org/2001/XMLSchema-instance" xsi:schemaLocation="http://www.openarchives.org/OAI/2.0/oai_dc/ http://www.openarchives.org/OAI/2.0/oai_dc.xsd">
  <dc:identifier>http://www.wikidata.org/entity/Q105690607</dc:identifier>
  <dc:identifier>doi:10.3897/ZOOLOGIA.37.E50834</dc:identifier>
  <dc:title>The puzzling occurrence of the upside-down jellyfish Cassiopea (Cnidaria: Scyphozoa) along the Brazilian coast: a result of several invasion events?</dc:title>
  <dc:creator>Stampar, Sérgio N.</dc:creator>
  <dc:creator>Gamero-Mora, Edgar</dc:creator>
  <dc:creator>Maronna, Maximiliano M.</dc:creator>
  <dc:creator>Fritscher, Juliano Mauricio</dc:creator>
  <dc:creator>Oliveira, Bruno S.P.</dc:creator>
  <dc:creator>Sampaio, Cláudio Luis Santos</dc:creator>
  <dc:creator>Morandini, André Carrara</dc:creator>
  <dc:type>journal article</dc:type>
  <dc:date>2020-12-09</dc:date>
  <dc:language>en</dc:language>
  <dc:subject>Cassiopea</dc:subject>
  <dc:subject>Brazil</dc:subject>
  <dc:subject>Cnidaria</dc:subject>
  <dc:subject>invasive species</dc:subject>
  <dc:subject>coastal invasion</dc:subject>
</oai_dc:dc>