<?xml version="1.0" encoding="UTF-8" standalone="yes"?>
<oai_dc:dc xmlns:dc="http://purl.org/dc/elements/1.1/" xmlns:oai_dc="http://www.openarchives.org/OAI/2.0/oai_dc/" xmlns:xsi="http://www.w3.org/2001/XMLSchema-instance" xsi:schemaLocation="http://www.openarchives.org/OAI/2.0/oai_dc/ http://www.openarchives.org/OAI/2.0/oai_dc.xsd">
  <dc:identifier>http://www.wikidata.org/entity/Q111159241</dc:identifier>
  <dc:identifier>doi:10.3375/043.040.0110</dc:identifier>
  <dc:title>Alternative Grazing Management Strategies Combat Invasive Grass Dominance</dc:title>
  <dc:creator>Dornbusch, Megan J.</dc:creator>
  <dc:creator>Limb, Ryan F.</dc:creator>
  <dc:creator>Sedivec, Kevin K.</dc:creator>
  <dc:type>journal article</dc:type>
  <dc:date>2020-01-14</dc:date>
  <dc:subject>invasive grass</dc:subject>
  <dc:subject>invasion management</dc:subject>
</oai_dc:dc>