<?xml version="1.0" encoding="UTF-8" standalone="yes"?>
<oai_dc:dc xmlns:dc="http://purl.org/dc/elements/1.1/" xmlns:oai_dc="http://www.openarchives.org/OAI/2.0/oai_dc/" xmlns:xsi="http://www.w3.org/2001/XMLSchema-instance" xsi:schemaLocation="http://www.openarchives.org/OAI/2.0/oai_dc/ http://www.openarchives.org/OAI/2.0/oai_dc.xsd">
  <dc:identifier>http://www.wikidata.org/entity/Q56752144</dc:identifier>
  <dc:identifier>doi:10.1080/0035919X.2017.1288175</dc:identifier>
  <dc:title>The challenges of managing invasive alien plants on private land in the Cape Floristic Region: insights from Vergelegen Wine Estate (2004–2015)</dc:title>
  <dc:creator>Rensburg, Jacques</dc:creator>
  <dc:creator>Wilgen, Brian W.</dc:creator>
  <dc:creator>Richardson, David M.</dc:creator>
  <dc:type>journal article</dc:type>
  <dc:date>2017-03-10</dc:date>
  <dc:language>en</dc:language>
  <dc:subject>invasive species</dc:subject>
  <dc:subject>invasion management</dc:subject>
  <dc:publisher>Informa UK Limited</dc:publisher>
</oai_dc:dc>