<?xml version="1.0" encoding="UTF-8" standalone="yes"?>
<oai_dc:dc xmlns:dc="http://purl.org/dc/elements/1.1/" xmlns:oai_dc="http://www.openarchives.org/OAI/2.0/oai_dc/" xmlns:xsi="http://www.w3.org/2001/XMLSchema-instance" xsi:schemaLocation="http://www.openarchives.org/OAI/2.0/oai_dc/ http://www.openarchives.org/OAI/2.0/oai_dc.xsd">
  <dc:identifier>http://www.wikidata.org/entity/Q111322749</dc:identifier>
  <dc:identifier>doi:10.3390/BIOLOGY10101059</dc:identifier>
  <dc:title>Population Ecology and Genetic Diversity of the Invasive Alien Species &lt;i&gt;Procambarus clarkii&lt;/i&gt; in Lake Trasimeno (Italy)</dc:title>
  <dc:creator>Dörr, Ambrosius Josef Martin</dc:creator>
  <dc:creator>Scoparo, Melissa</dc:creator>
  <dc:creator>Cardinali, Irene</dc:creator>
  <dc:creator>La Porta, Gianandrea</dc:creator>
  <dc:creator>Caldaroni, Barbara</dc:creator>
  <dc:creator>Magara, Gabriele</dc:creator>
  <dc:creator>Pallottini, Matteo</dc:creator>
  <dc:creator>Selvaggi, Roberta</dc:creator>
  <dc:creator>Cenci-Goga, Beniamino</dc:creator>
  <dc:creator>Goretti, Enzo</dc:creator>
  <dc:creator>Cappelletti, David</dc:creator>
  <dc:creator>Lancioni, Hovirag</dc:creator>
  <dc:creator>Elia, Antonia Concetta</dc:creator>
  <dc:type>journal article</dc:type>
  <dc:date>2021-10-18</dc:date>
  <dc:language>en</dc:language>
  <dc:subject>Procambarus clarkii</dc:subject>
  <dc:subject>invasion genetics</dc:subject>
  <dc:subject>invasive species</dc:subject>
  <dc:subject>introduced species</dc:subject>
  <dc:subject>genetic diversity</dc:subject>
  <dc:subject>freshwater ecology</dc:subject>
  <dc:subject>aquatic invasion</dc:subject>
  <dc:description>The deliberate or accidental introduction of invasive alien species (IAS) causes negative ecological and economic impacts altering ecosystem processes, imperiling native species and causing damage to human endeavors. A monthly monitoring program was performed in Lake Trasimeno (Central Italy) from July 2018 to July 2019 in order to provide an upgrade of the population ecology of Procambarus clarkii and to assess the genetic diversity by analyzing the relationships among mitochondrial DNA diversity. Our results confirmed that P. clarkii is well acclimatized in the lake, revealing a stable population structure favored by the resources and conditions typical of this ecosystem, which seem to be optimal for the maintenance of the species. Four distinct mitochondrial haplotypes were detected, but one of them was clearly overrepresented (76%), suggesting that a single predominant introduction event may have occurred in this area, likely followed by secondary events. The identification of the typical genetic variants provides a better understanding of the evolutionary scenarios of P. clarkii in this biotope and it can be helpful in management plans concerning the expanding populations of this invasive alien species.</dc:description>
</oai_dc:dc>