<?xml version="1.0" encoding="UTF-8" standalone="yes"?>
<oai_dc:dc xmlns:dc="http://purl.org/dc/elements/1.1/" xmlns:oai_dc="http://www.openarchives.org/OAI/2.0/oai_dc/" xmlns:xsi="http://www.w3.org/2001/XMLSchema-instance" xsi:schemaLocation="http://www.openarchives.org/OAI/2.0/oai_dc/ http://www.openarchives.org/OAI/2.0/oai_dc.xsd">
  <dc:identifier>http://www.wikidata.org/entity/Q51149193</dc:identifier>
  <dc:identifier>https://www.ncbi.nlm.nih.gov/pmc/articles/PMC6113899</dc:identifier>
  <dc:identifier>doi:10.1080/20469047.2018.1446485</dc:identifier>
  <dc:title>Invasive Cronobacter species infection in infants and children admitted to a rural Kenyan hospital with a high prevalence of malnutrition</dc:title>
  <dc:creator>Piper, Joe D</dc:creator>
  <dc:creator>Mwarumba, Salim</dc:creator>
  <dc:creator>Ngari, Moses</dc:creator>
  <dc:creator>Mvera, Benedict</dc:creator>
  <dc:creator>Morpeth, Susan</dc:creator>
  <dc:creator>Berkley, James</dc:creator>
  <dc:type>journal article</dc:type>
  <dc:date>2018-03-13</dc:date>
  <dc:language>en</dc:language>
  <dc:subject>invasion biology</dc:subject>
  <dc:subject>malnutrition</dc:subject>
  <dc:subject>Kenya</dc:subject>
  <dc:subject>rural area</dc:subject>
  <dc:subject>Cronobacter</dc:subject>
  <dc:subject>infectious disease</dc:subject>
  <dc:subject>hospital</dc:subject>
  <dc:subject>pediatrics</dc:subject>
  <dc:subject>invasive species</dc:subject>
  <dc:description>For children with acute malnutrition, ready-to-use therapeutic foods (RUTF) are lifesaving treatments. In 2012, detailed testing detected Enterobacteriaceae including Cronobacter species at low levels in RUTF from all UNICEF-approved producers. Cronobacter in milk feeds has previously been associated with severe neonatal infections. Thus, given the susceptibility of severely malnourished children to invasive bacterial infections, concerns arose about the potential for Cronobacter infections from RUTF. This led to widespread production and supply problems in emergency feeding programmes. The KEMRI/Wellcome Trust Research Programme has conducted systematic surveillance for invasive bacterial infections among children admitted to Kilifi County Hospital, Kenya since 1998. 65,426 paediatric blood and cerebrospinal fluid cultures from 52,733 admissions resulted in 3953 with growth of a pathogenic organism. From the 60 Enterobacter and Cronobacter isolates, possible Cronobacter species were initially selected from their original API-20E biochemical profile, which was repeated and then confirmed using ID-32E. Only two isolates were consistent with Cronobacter species, neither case had received RUTF. Serious infection due to Cronobacter species does not have a significant burden in this population. This has important implications for the continued supply, manufacture and monitoring of emergency feeds for malnourished children.</dc:description>
</oai_dc:dc>