<?xml version="1.0" encoding="UTF-8" standalone="yes"?>
<oai_dc:dc xmlns:dc="http://purl.org/dc/elements/1.1/" xmlns:oai_dc="http://www.openarchives.org/OAI/2.0/oai_dc/" xmlns:xsi="http://www.w3.org/2001/XMLSchema-instance" xsi:schemaLocation="http://www.openarchives.org/OAI/2.0/oai_dc/ http://www.openarchives.org/OAI/2.0/oai_dc.xsd">
  <dc:identifier>http://www.wikidata.org/entity/Q111159423</dc:identifier>
  <dc:identifier>doi:10.1007/S10530-018-1734-Z</dc:identifier>
  <dc:title>Impact of invasive slash pine (Pinus elliottii) on groundcover vegetation at home and abroad</dc:title>
  <dc:creator>Brewer, John Stephen</dc:creator>
  <dc:creator>Souza, Flaviana Maluf</dc:creator>
  <dc:creator>Callaway, Ragan M.</dc:creator>
  <dc:creator>Durigan, Giselda</dc:creator>
  <dc:type>journal article</dc:type>
  <dc:date>2018-05-21</dc:date>
  <dc:language>en</dc:language>
  <dc:subject>Pinus elliottii</dc:subject>
  <dc:subject>invasive species</dc:subject>
  <dc:subject>invasion impact</dc:subject>
</oai_dc:dc>