<?xml version="1.0" encoding="UTF-8" standalone="yes"?>
<oai_dc:dc xmlns:dc="http://purl.org/dc/elements/1.1/" xmlns:oai_dc="http://www.openarchives.org/OAI/2.0/oai_dc/" xmlns:xsi="http://www.w3.org/2001/XMLSchema-instance" xsi:schemaLocation="http://www.openarchives.org/OAI/2.0/oai_dc/ http://www.openarchives.org/OAI/2.0/oai_dc.xsd">
  <dc:identifier>http://www.wikidata.org/entity/Q114752428</dc:identifier>
  <dc:identifier>doi:10.2139/SSRN.4174733</dc:identifier>
  <dc:title>Rice–Crayfish Coculture: An Agricultural Model for Successful Utilization of Invasive Species in China. Meta-Analysis and Field Experiment</dc:title>
  <dc:creator>Guo, Yao</dc:creator>
  <dc:creator>Yu, Ming</dc:creator>
  <dc:creator>Chen, Kai</dc:creator>
  <dc:creator>Wang, Jinping</dc:creator>
  <dc:creator>Cao, Cougui</dc:creator>
  <dc:creator>Liu, Juan</dc:creator>
  <dc:creator>Yang, Jiang</dc:creator>
  <dc:type>journal article</dc:type>
  <dc:date>2022-07-02</dc:date>
  <dc:subject>invasive species</dc:subject>
  <dc:subject>invasion impact</dc:subject>
  <dc:publisher>Elsevier BV</dc:publisher>
</oai_dc:dc>