<?xml version="1.0" encoding="UTF-8" standalone="yes"?>
<oai_dc:dc xmlns:dc="http://purl.org/dc/elements/1.1/" xmlns:oai_dc="http://www.openarchives.org/OAI/2.0/oai_dc/" xmlns:xsi="http://www.w3.org/2001/XMLSchema-instance" xsi:schemaLocation="http://www.openarchives.org/OAI/2.0/oai_dc/ http://www.openarchives.org/OAI/2.0/oai_dc.xsd">
  <dc:identifier>http://www.wikidata.org/entity/Q111147550</dc:identifier>
  <dc:identifier>doi:10.3390/D2050738</dc:identifier>
  <dc:title>From Points to Forecasts: Predicting Invasive Species Habitat Suitability in the Near Term</dc:title>
  <dc:creator>Holcombe, Tracy R.</dc:creator>
  <dc:creator>Stohlgren, Thomas J.</dc:creator>
  <dc:creator>Jarnevich, Catherine S.</dc:creator>
  <dc:type>journal article</dc:type>
  <dc:date>2010-05-12</dc:date>
  <dc:language>en</dc:language>
  <dc:subject>invasive species</dc:subject>
  <dc:subject>habitat suitability</dc:subject>
  <dc:subject>biological invasion</dc:subject>
</oai_dc:dc>