<?xml version="1.0" encoding="UTF-8" standalone="yes"?>
<oai_dc:dc xmlns:dc="http://purl.org/dc/elements/1.1/" xmlns:oai_dc="http://www.openarchives.org/OAI/2.0/oai_dc/" xmlns:xsi="http://www.w3.org/2001/XMLSchema-instance" xsi:schemaLocation="http://www.openarchives.org/OAI/2.0/oai_dc/ http://www.openarchives.org/OAI/2.0/oai_dc.xsd">
  <dc:identifier>http://www.wikidata.org/entity/Q34558345</dc:identifier>
  <dc:identifier>doi:10.1371/JOURNAL.PONE.0053001</dc:identifier>
  <dc:title>Population and landscape genetics of an introduced species (M. fascicularis) on the island of Mauritius</dc:title>
  <dc:creator>Trask, Jessica Satkoski</dc:creator>
  <dc:creator>George, Debra</dc:creator>
  <dc:creator>Houghton, Paul</dc:creator>
  <dc:creator>Kanthaswamy, Sree</dc:creator>
  <dc:creator>Smith, David Glenn</dc:creator>
  <dc:type>journal article</dc:type>
  <dc:date>2013-01-14</dc:date>
  <dc:language>en</dc:language>
  <dc:subject>Mauritius</dc:subject>
  <dc:subject>introduced species</dc:subject>
  <dc:description>The cynomolgus macaque, Macaca fascicularis, was introduced onto the island of Mauritius in the early 17(th) century. The species experienced explosive population growth, and currently exists at high population densities. Anecdotes collected from nonhuman primate trappers on the island of Mauritius allege that animals from the northern portion of the island are larger in body size than and superior in condition to their conspecifics in the south. Although previous genetic studies have reported Mauritian cynomolgus macaques to be panmictic, the individuals included in these studies were either from the southern/central or an unknown portion of the island. In this study, we sampled individuals broadly throughout the entire island of Mauritius and used spatial principle component analysis to measure the fine-scale correlation between geographic and genetic distance in this population. A stronger correlation between geographic and genetic distance was found among animals in the north than in those in the southern and central portions of the island. We found no difference in body weight between the two groups, despite anecdotal evidence to the contrary. We hypothesize that the increased genetic structure among populations in the north is related to a reduction in dispersal distance brought about by human habitation and tourist infrastructure, but too recent to have produced true genetic differentiation.</dc:description>
</oai_dc:dc>