<?xml version="1.0" encoding="UTF-8" standalone="yes"?>
<oai_dc:dc xmlns:dc="http://purl.org/dc/elements/1.1/" xmlns:oai_dc="http://www.openarchives.org/OAI/2.0/oai_dc/" xmlns:xsi="http://www.w3.org/2001/XMLSchema-instance" xsi:schemaLocation="http://www.openarchives.org/OAI/2.0/oai_dc/ http://www.openarchives.org/OAI/2.0/oai_dc.xsd">
  <dc:identifier>http://www.wikidata.org/entity/Q107373814</dc:identifier>
  <dc:identifier>doi:10.1007/978-3-030-32394-3_31</dc:identifier>
  <dc:title>Potential Futures of Biological Invasions in South Africa</dc:title>
  <dc:creator>Wilson, John R.</dc:creator>
  <dc:creator>Measey, John</dc:creator>
  <dc:creator>Richardson, David M.</dc:creator>
  <dc:creator>Wilgen, Brian W.</dc:creator>
  <dc:creator>Zengeya, Tsungai A</dc:creator>
  <dc:type>journal article</dc:type>
  <dc:date>2020</dc:date>
  <dc:language>en</dc:language>
  <dc:subject>biological invasion</dc:subject>
</oai_dc:dc>