<?xml version="1.0" encoding="UTF-8" standalone="yes"?>
<oai_dc:dc xmlns:dc="http://purl.org/dc/elements/1.1/" xmlns:oai_dc="http://www.openarchives.org/OAI/2.0/oai_dc/" xmlns:xsi="http://www.w3.org/2001/XMLSchema-instance" xsi:schemaLocation="http://www.openarchives.org/OAI/2.0/oai_dc/ http://www.openarchives.org/OAI/2.0/oai_dc.xsd">
  <dc:identifier>http://www.wikidata.org/entity/Q56398154</dc:identifier>
  <dc:identifier>doi:10.1007/S11258-016-0601-1</dc:identifier>
  <dc:title>Historical contingency and spatial processes rather than ecological niche differentiation explain the distribution of invasive goldenrods (Solidago and Euthamia)</dc:title>
  <dc:creator>Szymura, Magdalena</dc:creator>
  <dc:creator>Szymura, Tomasz H.</dc:creator>
  <dc:type>journal article</dc:type>
  <dc:date>2016-04-13</dc:date>
  <dc:language>en</dc:language>
  <dc:subject>Niche differentiation</dc:subject>
  <dc:subject>invasion biology</dc:subject>
  <dc:subject>ecological niche</dc:subject>
  <dc:subject>invasion success</dc:subject>
</oai_dc:dc>