<?xml version="1.0" encoding="UTF-8" standalone="yes"?>
<oai_dc:dc xmlns:dc="http://purl.org/dc/elements/1.1/" xmlns:oai_dc="http://www.openarchives.org/OAI/2.0/oai_dc/" xmlns:xsi="http://www.w3.org/2001/XMLSchema-instance" xsi:schemaLocation="http://www.openarchives.org/OAI/2.0/oai_dc/ http://www.openarchives.org/OAI/2.0/oai_dc.xsd">
  <dc:identifier>http://www.wikidata.org/entity/Q56395663</dc:identifier>
  <dc:identifier>doi:10.1371/JOURNAL.PONE.0200027</dc:identifier>
  <dc:title>Reproductive strategy and gamete development of an invasive fanworm, Sabella spallanzanii (Polychaeta: Sabellidae), a field study in Gulf St Vincent, South Australia</dc:title>
  <dc:creator>Lee, Aria L</dc:creator>
  <dc:creator>Dafforn, Katherine A.</dc:creator>
  <dc:creator>Hutchings, Pat A</dc:creator>
  <dc:creator>Johnston, Emma</dc:creator>
  <dc:type>journal article</dc:type>
  <dc:date>2018-07-03</dc:date>
  <dc:language>en</dc:language>
  <dc:subject>Sabella spallanzanii</dc:subject>
  <dc:subject>Australia</dc:subject>
  <dc:subject>invasive species</dc:subject>
  <dc:description>Several reproductive strategies have been identified as key factors that contribute to the establishment and dispersal of invasive species in new environments. These strategies include early maturity, high reproductive capacity and flexibility in timing of reproduction. It is therefore critical to investigate the reproductive biology of target exotic species to understand their potential for population increase and invasive spread, and to inform management control strategies. The European fanworm, Sabella spallanzanii (Gmelin 1791), has established invasive populations along the southern coast of Australia. Gamete development and reproductive periodicity of this worm were investigated in two populations in Gulf St Vincent in South Australia over a 1 year period (July 2012 to June 2013). Samples of worms were collected monthly and dissected for histological analysis. Most individuals reached reproductive maturity at 70 mm body length (thorax and abdomen). Individuals from both populations contained mature and developing gametes year-round and a distinct spawning season was not observed. This may indicate sustained spawning by the population over the year, which provides a constant supply of new recruits to the area. Body length and egg size of worms from these populations were smaller than conspecifics in its native range and other invasive locations. Reproduction and development of S. spallanzanii differs not only between native and invasive locations, but also within invasive locations. This study has shown that S. spallanzanii exhibits a higher phenotypic plasticity and reproductive flexibility than previously known.</dc:description>
</oai_dc:dc>