<?xml version="1.0" encoding="UTF-8" standalone="yes"?>
<oai_dc:dc xmlns:dc="http://purl.org/dc/elements/1.1/" xmlns:oai_dc="http://www.openarchives.org/OAI/2.0/oai_dc/" xmlns:xsi="http://www.w3.org/2001/XMLSchema-instance" xsi:schemaLocation="http://www.openarchives.org/OAI/2.0/oai_dc/ http://www.openarchives.org/OAI/2.0/oai_dc.xsd">
  <dc:identifier>http://www.wikidata.org/entity/Q110829216</dc:identifier>
  <dc:identifier>doi:10.1080/09583157.2016.1258453</dc:identifier>
  <dc:title>Impact of the arundo wasp,Tetramesa romana(Hymenoptera: Eurytomidae), on biomass of the invasive weed,Arundo donax(Poaceae: Arundinoideae), and on revegetation of riparian habitat along the Rio Grande in Texas</dc:title>
  <dc:creator>Moran, Patrick J.</dc:creator>
  <dc:creator>Vacek, Ann T.</dc:creator>
  <dc:creator>Racelis, Alexis E.</dc:creator>
  <dc:creator>Pratt, Paul D.</dc:creator>
  <dc:creator>Goolsby, John A.</dc:creator>
  <dc:type>journal article</dc:type>
  <dc:date>2017-01-02</dc:date>
  <dc:language>en</dc:language>
  <dc:subject>invasive weed</dc:subject>
  <dc:subject>Tetramesa romana</dc:subject>
  <dc:subject>Arundo donax</dc:subject>
  <dc:subject>invasive species</dc:subject>
  <dc:subject>Hymenoptera</dc:subject>
  <dc:subject>Eurytomidae</dc:subject>
  <dc:subject>Poaceae</dc:subject>
  <dc:subject>aquatic invasion</dc:subject>
  <dc:subject>biological invasion</dc:subject>
  <dc:subject>invasion impact</dc:subject>
  <dc:publisher>Informa UK Limited</dc:publisher>
</oai_dc:dc>