<?xml version="1.0" encoding="UTF-8" standalone="yes"?>
<oai_dc:dc xmlns:dc="http://purl.org/dc/elements/1.1/" xmlns:oai_dc="http://www.openarchives.org/OAI/2.0/oai_dc/" xmlns:xsi="http://www.w3.org/2001/XMLSchema-instance" xsi:schemaLocation="http://www.openarchives.org/OAI/2.0/oai_dc/ http://www.openarchives.org/OAI/2.0/oai_dc.xsd">
  <dc:identifier>http://www.wikidata.org/entity/Q56765490</dc:identifier>
  <dc:identifier>doi:10.2744/CCB-0793.1</dc:identifier>
  <dc:title>Impact of the Seasonal Invasion of Phragmites australis (Common Reed) on Turtle Reproductive Success</dc:title>
  <dc:creator>Bolton, Ryan M.</dc:creator>
  <dc:creator>Brooks, Ronald J.</dc:creator>
  <dc:type>journal article</dc:type>
  <dc:date>2010-12</dc:date>
  <dc:language>en</dc:language>
  <dc:subject>Phragmites australis</dc:subject>
  <dc:subject>invasive species</dc:subject>
  <dc:subject>reproductive success</dc:subject>
  <dc:subject>invasion impact</dc:subject>
</oai_dc:dc>