<?xml version="1.0" encoding="UTF-8" standalone="yes"?>
<oai_dc:dc xmlns:dc="http://purl.org/dc/elements/1.1/" xmlns:oai_dc="http://www.openarchives.org/OAI/2.0/oai_dc/" xmlns:xsi="http://www.w3.org/2001/XMLSchema-instance" xsi:schemaLocation="http://www.openarchives.org/OAI/2.0/oai_dc/ http://www.openarchives.org/OAI/2.0/oai_dc.xsd">
  <dc:identifier>http://www.wikidata.org/entity/Q56493337</dc:identifier>
  <dc:identifier>doi:10.1186/1810-522X-52-1</dc:identifier>
  <dc:title>Abundance, Recruitment, and Shell Growth of the Exotic Mussel Limnoperna fortunei in the Rio de la Plata (Argentina)</dc:title>
  <dc:creator>Spaccesi, Fernando</dc:creator>
  <dc:type>journal article</dc:type>
  <dc:date>2013</dc:date>
  <dc:language>en</dc:language>
  <dc:subject>Argentina</dc:subject>
  <dc:subject>Limnoperna fortunei</dc:subject>
  <dc:subject>invasive species</dc:subject>
</oai_dc:dc>