<?xml version="1.0" encoding="UTF-8" standalone="yes"?>
<oai_dc:dc xmlns:dc="http://purl.org/dc/elements/1.1/" xmlns:oai_dc="http://www.openarchives.org/OAI/2.0/oai_dc/" xmlns:xsi="http://www.w3.org/2001/XMLSchema-instance" xsi:schemaLocation="http://www.openarchives.org/OAI/2.0/oai_dc/ http://www.openarchives.org/OAI/2.0/oai_dc.xsd">
  <dc:identifier>http://www.wikidata.org/entity/Q111159573</dc:identifier>
  <dc:identifier>doi:10.1007/S10530-018-1826-9</dc:identifier>
  <dc:title>Invasive biota in the deep-sea Mediterranean: an emerging issue in marine conservation and management</dc:title>
  <dc:creator>Galil, B. S.</dc:creator>
  <dc:creator>Danovaro, R.</dc:creator>
  <dc:creator>Rothman, S. B. S.</dc:creator>
  <dc:creator>Gevili, R.</dc:creator>
  <dc:creator>Goren, M.</dc:creator>
  <dc:type>journal article</dc:type>
  <dc:date>2018-08-27</dc:date>
  <dc:language>en</dc:language>
  <dc:subject>invasion management</dc:subject>
</oai_dc:dc>