<?xml version="1.0" encoding="UTF-8" standalone="yes"?>
<oai_dc:dc xmlns:dc="http://purl.org/dc/elements/1.1/" xmlns:oai_dc="http://www.openarchives.org/OAI/2.0/oai_dc/" xmlns:xsi="http://www.w3.org/2001/XMLSchema-instance" xsi:schemaLocation="http://www.openarchives.org/OAI/2.0/oai_dc/ http://www.openarchives.org/OAI/2.0/oai_dc.xsd">
  <dc:identifier>http://www.wikidata.org/entity/Q56441015</dc:identifier>
  <dc:identifier>doi:10.1080/14634988.2015.1039917</dc:identifier>
  <dc:title>A synthesis of marine invasive species research and management in the ROPME Sea Area</dc:title>
  <dc:creator>Bailey, Sarah A.</dc:creator>
  <dc:creator>Munawar, Mohiuddin</dc:creator>
  <dc:type>journal article</dc:type>
  <dc:date>2015-04-30</dc:date>
  <dc:language>en</dc:language>
  <dc:subject>invasive species</dc:subject>
  <dc:subject>aquatic invasion</dc:subject>
  <dc:subject>invasive species management</dc:subject>
  <dc:subject>invasion management</dc:subject>
  <dc:publisher>Michigan State University Press</dc:publisher>
</oai_dc:dc>