<?xml version="1.0" encoding="UTF-8" standalone="yes"?>
<oai_dc:dc xmlns:dc="http://purl.org/dc/elements/1.1/" xmlns:oai_dc="http://www.openarchives.org/OAI/2.0/oai_dc/" xmlns:xsi="http://www.w3.org/2001/XMLSchema-instance" xsi:schemaLocation="http://www.openarchives.org/OAI/2.0/oai_dc/ http://www.openarchives.org/OAI/2.0/oai_dc.xsd">
  <dc:identifier>http://www.wikidata.org/entity/Q110530364</dc:identifier>
  <dc:identifier>doi:10.3389/FEVO.2020.605287</dc:identifier>
  <dc:title>Can Invasiveness in Freshwater Fishes Be Predicted From Life-History Traits?</dc:title>
  <dc:creator>Copp, Gordon H.</dc:creator>
  <dc:creator>Fox, Michael G.</dc:creator>
  <dc:type>journal article</dc:type>
  <dc:date>2020-12-23</dc:date>
  <dc:language>en</dc:language>
  <dc:subject>aquatic invasion</dc:subject>
  <dc:subject>invasive trait</dc:subject>
  <dc:subject>life-history trait</dc:subject>
  <dc:subject>invasiveness</dc:subject>
</oai_dc:dc>