<?xml version="1.0" encoding="UTF-8" standalone="yes"?>
<oai_dc:dc xmlns:dc="http://purl.org/dc/elements/1.1/" xmlns:oai_dc="http://www.openarchives.org/OAI/2.0/oai_dc/" xmlns:xsi="http://www.w3.org/2001/XMLSchema-instance" xsi:schemaLocation="http://www.openarchives.org/OAI/2.0/oai_dc/ http://www.openarchives.org/OAI/2.0/oai_dc.xsd">
  <dc:identifier>http://www.wikidata.org/entity/Q110829543</dc:identifier>
  <dc:identifier>doi:10.1360/BIODIV.050073</dc:identifier>
  <dc:title>Impact of Spartina alterniflora invasion on the macrobethos community of Jiuduansha’s intertidal mudflat in the Yangtze River estuary</dc:title>
  <dc:creator>Zhou, Xiao</dc:creator>
  <dc:type>journal article</dc:type>
  <dc:date>2006</dc:date>
  <dc:language>en</dc:language>
  <dc:subject>estuary</dc:subject>
  <dc:subject>Spartina alterniflora</dc:subject>
  <dc:subject>aquatic invasion</dc:subject>
  <dc:subject>invasion impact</dc:subject>
  <dc:subject>estuarine invasion</dc:subject>
  <dc:publisher>China Science Publishing &amp; Media Ltd.</dc:publisher>
</oai_dc:dc>