<?xml version="1.0" encoding="UTF-8" standalone="yes"?>
<oai_dc:dc xmlns:dc="http://purl.org/dc/elements/1.1/" xmlns:oai_dc="http://www.openarchives.org/OAI/2.0/oai_dc/" xmlns:xsi="http://www.w3.org/2001/XMLSchema-instance" xsi:schemaLocation="http://www.openarchives.org/OAI/2.0/oai_dc/ http://www.openarchives.org/OAI/2.0/oai_dc.xsd">
  <dc:identifier>http://www.wikidata.org/entity/Q56440849</dc:identifier>
  <dc:identifier>doi:10.3897/NEOBIOTA.26.8837</dc:identifier>
  <dc:title>Research on mutualisms between native and non-native partners can contribute critical ecological insights</dc:title>
  <dc:creator>Aslan, Clare E.</dc:creator>
  <dc:creator>Sikes, Benjamin A.</dc:creator>
  <dc:creator>Gedan, Keryn B.</dc:creator>
  <dc:type>journal article</dc:type>
  <dc:date>2015-07-23</dc:date>
  <dc:language>en</dc:language>
  <dc:subject>invasion biology</dc:subject>
  <dc:subject>mutualism</dc:subject>
</oai_dc:dc>