<?xml version="1.0" encoding="UTF-8" standalone="yes"?>
<oai_dc:dc xmlns:dc="http://purl.org/dc/elements/1.1/" xmlns:oai_dc="http://www.openarchives.org/OAI/2.0/oai_dc/" xmlns:xsi="http://www.w3.org/2001/XMLSchema-instance" xsi:schemaLocation="http://www.openarchives.org/OAI/2.0/oai_dc/ http://www.openarchives.org/OAI/2.0/oai_dc.xsd">
  <dc:identifier>http://www.wikidata.org/entity/Q48259718</dc:identifier>
  <dc:identifier>doi:10.1371/JOURNAL.PONE.0190153</dc:identifier>
  <dc:title>Frog size on continental islands of the coast of Rio de Janeiro and the generality of the Island Rule.</dc:title>
  <dc:creator>Rebouças, Raoni</dc:creator>
  <dc:creator>Silva, Hélio Ricardo</dc:creator>
  <dc:creator>Solé, Mirco</dc:creator>
  <dc:type>journal article</dc:type>
  <dc:date>2018-01-11</dc:date>
  <dc:language>en</dc:language>
  <dc:rights>http://creativecommons.org/licenses/by/4.0/</dc:rights>
  <dc:subject>Foster's rule</dc:subject>
  <dc:publisher>Public Library of Science (PLoS)</dc:publisher>
  <dc:description>Island Rule postulated that individuals on islands tend to dwarfism when individuals from mainland populations are large and to gigantism when mainland populations present small individuals. There has been much discussion about this rule, but only few studies were carried out aiming to reveal this pattern for anurans. Our study focused on measuring the size of individuals on islands and to find a possible pattern of size modification for insular anurans. Individuals were collected on continental islands, measured and compared to mainland populations. We selected four species with different natural history aspects during these analyses. Island parameters were compared to size of individuals in order to find an explanation to size modification. Three of the four species presented size shifting on islands. Ololygon trapicheiroi and Adenomera marmorata showed dwarfism, Boana albomarginata showed gigantism and in Thoropa miliaris there was no evident size modification. Allometric analysis also revealed differential modification, which might be a result of different selective pressures on islands in respect of mainland populations. Regression model explained most of the size modification in B. albomarginata, but not for the other species. Our results indicate that previous assumptions, usually proposed for mammals from older islands, do not fit to the anurans studied here. We support the assumption that size modification on islands are population-specific. Hence, in B. albomarginata some factor associated to competition, living area and isolation time might likely be responsible for gigantism on islands.</dc:description>
</oai_dc:dc>