<?xml version="1.0" encoding="UTF-8" standalone="yes"?>
<oai_dc:dc xmlns:dc="http://purl.org/dc/elements/1.1/" xmlns:oai_dc="http://www.openarchives.org/OAI/2.0/oai_dc/" xmlns:xsi="http://www.w3.org/2001/XMLSchema-instance" xsi:schemaLocation="http://www.openarchives.org/OAI/2.0/oai_dc/ http://www.openarchives.org/OAI/2.0/oai_dc.xsd">
  <dc:identifier>http://www.wikidata.org/entity/Q110829140</dc:identifier>
  <dc:identifier>doi:10.3390/W12020345</dc:identifier>
  <dc:title>Complex Undisturbed Riparian Zones Are Resistant to Colonisation by Invasive Alien Plant Species</dc:title>
  <dc:creator>Zelnik, Igor</dc:creator>
  <dc:creator>Klenovšek, Valentina Mavrič</dc:creator>
  <dc:creator>Gaberščik, Alenka</dc:creator>
  <dc:type>journal article</dc:type>
  <dc:date>2020-01-25</dc:date>
  <dc:subject>invasive species</dc:subject>
  <dc:subject>aquatic invasion</dc:subject>
</oai_dc:dc>