<?xml version="1.0" encoding="UTF-8" standalone="yes"?>
<oai_dc:dc xmlns:dc="http://purl.org/dc/elements/1.1/" xmlns:oai_dc="http://www.openarchives.org/OAI/2.0/oai_dc/" xmlns:xsi="http://www.w3.org/2001/XMLSchema-instance" xsi:schemaLocation="http://www.openarchives.org/OAI/2.0/oai_dc/ http://www.openarchives.org/OAI/2.0/oai_dc.xsd">
  <dc:identifier>http://www.wikidata.org/entity/Q51146425</dc:identifier>
  <dc:identifier>doi:10.3897/NEOBIOTA.10.1191</dc:identifier>
  <dc:title>Impact scores of invasive plants are biased by disregard of environmental co-variation and non-linearity</dc:title>
  <dc:creator>Thiele, Jan</dc:creator>
  <dc:creator>Isermann, Maike</dc:creator>
  <dc:creator>Kollmann, Johannes</dc:creator>
  <dc:creator>Otte, Annette</dc:creator>
  <dc:type>journal article</dc:type>
  <dc:date>2011-10-05</dc:date>
  <dc:language>en</dc:language>
  <dc:subject>aquatic science</dc:subject>
  <dc:subject>invasion biology</dc:subject>
  <dc:subject>invasive species</dc:subject>
  <dc:subject>invasive plant</dc:subject>
  <dc:subject>invasion impact</dc:subject>
</oai_dc:dc>