<?xml version="1.0" encoding="UTF-8" standalone="yes"?>
<oai_dc:dc xmlns:dc="http://purl.org/dc/elements/1.1/" xmlns:oai_dc="http://www.openarchives.org/OAI/2.0/oai_dc/" xmlns:xsi="http://www.w3.org/2001/XMLSchema-instance" xsi:schemaLocation="http://www.openarchives.org/OAI/2.0/oai_dc/ http://www.openarchives.org/OAI/2.0/oai_dc.xsd">
  <dc:identifier>http://www.wikidata.org/entity/Q59252837</dc:identifier>
  <dc:identifier>https://www.ncbi.nlm.nih.gov/pmc/articles/PMC2963233</dc:identifier>
  <dc:identifier>doi:10.1186/1475-2875-9-S2-O25</dc:identifier>
  <dc:title>Stepwise dissection of Plasmodium falciparum merozoite invasion of the human erythrocyte</dc:title>
  <dc:creator>Riglar, David</dc:creator>
  <dc:creator>Richard, Dave</dc:creator>
  <dc:creator>Boyle, Michelle</dc:creator>
  <dc:creator>Wilson, Danny</dc:creator>
  <dc:creator>Angrisano, Fiona</dc:creator>
  <dc:creator>Turnbull, Lynne</dc:creator>
  <dc:creator>Whitchurch, Cynthia</dc:creator>
  <dc:creator>Cowman, Alan</dc:creator>
  <dc:creator>Beeson, James</dc:creator>
  <dc:creator>Ralph, Stuart</dc:creator>
  <dc:creator>Baum, Jake</dc:creator>
  <dc:type>journal article</dc:type>
  <dc:date>2010</dc:date>
  <dc:language>en</dc:language>
  <dc:subject>Plasmodium falciparum</dc:subject>
  <dc:subject>invasive species</dc:subject>
  <dc:subject>human erythrocyte</dc:subject>
</oai_dc:dc>