<?xml version="1.0" encoding="UTF-8" standalone="yes"?>
<oai_dc:dc xmlns:dc="http://purl.org/dc/elements/1.1/" xmlns:oai_dc="http://www.openarchives.org/OAI/2.0/oai_dc/" xmlns:xsi="http://www.w3.org/2001/XMLSchema-instance" xsi:schemaLocation="http://www.openarchives.org/OAI/2.0/oai_dc/ http://www.openarchives.org/OAI/2.0/oai_dc.xsd">
  <dc:identifier>http://www.wikidata.org/entity/Q59402561</dc:identifier>
  <dc:identifier>doi:10.1186/S13717-014-0030-9</dc:identifier>
  <dc:title>Studying the patterns of alien and native floras of some habitats in Srinagar city, Kashmir, India</dc:title>
  <dc:creator>Andrabi, Syed Mubashir</dc:creator>
  <dc:creator>Reshi, Zafar Ahmad</dc:creator>
  <dc:creator>Shah, Manzoor Ahmad</dc:creator>
  <dc:creator>Qureshi, Salman</dc:creator>
  <dc:type>journal article</dc:type>
  <dc:date>2015-01-31</dc:date>
  <dc:language>en</dc:language>
  <dc:subject>India</dc:subject>
  <dc:subject>invasion biology</dc:subject>
</oai_dc:dc>