<?xml version="1.0" encoding="UTF-8" standalone="yes"?>
<oai_dc:dc xmlns:dc="http://purl.org/dc/elements/1.1/" xmlns:oai_dc="http://www.openarchives.org/OAI/2.0/oai_dc/" xmlns:xsi="http://www.w3.org/2001/XMLSchema-instance" xsi:schemaLocation="http://www.openarchives.org/OAI/2.0/oai_dc/ http://www.openarchives.org/OAI/2.0/oai_dc.xsd">
  <dc:identifier>http://www.wikidata.org/entity/Q56763348</dc:identifier>
  <dc:identifier>doi:10.1007/S10452-010-9347-3</dc:identifier>
  <dc:title>Epiphyte and herbivore interactions impact recruitment in a marine subtidal system</dc:title>
  <dc:creator>Rohr, Nicole E.</dc:creator>
  <dc:creator>Thornber, Carol S.</dc:creator>
  <dc:creator>Jones, Emily</dc:creator>
  <dc:type>journal article</dc:type>
  <dc:date>2010-12-30</dc:date>
  <dc:language>en</dc:language>
  <dc:subject>herbivory</dc:subject>
  <dc:subject>herbivore</dc:subject>
  <dc:subject>invasion impact</dc:subject>
</oai_dc:dc>