<?xml version="1.0" encoding="UTF-8" standalone="yes"?>
<oai_dc:dc xmlns:dc="http://purl.org/dc/elements/1.1/" xmlns:oai_dc="http://www.openarchives.org/OAI/2.0/oai_dc/" xmlns:xsi="http://www.w3.org/2001/XMLSchema-instance" xsi:schemaLocation="http://www.openarchives.org/OAI/2.0/oai_dc/ http://www.openarchives.org/OAI/2.0/oai_dc.xsd">
  <dc:identifier>http://www.wikidata.org/entity/Q34576626</dc:identifier>
  <dc:identifier>https://www.ncbi.nlm.nih.gov/pmc/articles/PMC4245253</dc:identifier>
  <dc:identifier>doi:10.1371/JOURNAL.PONE.0113964</dc:identifier>
  <dc:title>Curvilinear effects of invasive plants on plant diversity: plant community invaded by Sphagneticola trilobata</dc:title>
  <dc:creator>Qi, Shan-Shan</dc:creator>
  <dc:creator>Dai, Zhi-Cong</dc:creator>
  <dc:creator>Chen, Si-Chong</dc:creator>
  <dc:creator>Si, Chun-Can</dc:creator>
  <dc:creator>Huang, Ping</dc:creator>
  <dc:creator>Wang, Rui-Ping</dc:creator>
  <dc:creator>Zhong, Qiong-Xin</dc:creator>
  <dc:creator>Du, Dao-Lin</dc:creator>
  <dc:type>journal article</dc:type>
  <dc:date>2014-11-26</dc:date>
  <dc:language>en</dc:language>
  <dc:subject>invasion biology</dc:subject>
  <dc:subject>biodiversity</dc:subject>
  <dc:subject>invasive species</dc:subject>
  <dc:subject>Sphagneticola trilobata</dc:subject>
  <dc:subject>invasive plant</dc:subject>
  <dc:description>The effects of invasive plants on the species diversity of plant communities are controversial, showing either a positive or negative linear relationship. Based on community data collected from forty 5 m×5 m plots invaded by Sphagneticola trilobata in eight cities across Hainan Island, China, we found S. trilobata decreased plant community diversity once its cover was beyond 10%. We demonstrated that the effects of invasive/native plants on the plant diversity of communities invaded by S. trilobata were curvilinear. These effects, which showed peaks under different degrees of vegetation cover, appeared not only for S. trilobata and all invasive plants, but also for all native plants. Invasive plants primarily had negative effects on plant diversity when they became abundant at a much lower cover level (less than 35%), compared with the native plants (over 60%). Thus, it is necessary to distinguish a range for assessing the effects of plants, especially invasive plants. Our results also confirmed that the invasion intensity of invasive alien plants increased with the intensity of local economic development. We highlight and further discuss the critical importance of curvilinear effects of biological invasion to provide ideas regarding the conservation of local biodiversity and the management of invasive plants.</dc:description>
</oai_dc:dc>