<?xml version="1.0" encoding="UTF-8" standalone="yes"?>
<oai_dc:dc xmlns:dc="http://purl.org/dc/elements/1.1/" xmlns:oai_dc="http://www.openarchives.org/OAI/2.0/oai_dc/" xmlns:xsi="http://www.w3.org/2001/XMLSchema-instance" xsi:schemaLocation="http://www.openarchives.org/OAI/2.0/oai_dc/ http://www.openarchives.org/OAI/2.0/oai_dc.xsd">
  <dc:identifier>http://www.wikidata.org/entity/Q27317234</dc:identifier>
  <dc:identifier>https://www.ncbi.nlm.nih.gov/pmc/articles/PMC3187786</dc:identifier>
  <dc:identifier>doi:10.1371/JOURNAL.PONE.0025732</dc:identifier>
  <dc:title>Colossal aggregations of giant alien freshwater fish as a potential biogeochemical hotspot</dc:title>
  <dc:creator>Cucherousset, Julien</dc:creator>
  <dc:creator>Villéger, Sébastien</dc:creator>
  <dc:creator>Masson, Rémi</dc:creator>
  <dc:creator>Santoul, Frédéric</dc:creator>
  <dc:type>journal article</dc:type>
  <dc:date>2011</dc:date>
  <dc:language>en</dc:language>
  <dc:subject>fresh water</dc:subject>
  <dc:subject>biogeochemistry</dc:subject>
  <dc:subject>invasive fish</dc:subject>
  <dc:description>The ubiquity and fascinating nature of animal aggregations are widely recognised. We report here consistent and previously undocumented occurences of aggregations of a giant alien freshwater fish, the Wels catfish (Silurus glanis). Aggregative groups were on average composed of 25 (± 10 SD, ranging from 15 to 44) adults with estimated average total biomass of 651 kg (386 - 1132) and biomass density of 23 kg m(-2) (14 - 40). Aggregations always occurred within the same location. No foraging, reproductive or anti-predator behaviour were observed during the aggregations. A mass-balance model estimated that these colossal aggregations of an alien species can locally release, through excretion only, up to 70 mg P m(-2) h(-1) and 400 mg N m(-2) h(-1), potentially representing the highest biogeochemical hotspots reported in freshwater ecosystems and another unexpected ecological effect of alien species.</dc:description>
</oai_dc:dc>