<?xml version="1.0" encoding="UTF-8" standalone="yes"?>
<oai_dc:dc xmlns:dc="http://purl.org/dc/elements/1.1/" xmlns:oai_dc="http://www.openarchives.org/OAI/2.0/oai_dc/" xmlns:xsi="http://www.w3.org/2001/XMLSchema-instance" xsi:schemaLocation="http://www.openarchives.org/OAI/2.0/oai_dc/ http://www.openarchives.org/OAI/2.0/oai_dc.xsd">
  <dc:identifier>http://www.wikidata.org/entity/Q33992592</dc:identifier>
  <dc:identifier>doi:10.1016/J.ENVRES.2011.07.008</dc:identifier>
  <dc:title>Predicted impact of the invasive lionfish Pterois volitans on the food web of a Caribbean coral reef</dc:title>
  <dc:creator>Arias-González, Jesús Ernesto</dc:creator>
  <dc:creator>González-Gándara, Carlos</dc:creator>
  <dc:creator>Cabrera, José Luis</dc:creator>
  <dc:creator>Christensen, Villy</dc:creator>
  <dc:type>journal article</dc:type>
  <dc:date>2011-08-15</dc:date>
  <dc:language>en</dc:language>
  <dc:subject>food web</dc:subject>
  <dc:subject>coral reef</dc:subject>
  <dc:subject>Caribbean</dc:subject>
  <dc:subject>Pterois volitans</dc:subject>
  <dc:subject>invasive species</dc:subject>
  <dc:subject>invasion impact</dc:subject>
  <dc:description>The invasion of lionfish in the Caribbean is causing grave concern because of its deleterious impacts on coral reef food-webs. We have used an Ecopath-with-Ecosim model to predict the impacts of lionfish invasion on a coral reef community based on pre-invasion fish community data. Forty-six groups were defined, and an initial Ecopath model was balanced with a near-zero biomass of lionfish. In Ecosim, the near-zero biomass was eradicated by applying a very high fishing pressure in the first year of simulation. We subsequently (re-)introduced lionfish with a very low biomass, and allowed them to increase to very high abundance. With a near-zero lionfish biomass, the great majority of mesocarnivorous/omnivorous coral reef fish were predicted to be dominant while sharks were predicted to be the apex predators. Different management scenarios were established in the ecosystem to explore the eradication and resilience of lionfish. The management scenarios showed that if all adult lionfish were exploitable it will in theory be possible to fish the lionfish to a very low level, but the fishing pressure will have to be maintained, or the lionfish will recover. If the largest individuals are unexploitable it will be much more difficult to control the lionfish population.</dc:description>
</oai_dc:dc>