<?xml version="1.0" encoding="UTF-8" standalone="yes"?>
<oai_dc:dc xmlns:dc="http://purl.org/dc/elements/1.1/" xmlns:oai_dc="http://www.openarchives.org/OAI/2.0/oai_dc/" xmlns:xsi="http://www.w3.org/2001/XMLSchema-instance" xsi:schemaLocation="http://www.openarchives.org/OAI/2.0/oai_dc/ http://www.openarchives.org/OAI/2.0/oai_dc.xsd">
  <dc:identifier>http://www.wikidata.org/entity/Q110829341</dc:identifier>
  <dc:identifier>doi:10.1007/S12237-017-0208-3</dc:identifier>
  <dc:title>Nematode Responses to the Invasion of Exotic Spartina in Mangrove Wetlands in Southern China</dc:title>
  <dc:creator>Fu, Sujing</dc:creator>
  <dc:creator>Cai, Lizhe</dc:creator>
  <dc:creator>Cao, Jing</dc:creator>
  <dc:creator>Chen, Xinwei</dc:creator>
  <dc:type>journal article</dc:type>
  <dc:date>2017-01-31</dc:date>
  <dc:language>en</dc:language>
  <dc:subject>hypothesis:disturbance hypothesis</dc:subject>
  <dc:subject>hypothesis:wikidata.org/entity/Q115794757</dc:subject>
  <dc:subject>aquatic invasion</dc:subject>
</oai_dc:dc>