<?xml version="1.0" encoding="UTF-8" standalone="yes"?>
<oai_dc:dc xmlns:dc="http://purl.org/dc/elements/1.1/" xmlns:oai_dc="http://www.openarchives.org/OAI/2.0/oai_dc/" xmlns:xsi="http://www.w3.org/2001/XMLSchema-instance" xsi:schemaLocation="http://www.openarchives.org/OAI/2.0/oai_dc/ http://www.openarchives.org/OAI/2.0/oai_dc.xsd">
  <dc:identifier>http://www.wikidata.org/entity/Q56504497</dc:identifier>
  <dc:identifier>doi:10.1016/J.FORECO.2013.02.021</dc:identifier>
  <dc:title>Pre-wildfire management treatments interact with fire severity to have lasting effects on post-wildfire vegetation response</dc:title>
  <dc:creator>Shive, Kristen L.</dc:creator>
  <dc:creator>Sieg, Carolyn H.</dc:creator>
  <dc:creator>Fulé, Peter Z.</dc:creator>
  <dc:type>journal article</dc:type>
  <dc:date>2013-06</dc:date>
  <dc:language>en</dc:language>
  <dc:subject>wildfire</dc:subject>
  <dc:subject>invasion management</dc:subject>
</oai_dc:dc>