<?xml version="1.0" encoding="UTF-8" standalone="yes"?>
<oai_dc:dc xmlns:dc="http://purl.org/dc/elements/1.1/" xmlns:oai_dc="http://www.openarchives.org/OAI/2.0/oai_dc/" xmlns:xsi="http://www.w3.org/2001/XMLSchema-instance" xsi:schemaLocation="http://www.openarchives.org/OAI/2.0/oai_dc/ http://www.openarchives.org/OAI/2.0/oai_dc.xsd">
  <dc:identifier>http://www.wikidata.org/entity/Q59329675</dc:identifier>
  <dc:identifier>doi:10.1186/S12879-018-3464-3</dc:identifier>
  <dc:title>Differential distribution of IgA-protease genotypes in mucosal and invasive isolates of Haemophilus influenzae in Sweden</dc:title>
  <dc:creator>Resman, Fredrik</dc:creator>
  <dc:creator>Manat, Guillaume</dc:creator>
  <dc:creator>Lindh, Victor</dc:creator>
  <dc:creator>Murphy, Timothy F</dc:creator>
  <dc:creator>Riesbeck, Kristian</dc:creator>
  <dc:type>journal article</dc:type>
  <dc:date>2018-11-22</dc:date>
  <dc:language>en</dc:language>
  <dc:subject>infectious disease</dc:subject>
  <dc:subject>Sweden</dc:subject>
  <dc:subject>Haemophilus influenzae</dc:subject>
  <dc:subject>invasive species</dc:subject>
  <dc:description>&lt;h4&gt;Background&lt;/h4&gt;Several different IgA-proteases exist in Haemophilus influenzae. The variants have been suggested to play differential roles in pathogenesis, but there is limited information on their distribution in clinical isolates. The objective of this study was to investigate the distribution of IgA-protease genotypes in H. influenzae and assess the association between IgA-protease genotype and type of clinical infection.&lt;h4&gt;Methods&lt;/h4&gt;We performed PCR-screening of the IgA-protease gene variants in two cohorts of clinical H. influenzae. The first cohort consisted of 177 isolates from individuals with respiratory tract infection in January 2010, 2011 and 2012. Information on age, gender and clinical infection was available in this cohort. The second cohort comprised 53 isolates, including NTHi from bloodstream, cerebrospinal fluid (CSF) and urogenital origin as well as encapsulated isolates respresenting all capsule types. We assessed associations between IgA protease genotype and clinical predictors using basic statistical tests of association as well as regression analysis.&lt;h4&gt;Results&lt;/h4&gt;The igaB gene was found in 46% of isolates in the respiratory tract cohort, and no evident trend could be seen during the study years. However, the igaB gene was significantly less common among invasive isolates (19%), p = 0.003 (Fischer's exact test), even when encapsulated isolates were excluded (21%), p = 0.012. A significantly negative association between bacteraemia and igaB genotype remained after adjusting for covariates. We did not identify a significant association between IgA-protease gene variants and type of respiratory tract infection, but isolates with an igaA2 genotype were overrepresented in pre-school children.&lt;h4&gt;Conclusions&lt;/h4&gt;The distribution of IgA-protease gene variants in Swedish H. influenzae highlighted the widespread abundance of the igaB in isolates from cases of respiratory tract infection, but the igaB gene variant was significantly less common in invasive (bloodstream and CSF) isolates of H. influenzae compared with respiratory tract isolates.</dc:description>
</oai_dc:dc>