<?xml version="1.0" encoding="UTF-8" standalone="yes"?>
<oai_dc:dc xmlns:dc="http://purl.org/dc/elements/1.1/" xmlns:oai_dc="http://www.openarchives.org/OAI/2.0/oai_dc/" xmlns:xsi="http://www.w3.org/2001/XMLSchema-instance" xsi:schemaLocation="http://www.openarchives.org/OAI/2.0/oai_dc/ http://www.openarchives.org/OAI/2.0/oai_dc.xsd">
  <dc:identifier>http://www.wikidata.org/entity/Q56503096</dc:identifier>
  <dc:identifier>doi:10.1007/S10530-012-0361-3</dc:identifier>
  <dc:title>Predicting Microstegium vimineum invasion in natural plant communities of the southern Blue Ridge Mountains, USA</dc:title>
  <dc:creator>Anderson, P.</dc:creator>
  <dc:creator>Turner, Monica G.</dc:creator>
  <dc:creator>Pearson, Scott M.</dc:creator>
  <dc:creator>Albright, Thomas P.</dc:creator>
  <dc:creator>Peet, Robert K.</dc:creator>
  <dc:creator>Wieben, Ann</dc:creator>
  <dc:type>journal article</dc:type>
  <dc:date>2012-11-28</dc:date>
  <dc:language>en</dc:language>
  <dc:subject>Microstegium vimineum</dc:subject>
  <dc:subject>invasive species</dc:subject>
</oai_dc:dc>