<?xml version="1.0" encoding="UTF-8" standalone="yes"?>
<oai_dc:dc xmlns:dc="http://purl.org/dc/elements/1.1/" xmlns:oai_dc="http://www.openarchives.org/OAI/2.0/oai_dc/" xmlns:xsi="http://www.w3.org/2001/XMLSchema-instance" xsi:schemaLocation="http://www.openarchives.org/OAI/2.0/oai_dc/ http://www.openarchives.org/OAI/2.0/oai_dc.xsd">
  <dc:identifier>http://www.wikidata.org/entity/Q97665255</dc:identifier>
  <dc:identifier>https://hdl.handle.net/10092/100567</dc:identifier>
  <dc:identifier>doi:10.26021/496</dc:identifier>
  <dc:title>Ecology and distribution of Nardus stricta L. (Poaceae) — an alien invader into New Zealand</dc:title>
  <dc:creator>Kissling, W. D.</dc:creator>
  <dc:creator>Schnittler, M.</dc:creator>
  <dc:creator>Seddon, P. J.</dc:creator>
  <dc:creator>Dickinson, K. J. M.</dc:creator>
  <dc:creator>Lord, J. M.</dc:creator>
  <dc:type>journal article</dc:type>
  <dc:date>2004</dc:date>
  <dc:language>en</dc:language>
  <dc:subject>invasion biology</dc:subject>
  <dc:subject>Nardus stricta</dc:subject>
  <dc:subject>New Zealand</dc:subject>
  <dc:subject>invasive species</dc:subject>
  <dc:subject>Poaceae</dc:subject>
</oai_dc:dc>