<?xml version="1.0" encoding="UTF-8" standalone="yes"?>
<oai_dc:dc xmlns:dc="http://purl.org/dc/elements/1.1/" xmlns:oai_dc="http://www.openarchives.org/OAI/2.0/oai_dc/" xmlns:xsi="http://www.w3.org/2001/XMLSchema-instance" xsi:schemaLocation="http://www.openarchives.org/OAI/2.0/oai_dc/ http://www.openarchives.org/OAI/2.0/oai_dc.xsd">
  <dc:identifier>http://www.wikidata.org/entity/Q110829984</dc:identifier>
  <dc:identifier>doi:10.1007/S12237-019-00611-4</dc:identifier>
  <dc:title>Impacts of Age and Expansion Direction of Invasive Spartina alterniflora on Soil Organic Carbon Dynamics in Coastal Salt Marshes Along Eastern China</dc:title>
  <dc:creator>Xiangzhen, Qi</dc:creator>
  <dc:creator>Huiyu, Liu</dc:creator>
  <dc:creator>Zhenshan, Lin</dc:creator>
  <dc:creator>Xiang, Liu</dc:creator>
  <dc:creator>Haibo, Gong</dc:creator>
  <dc:type>journal article</dc:type>
  <dc:date>2019-07-25</dc:date>
  <dc:language>en</dc:language>
  <dc:rights>http://www.springer.com/tdm</dc:rights>
  <dc:subject>Spartina alterniflora</dc:subject>
  <dc:subject>invasive species</dc:subject>
  <dc:subject>soil organic carbon</dc:subject>
  <dc:subject>salt marsh</dc:subject>
  <dc:subject>invasion impact</dc:subject>
  <dc:subject>coastal invasion</dc:subject>
  <dc:publisher>Springer Science and Business Media LLC</dc:publisher>
</oai_dc:dc>