<?xml version="1.0" encoding="UTF-8" standalone="yes"?>
<oai_dc:dc xmlns:dc="http://purl.org/dc/elements/1.1/" xmlns:oai_dc="http://www.openarchives.org/OAI/2.0/oai_dc/" xmlns:xsi="http://www.w3.org/2001/XMLSchema-instance" xsi:schemaLocation="http://www.openarchives.org/OAI/2.0/oai_dc/ http://www.openarchives.org/OAI/2.0/oai_dc.xsd">
  <dc:identifier>http://www.wikidata.org/entity/Q110809460</dc:identifier>
  <dc:identifier>doi:10.3390/D13110582</dc:identifier>
  <dc:title>Genetic Diversity of a Rising Invasive Pest in the Native Range: Population Genetic Structure of Aromia bungii (Coleoptera: Cerambycidae) in South Korea</dc:title>
  <dc:creator>Lee, Seunghyun</dc:creator>
  <dc:creator>Cha, Deokjea</dc:creator>
  <dc:creator>Nam, Yongwoo</dc:creator>
  <dc:creator>Jung, Jonkook</dc:creator>
  <dc:type>journal article</dc:type>
  <dc:date>2021-11-14</dc:date>
  <dc:language>en</dc:language>
  <dc:subject>Aromia bungii</dc:subject>
  <dc:subject>invasion genetics</dc:subject>
  <dc:subject>invasive species</dc:subject>
  <dc:subject>population genetics</dc:subject>
  <dc:subject>genetic diversity</dc:subject>
  <dc:subject>native range</dc:subject>
  <dc:subject>Coleoptera</dc:subject>
  <dc:subject>Cerambycidae</dc:subject>
</oai_dc:dc>