<?xml version="1.0" encoding="UTF-8" standalone="yes"?>
<oai_dc:dc xmlns:dc="http://purl.org/dc/elements/1.1/" xmlns:oai_dc="http://www.openarchives.org/OAI/2.0/oai_dc/" xmlns:xsi="http://www.w3.org/2001/XMLSchema-instance" xsi:schemaLocation="http://www.openarchives.org/OAI/2.0/oai_dc/ http://www.openarchives.org/OAI/2.0/oai_dc.xsd">
  <dc:identifier>http://www.wikidata.org/entity/Q57021234</dc:identifier>
  <dc:identifier>doi:10.1016/J.ECSS.2017.08.015</dc:identifier>
  <dc:title>Ecological aspects and potential impacts of the non-native hydromedusa Blackfordia virginica in a temperate estuary</dc:title>
  <dc:creator>Marques, Filipa</dc:creator>
  <dc:creator>Angélico, Maria Manuel</dc:creator>
  <dc:creator>Costa, José Lino</dc:creator>
  <dc:creator>Teodósio, Maria Alexandra</dc:creator>
  <dc:creator>Presado, Patrícia</dc:creator>
  <dc:creator>Fernandes, António</dc:creator>
  <dc:creator>Chainho, Paula</dc:creator>
  <dc:creator>Domingos, Isabel</dc:creator>
  <dc:type>journal article</dc:type>
  <dc:date>2017-10</dc:date>
  <dc:language>en</dc:language>
  <dc:subject>aquatic science</dc:subject>
  <dc:subject>oceanography</dc:subject>
  <dc:subject>estuary</dc:subject>
  <dc:subject>invasion impact</dc:subject>
</oai_dc:dc>