<?xml version="1.0" encoding="UTF-8" standalone="yes"?>
<oai_dc:dc xmlns:dc="http://purl.org/dc/elements/1.1/" xmlns:oai_dc="http://www.openarchives.org/OAI/2.0/oai_dc/" xmlns:xsi="http://www.w3.org/2001/XMLSchema-instance" xsi:schemaLocation="http://www.openarchives.org/OAI/2.0/oai_dc/ http://www.openarchives.org/OAI/2.0/oai_dc.xsd">
  <dc:identifier>http://www.wikidata.org/entity/Q59428311</dc:identifier>
  <dc:identifier>doi:10.1186/S13717-015-0039-8</dc:identifier>
  <dc:title>The invasion of Prosopis juliflora and Afar pastoral livelihoods in the Middle Awash area of Ethiopia</dc:title>
  <dc:creator>Mehari, Zeraye H.</dc:creator>
  <dc:type>journal article</dc:type>
  <dc:date>2015-10-05</dc:date>
  <dc:subject>Ethiopia</dc:subject>
  <dc:subject>Prosopis juliflora</dc:subject>
  <dc:subject>invasion biology</dc:subject>
  <dc:subject>invasion impact</dc:subject>
</oai_dc:dc>