<?xml version="1.0" encoding="UTF-8" standalone="yes"?>
<oai_dc:dc xmlns:dc="http://purl.org/dc/elements/1.1/" xmlns:oai_dc="http://www.openarchives.org/OAI/2.0/oai_dc/" xmlns:xsi="http://www.w3.org/2001/XMLSchema-instance" xsi:schemaLocation="http://www.openarchives.org/OAI/2.0/oai_dc/ http://www.openarchives.org/OAI/2.0/oai_dc.xsd">
  <dc:identifier>http://www.wikidata.org/entity/Q113033599</dc:identifier>
  <dc:identifier>doi:10.12688/F1000RESEARCH.3740.1</dc:identifier>
  <dc:title>The Human Release Hypothesis for biological invasions: human activity as a determinant of the abundance of invasive plant species</dc:title>
  <dc:creator>Zimmermann, Heike</dc:creator>
  <dc:creator>Brandt, Patric</dc:creator>
  <dc:creator>Fischer, Joern</dc:creator>
  <dc:creator>Welk, Erik</dc:creator>
  <dc:creator>Wehrden, Henrik</dc:creator>
  <dc:type>journal article</dc:type>
  <dc:date>2014-06-17</dc:date>
  <dc:language>en</dc:language>
  <dc:subject>biological invasion</dc:subject>
  <dc:subject>invasive plant</dc:subject>
  <dc:subject>human activity</dc:subject>
</oai_dc:dc>