<?xml version="1.0" encoding="UTF-8" standalone="yes"?>
<oai_dc:dc xmlns:dc="http://purl.org/dc/elements/1.1/" xmlns:oai_dc="http://www.openarchives.org/OAI/2.0/oai_dc/" xmlns:xsi="http://www.w3.org/2001/XMLSchema-instance" xsi:schemaLocation="http://www.openarchives.org/OAI/2.0/oai_dc/ http://www.openarchives.org/OAI/2.0/oai_dc.xsd">
  <dc:identifier>http://www.wikidata.org/entity/Q110846470</dc:identifier>
  <dc:identifier>doi:10.1051/KMAE/2022001</dc:identifier>
  <dc:title>The incidence of alien species on the taxonomic, phylogenetic, and functional diversity of lentic and lotic communities dominated by Phragmites australis (Cav.) Steud</dc:title>
  <dc:creator>Castellani, Maria Beatrice</dc:creator>
  <dc:creator>Lastrucci, Lorenzo</dc:creator>
  <dc:creator>Lazzaro, Lorenzo</dc:creator>
  <dc:creator>Bolpagni, Rossano</dc:creator>
  <dc:creator>Vecchia, Alice Dalla</dc:creator>
  <dc:creator>Coppi, Andrea</dc:creator>
  <dc:type>journal article</dc:type>
  <dc:date>2022</dc:date>
  <dc:language>en</dc:language>
  <dc:subject>Phragmites australis</dc:subject>
  <dc:subject>introduced species</dc:subject>
</oai_dc:dc>