<?xml version="1.0" encoding="UTF-8" standalone="yes"?>
<oai_dc:dc xmlns:dc="http://purl.org/dc/elements/1.1/" xmlns:oai_dc="http://www.openarchives.org/OAI/2.0/oai_dc/" xmlns:xsi="http://www.w3.org/2001/XMLSchema-instance" xsi:schemaLocation="http://www.openarchives.org/OAI/2.0/oai_dc/ http://www.openarchives.org/OAI/2.0/oai_dc.xsd">
  <dc:identifier>http://www.wikidata.org/entity/Q28659831</dc:identifier>
  <dc:identifier>https://www.ncbi.nlm.nih.gov/pmc/articles/PMC4028616</dc:identifier>
  <dc:identifier>doi:10.1111/J.1600-0587.2012.07479.X</dc:identifier>
  <dc:title>Darwin's naturalization hypothesis: scale matters in coastal plant communities</dc:title>
  <dc:creator>Carboni, Marta</dc:creator>
  <dc:creator>Münkemüller, Tamara</dc:creator>
  <dc:creator>Gallien, Laure</dc:creator>
  <dc:creator>Lavergne, Sébastien</dc:creator>
  <dc:creator>Acosta, Alicia</dc:creator>
  <dc:creator>Thuiller, Wilfried</dc:creator>
  <dc:type>journal article</dc:type>
  <dc:date>2013-04-01</dc:date>
  <dc:language>en</dc:language>
  <dc:rights>http://doi.wiley.com/10.1002/tdm_license_1.1</dc:rights>
  <dc:subject>hypothesis:Darwin's naturalization hypothesis</dc:subject>
  <dc:subject>hypothesis:wikidata.org/entity/Q116193385</dc:subject>
  <dc:subject>naturalization</dc:subject>
  <dc:publisher>Wiley</dc:publisher>
  <dc:description>Darwin proposed two seemingly contradictory hypotheses for a better understanding of biological invasions. Strong relatedness of invaders to native communities as an indication of niche overlap could promote naturalization because of appropriate niche adaptation, but could also hamper naturalization because of negative interactions with native species ('Darwin's naturalization hypothesis'). Although these hypotheses provide clear and opposing predictions for expected patterns of species relatedness in invaded communities, so far no study has been able to clearly disentangle the underlying mechanisms. We hypothesize that conflicting past results are mainly due to the neglected role of spatial resolution of the community sampling. In this study, we corroborate both of Darwin's expectations by using phylogenetic relatedness as a measure of niche overlap and by testing the effects of sampling resolution in highly invaded coastal plant communities. At spatial resolutions fine enough to detect signatures of biotic interactions, we find that most invaders are less related to their nearest relative in invaded plant communities than expected by chance (phylogenetic overdispersion). Yet at coarser spatial resolutions, native assemblages become more invasible for closely-related species as a consequence of habitat filtering (phylogenetic clustering). Recognition of the importance of the spatial resolution at which communities are studied allows apparently contrasting theoretical and empirical results to be reconciled. Our study opens new perspectives on how to better detect, differentiate and understand the impact of negative biotic interactions and habitat filtering on the ability of invaders to establish in native communities.</dc:description>
</oai_dc:dc>