<?xml version="1.0" encoding="UTF-8" standalone="yes"?>
<oai_dc:dc xmlns:dc="http://purl.org/dc/elements/1.1/" xmlns:oai_dc="http://www.openarchives.org/OAI/2.0/oai_dc/" xmlns:xsi="http://www.w3.org/2001/XMLSchema-instance" xsi:schemaLocation="http://www.openarchives.org/OAI/2.0/oai_dc/ http://www.openarchives.org/OAI/2.0/oai_dc.xsd">
  <dc:identifier>http://www.wikidata.org/entity/Q21559517</dc:identifier>
  <dc:identifier>https://www.ncbi.nlm.nih.gov/pmc/articles/PMC1383488</dc:identifier>
  <dc:identifier>doi:10.1371/JOURNAL.PPAT.0020013</dc:identifier>
  <dc:title>Cytoskeletal components of an invasion machine--the apical complex of Toxoplasma gondii</dc:title>
  <dc:creator>Hu, Ke</dc:creator>
  <dc:creator>Johnson, Jeff</dc:creator>
  <dc:creator>Florens, Laurence</dc:creator>
  <dc:creator>Fraunholz, Martin</dc:creator>
  <dc:creator>Suravajjala, Sapna</dc:creator>
  <dc:creator>DiLullo, Camille</dc:creator>
  <dc:creator>Yates, John</dc:creator>
  <dc:creator>Roos, David S</dc:creator>
  <dc:creator>Murray, John M</dc:creator>
  <dc:type>journal article</dc:type>
  <dc:date>2006-02</dc:date>
  <dc:language>en</dc:language>
  <dc:subject>Toxoplasma gondii</dc:subject>
  <dc:subject>cytoskeleton</dc:subject>
  <dc:subject>apical complex</dc:subject>
  <dc:subject>basal ring of apical complex</dc:subject>
  <dc:subject>conoid</dc:subject>
  <dc:subject>intraconoid microtubule</dc:subject>
  <dc:subject>polar ring of apical complex</dc:subject>
  <dc:subject>invasive species</dc:subject>
  <dc:description>The apical complex of Toxoplasma gondii is widely believed to serve essential functions in both invasion of its host cells (including human cells), and in replication of the parasite. The understanding of apical complex function, the basis for its novel structure, and the mechanism for its motility are greatly impeded by lack of knowledge of its molecular composition. We have partially purified the conoid/apical complex, identified approximately 200 proteins that represent 70% of its cytoskeletal protein components, characterized seven novel proteins, and determined the sequence of recruitment of five of these proteins into the cytoskeleton during cell division. Our results provide new markers for the different subcompartments within the apical complex, and revealed previously unknown cellular compartments, which facilitate our understanding of how the invasion machinery is built. Surprisingly, the extreme apical and extreme basal structures of this highly polarized cell originate in the same location and at the same time very early during parasite replication.</dc:description>
</oai_dc:dc>