<?xml version="1.0" encoding="UTF-8" standalone="yes"?>
<oai_dc:dc xmlns:dc="http://purl.org/dc/elements/1.1/" xmlns:oai_dc="http://www.openarchives.org/OAI/2.0/oai_dc/" xmlns:xsi="http://www.w3.org/2001/XMLSchema-instance" xsi:schemaLocation="http://www.openarchives.org/OAI/2.0/oai_dc/ http://www.openarchives.org/OAI/2.0/oai_dc.xsd">
  <dc:identifier>http://www.wikidata.org/entity/Q35034682</dc:identifier>
  <dc:identifier>https://www.ncbi.nlm.nih.gov/pmc/articles/PMC3808376</dc:identifier>
  <dc:identifier>doi:10.1371/JOURNAL.PONE.0076432</dc:identifier>
  <dc:title>Is physiological performance a good predictor for fitness? Insights from an invasive plant species</dc:title>
  <dc:creator>Molina-Montenegro, Marco A</dc:creator>
  <dc:creator>Salgado-Luarte, Cristian</dc:creator>
  <dc:creator>Oses, Rómulo</dc:creator>
  <dc:creator>Torres-Díaz, Cristian</dc:creator>
  <dc:type>journal article</dc:type>
  <dc:date>2013-10-25</dc:date>
  <dc:language>en</dc:language>
  <dc:subject>invasion biology</dc:subject>
  <dc:subject>invasive species</dc:subject>
  <dc:subject>invasive plant</dc:subject>
  <dc:description>Is physiological performance a suitable proxy of fitness in plants? Although, several studies have been conducted to measure some fitness-related traits and physiological performance, direct assessments are seldom found in the literature. Here, we assessed the physiology-fitness relationship using second-generation individuals of the invasive plant species Taraxacum officinale from 17 localities distributed in five continents. Specifically, we tested if i) the maximum quantum yield is a good predictor for seed-output ii) whether this physiology-fitness relationship can be modified by environmental heterogeneity, and iii) if this relationship has an adaptive consequence for T. officinale individuals from different localities. Overall, we found a significant positive relationship between the maximum quantum yield and fitness for all localities evaluated, but this relationship decreased in T. officinale individuals from localities with greater environmental heterogeneity. Finally, we found that those individuals from localities where environmental conditions are highly seasonal performed better under heterogeneous environmental conditions. Contrarily, under homogeneous controlled conditions, those individuals from localities with low environmental seasonality performed much better. In conclusion, our results suggest that the maximum quantum yield seem to be good predictors for plant fitness. We suggest that rapid measurements, such as those obtained from the maximum quantum yield, could provide a straightforward proxy of individual's fitness in changing environments.</dc:description>
</oai_dc:dc>