<?xml version="1.0" encoding="UTF-8" standalone="yes"?>
<oai_dc:dc xmlns:dc="http://purl.org/dc/elements/1.1/" xmlns:oai_dc="http://www.openarchives.org/OAI/2.0/oai_dc/" xmlns:xsi="http://www.w3.org/2001/XMLSchema-instance" xsi:schemaLocation="http://www.openarchives.org/OAI/2.0/oai_dc/ http://www.openarchives.org/OAI/2.0/oai_dc.xsd">
  <dc:identifier>http://www.wikidata.org/entity/Q55097572</dc:identifier>
  <dc:identifier>doi:10.1371/JOURNAL.PONE.0198597</dc:identifier>
  <dc:title>Flight capacities of yellow-legged hornet (Vespa velutina nigrithorax, Hymenoptera: Vespidae) workers from an invasive population in Europe</dc:title>
  <dc:creator>Sauvard, Daniel</dc:creator>
  <dc:creator>Imbault, Vanessa</dc:creator>
  <dc:creator>Darrouzet, Éric</dc:creator>
  <dc:type>journal article</dc:type>
  <dc:date>2018-06-08</dc:date>
  <dc:language>en</dc:language>
  <dc:subject>Hymenoptera</dc:subject>
  <dc:subject>Vespa velutina</dc:subject>
  <dc:subject>Vespa velutina nigrithorax</dc:subject>
  <dc:subject>invasive species</dc:subject>
  <dc:subject>Vespidae</dc:subject>
  <dc:description>The invasive yellow-legged hornet, Vespa velutina nigrithorax Lepeletier, 1836 (Hymenoptera: Vespidae), is native to Southeast Asia. It was first detected in France (in the southwest) in 2005. It has since expanded throughout Europe and has caused significant harm to honeybee populations. We must better characterize the hornet's flight capacity to understand the species' success and develop improved control strategies. Here, we carried out a study in which we quantified the flight capacities of V. velutina workers using computerized flight mills. We observed that workers were able to spend around 40% of the daily 7-hour flight tests flying. On average, they flew 10km to 30km during each flight test, although there was a large amount of variation. Workers sampled in early summer had lower flight capacities than workers sampled later in the season. Flight capacity decreased as workers aged. However, in the field, workers probably often die before this decrease becomes significant. During each flight test, workers performed several continuous flight phases of variable length that were separated by rest phases. Based on the length of those continuous flight phases and certain key assumptions, we estimated that V. velutina colony foraging radius is at least 700 m (half that in early summer); however, some workers are able to forage much farther. While these laboratory findings remain to be confirmed by field studies, our results can nonetheless help inform V. velutina biology and control efforts.</dc:description>
</oai_dc:dc>