<?xml version="1.0" encoding="UTF-8" standalone="yes"?>
<oai_dc:dc xmlns:dc="http://purl.org/dc/elements/1.1/" xmlns:oai_dc="http://www.openarchives.org/OAI/2.0/oai_dc/" xmlns:xsi="http://www.w3.org/2001/XMLSchema-instance" xsi:schemaLocation="http://www.openarchives.org/OAI/2.0/oai_dc/ http://www.openarchives.org/OAI/2.0/oai_dc.xsd">
  <dc:identifier>http://www.wikidata.org/entity/Q110829403</dc:identifier>
  <dc:identifier>doi:10.1007/S10530-021-02466-Y</dc:identifier>
  <dc:title>Anthropogenic water conditions amplify predatory impact of the non-native Oriental river prawn Macrobrachium nipponense</dc:title>
  <dc:creator>Hsiung, Amanda R.</dc:creator>
  <dc:creator>Tan, Claudia L. Y.</dc:creator>
  <dc:creator>Zeng, Yiwen</dc:creator>
  <dc:creator>Yeo, Darren C. J.</dc:creator>
  <dc:type>journal article</dc:type>
  <dc:date>2021-02-20</dc:date>
  <dc:language>en</dc:language>
  <dc:rights>https://www.springer.com/tdm</dc:rights>
  <dc:subject>Macrobrachium nipponense</dc:subject>
  <dc:subject>invasion impact</dc:subject>
  <dc:publisher>Springer Science and Business Media LLC</dc:publisher>
</oai_dc:dc>