<?xml version="1.0" encoding="UTF-8" standalone="yes"?>
<oai_dc:dc xmlns:dc="http://purl.org/dc/elements/1.1/" xmlns:oai_dc="http://www.openarchives.org/OAI/2.0/oai_dc/" xmlns:xsi="http://www.w3.org/2001/XMLSchema-instance" xsi:schemaLocation="http://www.openarchives.org/OAI/2.0/oai_dc/ http://www.openarchives.org/OAI/2.0/oai_dc.xsd">
  <dc:identifier>http://www.wikidata.org/entity/Q113904324</dc:identifier>
  <dc:identifier>doi:10.1007/S10530-022-02755-0</dc:identifier>
  <dc:title>Managing biological invasions: the cost of inaction</dc:title>
  <dc:creator>Ahmed, Danish Ali</dc:creator>
  <dc:creator>Hudgins, Emma J.</dc:creator>
  <dc:creator>Cuthbert, Ross N.</dc:creator>
  <dc:creator>Kourantidou, Melina</dc:creator>
  <dc:creator>Diagne, Christophe</dc:creator>
  <dc:creator>Haubrock, Phillip J.</dc:creator>
  <dc:creator>Leung, Brian</dc:creator>
  <dc:creator>Liu, Chunlong</dc:creator>
  <dc:creator>Leroy, Boris</dc:creator>
  <dc:creator>Petrovskii, Sergei</dc:creator>
  <dc:creator>Beidas, Ayah</dc:creator>
  <dc:creator>Courchamp, Franck</dc:creator>
  <dc:type>journal article</dc:type>
  <dc:date>2022-03-18</dc:date>
  <dc:language>en</dc:language>
  <dc:rights>https://creativecommons.org/licenses/by/4.0</dc:rights>
  <dc:subject>biological invasion</dc:subject>
  <dc:subject>invasion management</dc:subject>
  <dc:publisher>Springer Science and Business Media LLC</dc:publisher>
  <dc:description>&lt;jats:title&gt;Abstract&lt;/jats:title&gt;&lt;jats:p&gt;Ecological and socioeconomic impacts from biological invasions are rapidly escalating worldwide. While effective management underpins impact mitigation, such actions are often delayed, insufficient or entirely absent. Presently, management delays emanate from a lack of monetary rationale to invest at early invasion stages, which precludes effective prevention and eradication. Here, we provide such rationale by developing a conceptual model to quantify the cost of inaction, i.e., the additional expenditure due to delayed management, under varying time delays and management efficiencies. Further, we apply the model to management and damage cost data from a relatively data-rich genus (&lt;jats:italic&gt;Aedes&lt;/jats:italic&gt; mosquitoes). Our model demonstrates that rapid management interventions following invasion drastically minimise costs. We also identify key points in time that differentiate among scenarios of timely, delayed and severely delayed management intervention. Any management action during the severely delayed phase results in substantial losses &lt;jats:inline-formula&gt;&lt;jats:alternatives&gt;&lt;jats:tex-math&gt;$$( &gt; 50\%$$&lt;/jats:tex-math&gt;&lt;mml:math xmlns:mml="http://www.w3.org/1998/Math/MathML"&gt;
                  &lt;mml:mrow&gt;
                    &lt;mml:mo&gt;(&lt;/mml:mo&gt;
                    &lt;mml:mo&gt;&gt;&lt;/mml:mo&gt;
                    &lt;mml:mn&gt;50&lt;/mml:mn&gt;
                    &lt;mml:mo&gt;%&lt;/mml:mo&gt;
                  &lt;/mml:mrow&gt;
                &lt;/mml:math&gt;&lt;/jats:alternatives&gt;&lt;/jats:inline-formula&gt; of the potential maximum loss). For &lt;jats:italic&gt;Aedes&lt;/jats:italic&gt; spp., we estimate that the existing management delay of 55 years led to an additional total cost of approximately $ 4.57 billion (14% of the maximum cost), compared to a scenario with management action only seven years prior (&lt; 1% of the maximum cost). Moreover, we estimate that in the absence of management action, long-term losses would have accumulated to US$ 32.31 billion, or more than seven times the observed inaction cost. These results highlight the need for more timely management of invasive alien species—either pre-invasion, or as soon as possible after detection—by demonstrating how early investments rapidly reduce long-term economic impacts.&lt;/jats:p&gt;</dc:description>
</oai_dc:dc>