<?xml version="1.0" encoding="UTF-8" standalone="yes"?>
<oai_dc:dc xmlns:dc="http://purl.org/dc/elements/1.1/" xmlns:oai_dc="http://www.openarchives.org/OAI/2.0/oai_dc/" xmlns:xsi="http://www.w3.org/2001/XMLSchema-instance" xsi:schemaLocation="http://www.openarchives.org/OAI/2.0/oai_dc/ http://www.openarchives.org/OAI/2.0/oai_dc.xsd">
  <dc:identifier>http://www.wikidata.org/entity/Q111159326</dc:identifier>
  <dc:identifier>doi:10.1007/S10530-017-1632-9</dc:identifier>
  <dc:title>Control or re-treat? Model-based guidelines for managing established plant invasions</dc:title>
  <dc:creator>Hoffberg, Sandra L.</dc:creator>
  <dc:creator>Mauricio, Rodney</dc:creator>
  <dc:creator>Hall, Richard J.</dc:creator>
  <dc:type>journal article</dc:type>
  <dc:date>2017-11-28</dc:date>
  <dc:subject>plant invasion</dc:subject>
  <dc:subject>invasion management</dc:subject>
</oai_dc:dc>