<?xml version="1.0" encoding="UTF-8" standalone="yes"?>
<oai_dc:dc xmlns:dc="http://purl.org/dc/elements/1.1/" xmlns:oai_dc="http://www.openarchives.org/OAI/2.0/oai_dc/" xmlns:xsi="http://www.w3.org/2001/XMLSchema-instance" xsi:schemaLocation="http://www.openarchives.org/OAI/2.0/oai_dc/ http://www.openarchives.org/OAI/2.0/oai_dc.xsd">
  <dc:identifier>http://www.wikidata.org/entity/Q33358582</dc:identifier>
  <dc:identifier>https://www.ncbi.nlm.nih.gov/pmc/articles/PMC4050035</dc:identifier>
  <dc:identifier>doi:10.1371/JOURNAL.PONE.0099446</dc:identifier>
  <dc:title>Infection cycle of Artichoke Italian latent virus in tobacco plants: meristem invasion and recovery from disease symptoms</dc:title>
  <dc:creator>Santovito, Elisa</dc:creator>
  <dc:creator>Mascia, Tiziana</dc:creator>
  <dc:creator>Siddiqui, Shahid A</dc:creator>
  <dc:creator>Minutillo, Serena Anna</dc:creator>
  <dc:creator>Valkonen, Jari</dc:creator>
  <dc:creator>Gallitelli, Donato</dc:creator>
  <dc:type>journal article</dc:type>
  <dc:date>2014-06-09</dc:date>
  <dc:language>en</dc:language>
  <dc:subject>invasion biology</dc:subject>
  <dc:subject>Italy</dc:subject>
  <dc:subject>Artichoke Italian latent virus</dc:subject>
  <dc:description>Nepoviral infections induce recovery in fully expanded leaves but persist in shoot apical meristem (SAM) by a largely unknown mechanism. The dynamics of infection of a grapevine isolate of Artichoke Italian latent virus (AILV-V, genus Nepovirus) in tobacco plants, including colonization of SAM, symptom induction and subsequent recovery of mature leaves from symptoms, were characterized. AILV-V moved from the inoculated leaves systemically and invaded SAM in 7 days post-inoculation (dpi), remaining detectable in SAM at least up to 40 dpi. The new top leaves recovered from viral symptoms earliest at 21 dpi. Accumulation of viral RNA to a threshold level was required to trigger the overexpression of RDR6 and DCL4. Consequently, accumulation of viral RNA decreased in the systemically infected leaves, reaching the lowest concentration in the 3rd and 4th leaves at 23 dpi, which was concomitant with recovery of the younger, upper leaves from disease symptoms. No evidence of virus replication was found in the recovered leaves, but they contained infectious virus particles and were protected against re-inoculation with AILV-V. In this study we also showed that AILV-V did not suppress initiation or maintenance of RNA silencing in transgenic plants, but was able to interfere with the cell-to-cell movement of the RNA silencing signal. Our results suggest that AILV-V entrance in SAM and activation of RNA silencing may be distinct processes since the latter is triggered in fully expanded leaves by the accumulation of viral RNA above a threshold level rather than by virus entrance in SAM.</dc:description>
</oai_dc:dc>