<?xml version="1.0" encoding="UTF-8" standalone="yes"?>
<oai_dc:dc xmlns:dc="http://purl.org/dc/elements/1.1/" xmlns:oai_dc="http://www.openarchives.org/OAI/2.0/oai_dc/" xmlns:xsi="http://www.w3.org/2001/XMLSchema-instance" xsi:schemaLocation="http://www.openarchives.org/OAI/2.0/oai_dc/ http://www.openarchives.org/OAI/2.0/oai_dc.xsd">
  <dc:identifier>http://www.wikidata.org/entity/Q49027734</dc:identifier>
  <dc:identifier>https://www.ncbi.nlm.nih.gov/pmc/articles/PMC5793711</dc:identifier>
  <dc:identifier>doi:10.7717/PEERJ.4283</dc:identifier>
  <dc:title>Cost-benefit analysis for invasive species control: the case of greater Canada goose Branta canadensis in Flanders (northern Belgium)</dc:title>
  <dc:creator>Reyns, Nikolaas</dc:creator>
  <dc:creator>Casaer, Jim</dc:creator>
  <dc:creator>De Smet, Lieven</dc:creator>
  <dc:creator>Devos, Koen</dc:creator>
  <dc:creator>Huysentruyt, Frank</dc:creator>
  <dc:creator>Robertson, Peter A</dc:creator>
  <dc:creator>Verbeke, Tom</dc:creator>
  <dc:creator>Adriaens, Tim</dc:creator>
  <dc:type>journal article</dc:type>
  <dc:date>2018-01-29</dc:date>
  <dc:language>en</dc:language>
  <dc:subject>invasion biology</dc:subject>
  <dc:subject>invasive species</dc:subject>
  <dc:subject>Canada</dc:subject>
  <dc:subject>Belgium</dc:subject>
  <dc:subject>cost–benefit analysis</dc:subject>
  <dc:subject>Canada Goose</dc:subject>
  <dc:description>&lt;h4&gt;Background&lt;/h4&gt;Sound decisions on control actions for established invasive alien species (IAS) require information on ecological as well as socio-economic impact of the species and of its management. Cost-benefit analysis provides part of this information, yet has received relatively little attention in the scientific literature on IAS.&lt;h4&gt;Methods&lt;/h4&gt;We apply a bio-economic model in a cost-benefit analysis framework to greater Canada goose &lt;i&gt;Branta canadensis&lt;/i&gt;, an IAS with documented social, economic and ecological impacts in Flanders (northern Belgium). We compared a business as usual (BAU) scenario which involved non-coordinated hunting and egg destruction with an enhanced scenario based on a continuation of these activities but supplemented with coordinated capture of moulting birds. To assess population growth under the BAU scenario we fitted a logistic growth model to the observed pre-moult capture population. Projected damage costs included water eutrophication and damage to cultivated grasslands and were calculated for all scenarios. Management costs of the moult captures were based on a representative average of the actual cost of planning and executing moult captures.&lt;h4&gt;Results&lt;/h4&gt;Comparing the scenarios with different capture rates, different costs for eutrophication and various discount rates, showed avoided damage costs were in the range of 21.15 M€ to 45.82 M€ under the moult capture scenario. The lowest value for the avoided costs applied to the scenario where we lowered the capture rate by 10%. The highest value occurred in the scenario where we lowered the real discount rate from 4% to 2.5%.&lt;h4&gt;Discussion&lt;/h4&gt;The reduction in damage costs always outweighed the additional management costs of moult captures. Therefore, additional coordinated moult captures could be applied to limit the negative economic impact of greater Canada goose at a regional scale. We further discuss the strengths and weaknesses of our approach and its potential application to other IAS.</dc:description>
</oai_dc:dc>