<?xml version="1.0" encoding="UTF-8" standalone="yes"?>
<oai_dc:dc xmlns:dc="http://purl.org/dc/elements/1.1/" xmlns:oai_dc="http://www.openarchives.org/OAI/2.0/oai_dc/" xmlns:xsi="http://www.w3.org/2001/XMLSchema-instance" xsi:schemaLocation="http://www.openarchives.org/OAI/2.0/oai_dc/ http://www.openarchives.org/OAI/2.0/oai_dc.xsd">
  <dc:identifier>http://www.wikidata.org/entity/Q35228875</dc:identifier>
  <dc:identifier>doi:10.1111/GCB.12711</dc:identifier>
  <dc:title>Negative, neutral, and positive interactions among nonnative plants: patterns, processes, and management implications</dc:title>
  <dc:creator>Kuebbing, Sara E</dc:creator>
  <dc:creator>Nuñez, Martin A</dc:creator>
  <dc:type>journal article</dc:type>
  <dc:date>2014-09-22</dc:date>
  <dc:language>en</dc:language>
  <dc:subject>invasion management</dc:subject>
  <dc:description>The movement of species is one of the most pervasive forms of global change, and few ecosystems remain uninvaded by nonnative species. Studying species interactions is crucial for understanding their distribution and abundance, particularly for nonnative species because interactions may influence the probability of invasion and consequent ecological impact. Interactions among nonnatives are relatively understudied, though the likelihood of nonnative species co-occurrence is high. We quantify and describe the types of interactions among nonnative plants and determine what factors affect interaction outcomes for ecosystems globally. We reviewed 65 studies comprising 201 observations and recorded the interaction type, traits of the interacting species, and study characteristics. We conducted a census of interaction types and a meta-analysis of experiments that tested nonnative competition intensity. Both methods showed that negative and neutral interactions prevailed, and a number of studies reported that the removal of a dominant nonnative led to competitive release of other nonnatives. Positive interactions were less frequently reported and positive mean effect sizes were rare, but the plant characteristics nitrogen fixation, life cycle (annual or perennial), and functional group significantly influenced positive interactions. Positive interactions were three times more frequent when a neighboring nonnative was a nitrogen fixer and 3.5 times lower when a neighboring nonnative was an annual. Woody plants were two or four times more likely to have positive interactions relative to grasses or herbs, respectively. The prevalence of negative interactions suggests that managers should prepare for reinvasion of sites when treating dominant nonnatives. Though positive interactions were infrequent, managers may be able to anticipate positive interactions among nonnatives based upon traits of the co-occurring invaders. Predicting positive nonnative interactions is an important tool for determining habitat susceptibility to a particular invasion and for prioritizing management of nonnatives with a higher likelihood of positive interactions.</dc:description>
</oai_dc:dc>