<?xml version="1.0" encoding="UTF-8" standalone="yes"?>
<oai_dc:dc xmlns:dc="http://purl.org/dc/elements/1.1/" xmlns:oai_dc="http://www.openarchives.org/OAI/2.0/oai_dc/" xmlns:xsi="http://www.w3.org/2001/XMLSchema-instance" xsi:schemaLocation="http://www.openarchives.org/OAI/2.0/oai_dc/ http://www.openarchives.org/OAI/2.0/oai_dc.xsd">
  <dc:identifier>http://www.wikidata.org/entity/Q26775888</dc:identifier>
  <dc:identifier>https://www.ncbi.nlm.nih.gov/pmc/articles/PMC4868680</dc:identifier>
  <dc:identifier>doi:10.18632/ONCOTARGET.6405</dc:identifier>
  <dc:title>Bcl-2 family proteins as regulators of cancer cell invasion and metastasis: a review focusing on mitochondrial respiration and reactive oxygen species</dc:title>
  <dc:creator>Um, Hong-Duck</dc:creator>
  <dc:type>journal article</dc:type>
  <dc:date>2016-02-02</dc:date>
  <dc:language>en</dc:language>
  <dc:subject>invasion biology</dc:subject>
  <dc:subject>invasive species</dc:subject>
  <dc:subject>proto-oncogene proteins</dc:subject>
  <dc:subject>cell</dc:subject>
  <dc:subject>peptide</dc:subject>
  <dc:subject>neoplasm protein</dc:subject>
  <dc:subject>reactive oxygen species</dc:subject>
  <dc:description>Although Bcl-2 family proteins were originally identified as key regulators of apoptosis, an impressive body of evidence has shown that pro-survival members of the Bcl-2 family, including Bcl-2, Bcl-XL, and Bcl-w, can also promote cell migration, invasion, and cancer metastasis. Interestingly, cell invasion was recently found to be suppressed by multidomain pro-apoptotic members of the Bcl-2 family, such as Bax and Bak. While the mechanisms underlying these new functions of Bcl-2 proteins are just beginning to be studied, reactive oxygen species (ROS) have emerged as inducers of cell invasion and the production of ROS from mitochondrial respiration is known to be promoted and suppressed by the pro-survival and multidomain pro-apoptotic Bcl-2 family members, respectively. Here, I review the evidence supporting the ability of Bcl-2 proteins to regulate cancer cell invasion and metastasis, and discuss our current understanding of their underlying mechanisms, with a particular focus on mitochondrial respiration and ROS, which could have implications for the development of strategies to overcome tumor progression.</dc:description>
</oai_dc:dc>