<?xml version="1.0" encoding="UTF-8" standalone="yes"?>
<oai_dc:dc xmlns:dc="http://purl.org/dc/elements/1.1/" xmlns:oai_dc="http://www.openarchives.org/OAI/2.0/oai_dc/" xmlns:xsi="http://www.w3.org/2001/XMLSchema-instance" xsi:schemaLocation="http://www.openarchives.org/OAI/2.0/oai_dc/ http://www.openarchives.org/OAI/2.0/oai_dc.xsd">
  <dc:identifier>http://www.wikidata.org/entity/Q110829143</dc:identifier>
  <dc:identifier>doi:10.3390/W13131825</dc:identifier>
  <dc:title>Invasion of the European River Lamprey Lampetra fluviatilis in the Upper Volga</dc:title>
  <dc:creator>O. Zvezdin, Aleksandr</dc:creator>
  <dc:creator>Kucheryavyy, Aleksandr V.</dc:creator>
  <dc:creator>Kolotei, Anzhelika V.</dc:creator>
  <dc:creator>Polyakova, Natalia V.</dc:creator>
  <dc:creator>Pavlov, Dmitry S.</dc:creator>
  <dc:type>journal article</dc:type>
  <dc:date>2021-06-30</dc:date>
  <dc:language>en</dc:language>
  <dc:subject>European river lamprey</dc:subject>
  <dc:subject>aquatic invasion</dc:subject>
</oai_dc:dc>