<?xml version="1.0" encoding="UTF-8" standalone="yes"?>
<oai_dc:dc xmlns:dc="http://purl.org/dc/elements/1.1/" xmlns:oai_dc="http://www.openarchives.org/OAI/2.0/oai_dc/" xmlns:xsi="http://www.w3.org/2001/XMLSchema-instance" xsi:schemaLocation="http://www.openarchives.org/OAI/2.0/oai_dc/ http://www.openarchives.org/OAI/2.0/oai_dc.xsd">
  <dc:identifier>http://www.wikidata.org/entity/Q30664169</dc:identifier>
  <dc:identifier>https://www.ncbi.nlm.nih.gov/pmc/articles/PMC3749212</dc:identifier>
  <dc:identifier>doi:10.1371/JOURNAL.PONE.0071052</dc:identifier>
  <dc:title>Invasion dynamics of a fish-free landscape by brown trout (Salmo trutta).</dc:title>
  <dc:creator>Labonne, Jacques</dc:creator>
  <dc:creator>Vignon, Matthias</dc:creator>
  <dc:creator>Prévost, Etienne</dc:creator>
  <dc:creator>Lecomte, Frédéric</dc:creator>
  <dc:creator>Dodson, Julian J</dc:creator>
  <dc:creator>Kaeuffer, Renaud</dc:creator>
  <dc:creator>Aymes, Jean-Christophe</dc:creator>
  <dc:creator>Jarry, Marc</dc:creator>
  <dc:creator>Gaudin, Philippe</dc:creator>
  <dc:creator>Davaine, Patrick</dc:creator>
  <dc:creator>Beall, Edward</dc:creator>
  <dc:type>journal article</dc:type>
  <dc:date>2013-08-21</dc:date>
  <dc:language>en</dc:language>
  <dc:subject>hypothesis:propagule pressure hypothesis</dc:subject>
  <dc:subject>hypothesis:wikidata.org/entity/Q110620464</dc:subject>
  <dc:subject>Salmo trutta</dc:subject>
  <dc:subject>aquatic invasion</dc:subject>
  <dc:subject>invasive species</dc:subject>
  <dc:description>Metapopulation dynamics over the course of an invasion are usually difficult to grasp because they require large and reliable data collection, often unavailable. The invasion of the fish-free freshwater ecosystems of the remote sub-Antarctic Kerguelen Islands following man-made introductions of brown trout (Salmo trutta) in the 1950's is an exception to this rule. Benefiting from a full long term environmental research monitoring of the invasion, we built a Bayesian dynamic metapopulation model to analyze the invasion dynamics of 85 river systems over 51 years. The model accounted for patch size (river length and connections to lakes), alternative dispersal pathways between rivers, temporal trends in dynamics, and uncertainty in colonization date. The results show that the model correctly represents the observed pattern of invasion, especially if we assume a coastal dispersal pathway between patches. Landscape attributes such as patch size influenced the colonization function, but had no effect on propagule pressure. Independently from patch size and distance between patches, propagule pressure and colonization function were not constant through time. Propagule pressure increased over the course of colonization, whereas the colonization function decreased, conditional on propagule pressure. The resulting pattern of this antagonistic interplay is an initial rapid invasion phase followed by a strong decrease in the invasion rate. These temporal trends may be due to either adaptive processes or environmental gradients encountered along the colonization front. It was not possible to distinguish these two hypotheses. Because invasibility of Kerguelen Is. freshwater ecosystems is very high due to the lack of a pre-existing fish fauna and minimal human interference, our estimates of invasion dynamics represent a blueprint for the potential of brown trout invasiveness in pristine environments. Our conclusions shed light on the future of polar regions where, because of climate change, fish-free ecosystems become increasingly accessible to invasion by fish species.</dc:description>
</oai_dc:dc>