<?xml version="1.0" encoding="UTF-8" standalone="yes"?>
<oai_dc:dc xmlns:dc="http://purl.org/dc/elements/1.1/" xmlns:oai_dc="http://www.openarchives.org/OAI/2.0/oai_dc/" xmlns:xsi="http://www.w3.org/2001/XMLSchema-instance" xsi:schemaLocation="http://www.openarchives.org/OAI/2.0/oai_dc/ http://www.openarchives.org/OAI/2.0/oai_dc.xsd">
  <dc:identifier>http://www.wikidata.org/entity/Q56458662</dc:identifier>
  <dc:identifier>doi:10.1139/ER-2013-0073</dc:identifier>
  <dc:title>A review of developments in ballast water management</dc:title>
  <dc:creator>Balaji, Rajoo</dc:creator>
  <dc:creator>Yaakob, Omar</dc:creator>
  <dc:creator>Koh, Kho King</dc:creator>
  <dc:type>journal article</dc:type>
  <dc:date>2014-09</dc:date>
  <dc:language>en</dc:language>
  <dc:rights>http://www.nrcresearchpress.com/page/about/CorporateTextAndDataMining</dc:rights>
  <dc:subject>water management</dc:subject>
  <dc:subject>sailing ballast</dc:subject>
  <dc:subject>invasion management</dc:subject>
  <dc:publisher>Canadian Science Publishing</dc:publisher>
  <dc:description>&lt;jats:p&gt; Transportation and translocation of non-native species by ships through ballast water is one of the current issues the shipping industry is trying to address. The Ballast Water Convention is nearing full ratification after which treatment of ballast water will become mandatory for most of the trading merchant vessel categories. Ballast water management systems employing various technologies are commercially available but at high costs. Economics apart, the efficiency of these technologies and realistic ways to ensure compliance with stricter requirements of some Administrations are issues that need to be focussed upon. With the report of the Environmental Protection Agency as an assessment reference, this paper reviews the treatment technologies. Juxtaposing reports of Lloyd’s Register on the status, a concise overview of the technologies has been projected. A sustainable ballast water management based on data and assessments is proposed. The management must be extended to both shore and on-board platforms for practices, treatment, sampling, testing, and recycling. An exemplar system harvesting shipboard waste heat is projected as a route for thermal treatment in combination with technologies showing potential for optimized ballast water management. &lt;/jats:p&gt;</dc:description>
</oai_dc:dc>