<?xml version="1.0" encoding="UTF-8" standalone="yes"?>
<oai_dc:dc xmlns:dc="http://purl.org/dc/elements/1.1/" xmlns:oai_dc="http://www.openarchives.org/OAI/2.0/oai_dc/" xmlns:xsi="http://www.w3.org/2001/XMLSchema-instance" xsi:schemaLocation="http://www.openarchives.org/OAI/2.0/oai_dc/ http://www.openarchives.org/OAI/2.0/oai_dc.xsd">
  <dc:identifier>http://www.wikidata.org/entity/Q111148491</dc:identifier>
  <dc:identifier>doi:10.3390/W11081692</dc:identifier>
  <dc:title>Trophic Features, Benthic Recovery, and Dominance of the Invasive Mytilopsis Sallei in the Yundang Lagoon (Xiamen, China) Following Long-Term Restoration</dc:title>
  <dc:creator>Magni, Paolo</dc:creator>
  <dc:creator>Como, Serena</dc:creator>
  <dc:creator>Gravina, Maria Flavia</dc:creator>
  <dc:creator>Guo, Donghui</dc:creator>
  <dc:creator>Li, Chao</dc:creator>
  <dc:creator>Huang, Lingfeng</dc:creator>
  <dc:type>journal article</dc:type>
  <dc:date>2019-08-15</dc:date>
  <dc:language>en</dc:language>
  <dc:subject>Black-striped mussel</dc:subject>
  <dc:subject>invasive species</dc:subject>
  <dc:subject>biological invasion</dc:subject>
</oai_dc:dc>