<?xml version="1.0" encoding="UTF-8" standalone="yes"?>
<oai_dc:dc xmlns:dc="http://purl.org/dc/elements/1.1/" xmlns:oai_dc="http://www.openarchives.org/OAI/2.0/oai_dc/" xmlns:xsi="http://www.w3.org/2001/XMLSchema-instance" xsi:schemaLocation="http://www.openarchives.org/OAI/2.0/oai_dc/ http://www.openarchives.org/OAI/2.0/oai_dc.xsd">
  <dc:identifier>http://www.wikidata.org/entity/Q21136314</dc:identifier>
  <dc:identifier>doi:10.1371/JOURNAL.PONE.0011614</dc:identifier>
  <dc:title>A new (old), invasive ant in the hardwood forests of eastern North America and its potentially widespread impacts</dc:title>
  <dc:creator>Guénard, Benoit</dc:creator>
  <dc:creator>Guénard, Benoit</dc:creator>
  <dc:creator>Dunn, Robert R</dc:creator>
  <dc:type>journal article</dc:type>
  <dc:date>2010-07-21</dc:date>
  <dc:language>en</dc:language>
  <dc:subject>invasive ant</dc:subject>
  <dc:subject>invasion impact</dc:subject>
  <dc:description>Biological invasions represent a serious threat for the conservation of biodiversity in many ecosystems. While many social insect species and in particular ant species have been introduced outside their native ranges, few species have been successful at invading temperate forests. In this study, we document for the first time the relationship between the abundance of the introduced ant, Pachycondyla chinensis, in mature forests of North Carolina and the composition, abundance and diversity of native ant species using both a matched pair approach and generalized linear models. Where present, P. chinensis was more abundant than all native species combined. The diversity and abundance of native ants in general and many individual species were negatively associated with the presence and abundance of P. chinensis. These patterns held regardless of our statistical approach and across spatial scales. Interestingly, while the majority of ant species was strongly and negatively correlated with the abundance and presence of P. chinensis, a small subset of ant species larger than P. chinensis was either as abundant or even more abundant in invaded than in uninvaded sites. The large geographic range of this ant species combined with its apparent impact on native species make it likely to have cascading consequences on eastern forests in years to come, effects mediated by the specifics of its life history which is very different from those of other invasive ants. The apparent ecological impacts of P. chinensis are in addition to public health concerns associated with this species due to its sometimes, deadly sting.</dc:description>
</oai_dc:dc>