<?xml version="1.0" encoding="UTF-8" standalone="yes"?>
<oai_dc:dc xmlns:dc="http://purl.org/dc/elements/1.1/" xmlns:oai_dc="http://www.openarchives.org/OAI/2.0/oai_dc/" xmlns:xsi="http://www.w3.org/2001/XMLSchema-instance" xsi:schemaLocation="http://www.openarchives.org/OAI/2.0/oai_dc/ http://www.openarchives.org/OAI/2.0/oai_dc.xsd">
  <dc:identifier>http://www.wikidata.org/entity/Q56782167</dc:identifier>
  <dc:identifier>doi:10.1007/S10452-005-9010-6</dc:identifier>
  <dc:title>Invasion ecology of quagga mussels (Dreissena rostriformis bugensis): a review of evolutionary and phylogenetic impacts</dc:title>
  <dc:creator>Orlova, Marina I.</dc:creator>
  <dc:creator>Therriault, Thomas W.</dc:creator>
  <dc:creator>Antonov, Pavel I.</dc:creator>
  <dc:creator>Shcherbina, Gregory Kh.</dc:creator>
  <dc:type>journal article</dc:type>
  <dc:date>2005-11-09</dc:date>
  <dc:language>en</dc:language>
  <dc:subject>phylogenetics</dc:subject>
  <dc:subject>invasion biology</dc:subject>
  <dc:subject>invasion genetics</dc:subject>
  <dc:subject>invasion ecology</dc:subject>
  <dc:subject>Dreissena rostriformis</dc:subject>
  <dc:subject>invasion impact</dc:subject>
  <dc:subject>quagga mussel</dc:subject>
</oai_dc:dc>