<?xml version="1.0" encoding="UTF-8" standalone="yes"?>
<oai_dc:dc xmlns:dc="http://purl.org/dc/elements/1.1/" xmlns:oai_dc="http://www.openarchives.org/OAI/2.0/oai_dc/" xmlns:xsi="http://www.w3.org/2001/XMLSchema-instance" xsi:schemaLocation="http://www.openarchives.org/OAI/2.0/oai_dc/ http://www.openarchives.org/OAI/2.0/oai_dc.xsd">
  <dc:identifier>http://www.wikidata.org/entity/Q113904322</dc:identifier>
  <dc:identifier>doi:10.1007/S10530-022-02758-X</dc:identifier>
  <dc:title>Aquatic invasive species specialists’ perceptions on the importance of genetic tools and concepts to inform management</dc:title>
  <dc:creator>Bernos, T. A.</dc:creator>
  <dc:creator>Jeffries, Ken M.</dc:creator>
  <dc:creator>Mandrak, Nicholas E.</dc:creator>
  <dc:type>journal article</dc:type>
  <dc:date>2022-03-14</dc:date>
  <dc:language>en</dc:language>
  <dc:rights>https://www.springer.com/tdm</dc:rights>
  <dc:subject>invasive species</dc:subject>
  <dc:subject>invasion management</dc:subject>
  <dc:publisher>Springer Science and Business Media LLC</dc:publisher>
</oai_dc:dc>