<?xml version="1.0" encoding="UTF-8" standalone="yes"?>
<oai_dc:dc xmlns:dc="http://purl.org/dc/elements/1.1/" xmlns:oai_dc="http://www.openarchives.org/OAI/2.0/oai_dc/" xmlns:xsi="http://www.w3.org/2001/XMLSchema-instance" xsi:schemaLocation="http://www.openarchives.org/OAI/2.0/oai_dc/ http://www.openarchives.org/OAI/2.0/oai_dc.xsd">
  <dc:identifier>http://www.wikidata.org/entity/Q21187253</dc:identifier>
  <dc:identifier>https://www.ncbi.nlm.nih.gov/pmc/articles/PMC4410146</dc:identifier>
  <dc:identifier>doi:10.3897/ZOOKEYS.498.9716</dc:identifier>
  <dc:title>A new genus and species of native exotic millipede in Australia (Diplopoda, Polydesmida, Paradoxosomatidae)</dc:title>
  <dc:creator>Mesibov, Robert</dc:creator>
  <dc:creator>Car, Catherine A</dc:creator>
  <dc:type>journal article</dc:type>
  <dc:date>2015-04-21</dc:date>
  <dc:language>en</dc:language>
  <dc:subject>Australia</dc:subject>
  <dc:subject>genus novus</dc:subject>
  <dc:subject>invasion biology</dc:subject>
  <dc:subject>Diplopoda</dc:subject>
  <dc:subject>Paradoxosomatidae</dc:subject>
  <dc:description>Taxidiotisomaportabile gen. n., sp. n. is described from scattered populations in New South Wales, Victoria and Tasmania, Australia. Populations of Taxidiotisomaportabile in Victoria, Tasmania and parts of New South Wales occur in urban, suburban and agricultural areas, with no collections of the species in natural habitats in the same district. Taxidiotisomaportabile is likely to be a native exotic species whose home range is in eastern New South Wales.</dc:description>
</oai_dc:dc>