<?xml version="1.0" encoding="UTF-8" standalone="yes"?>
<oai_dc:dc xmlns:dc="http://purl.org/dc/elements/1.1/" xmlns:oai_dc="http://www.openarchives.org/OAI/2.0/oai_dc/" xmlns:xsi="http://www.w3.org/2001/XMLSchema-instance" xsi:schemaLocation="http://www.openarchives.org/OAI/2.0/oai_dc/ http://www.openarchives.org/OAI/2.0/oai_dc.xsd">
  <dc:identifier>http://www.wikidata.org/entity/Q27230103</dc:identifier>
  <dc:identifier>https://www.ncbi.nlm.nih.gov/pmc/articles/PMC3116812</dc:identifier>
  <dc:identifier>doi:10.1371/JOURNAL.PPAT.1002075</dc:identifier>
  <dc:title>Plasmodium falciparum merozoite invasion is inhibited by antibodies that target the PfRh2a and b binding domains</dc:title>
  <dc:creator>Triglia, Tony</dc:creator>
  <dc:creator>Chen, Lin</dc:creator>
  <dc:creator>Lopaticki, Sash</dc:creator>
  <dc:creator>Dekiwadia, Chaitali</dc:creator>
  <dc:creator>Riglar, David T</dc:creator>
  <dc:creator>Hodder, Anthony N</dc:creator>
  <dc:creator>Ralph, Stuart A</dc:creator>
  <dc:creator>Baum, Jake</dc:creator>
  <dc:creator>Cowman, Alan F</dc:creator>
  <dc:type>journal article</dc:type>
  <dc:date>2011-06</dc:date>
  <dc:language>en</dc:language>
  <dc:subject>Plasmodium falciparum</dc:subject>
  <dc:subject>reticulocyte binding protein 2 homologue b</dc:subject>
  <dc:subject>reticulocyte binding protein 2 homologue a</dc:subject>
  <dc:subject>antibody</dc:subject>
  <dc:subject>invasive species</dc:subject>
  <dc:description>Plasmodium falciparum, the causative agent of the most severe form of malaria in humans invades erythrocytes using multiple ligand-receptor interactions. The P. falciparum reticulocyte binding-like homologue proteins (PfRh or PfRBL) are important for entry of the invasive merozoite form of the parasite into red blood cells. We have analysed two members of this protein family, PfRh2a and PfRh2b, and show they undergo a complex series of proteolytic cleavage events before and during merozoite invasion. We show that PfRh2a undergoes a cleavage event in the transmembrane region during invasion consistent with activity of the membrane associated PfROM4 protease that would result in release of the ectodomain into the supernatant. We also show that PfRh2a and PfRh2b bind to red blood cells and have defined the erythrocyte-binding domain to a 15 kDa region at the N-terminus of each protein. Antibodies to this receptor-binding region block merozoite invasion demonstrating the important function of this domain. This region of PfRh2a and PfRh2b has potential in a combination vaccine with other erythrocyte binding ligands for induction of antibodies that would block a broad range of invasion pathways for P. falciparum into human erythrocytes.</dc:description>
</oai_dc:dc>