<?xml version="1.0" encoding="UTF-8" standalone="yes"?>
<oai_dc:dc xmlns:dc="http://purl.org/dc/elements/1.1/" xmlns:oai_dc="http://www.openarchives.org/OAI/2.0/oai_dc/" xmlns:xsi="http://www.w3.org/2001/XMLSchema-instance" xsi:schemaLocation="http://www.openarchives.org/OAI/2.0/oai_dc/ http://www.openarchives.org/OAI/2.0/oai_dc.xsd">
  <dc:identifier>http://www.wikidata.org/entity/Q113904345</dc:identifier>
  <dc:identifier>doi:10.1007/S10530-021-02727-W</dc:identifier>
  <dc:title>Invasive alien species as simultaneous benefits and burdens: trends, stakeholder perceptions and management</dc:title>
  <dc:creator>Kourantidou, Melina</dc:creator>
  <dc:creator>Haubrock, Phillip J.</dc:creator>
  <dc:creator>Cuthbert, Ross N.</dc:creator>
  <dc:creator>Bodey, Thomas W.</dc:creator>
  <dc:creator>Lenzner, Bernd</dc:creator>
  <dc:creator>Gozlan, Rodolphe E.</dc:creator>
  <dc:creator>Nuñez, Martin A.</dc:creator>
  <dc:creator>Salles, Jean-Michel</dc:creator>
  <dc:creator>Diagne, Christophe</dc:creator>
  <dc:creator>Courchamp, Franck</dc:creator>
  <dc:type>journal article</dc:type>
  <dc:date>2022-01-12</dc:date>
  <dc:language>en</dc:language>
  <dc:rights>https://www.springer.com/tdm</dc:rights>
  <dc:subject>invasion management</dc:subject>
  <dc:publisher>Springer Science and Business Media LLC</dc:publisher>
</oai_dc:dc>