<?xml version="1.0" encoding="UTF-8" standalone="yes"?>
<oai_dc:dc xmlns:dc="http://purl.org/dc/elements/1.1/" xmlns:oai_dc="http://www.openarchives.org/OAI/2.0/oai_dc/" xmlns:xsi="http://www.w3.org/2001/XMLSchema-instance" xsi:schemaLocation="http://www.openarchives.org/OAI/2.0/oai_dc/ http://www.openarchives.org/OAI/2.0/oai_dc.xsd">
  <dc:identifier>http://www.wikidata.org/entity/Q110809300</dc:identifier>
  <dc:identifier>doi:10.3390/INSECTS12121094</dc:identifier>
  <dc:title>Distribution of Two Strains of (Dallas) (Hemiptera: Coreidae) in the Western Hemisphere: Is a Potential Invasive Species in California?</dc:title>
  <dc:creator>Joyce, Andrea L</dc:creator>
  <dc:creator>Parolini, Hannah</dc:creator>
  <dc:creator>Brailovsky, Harry</dc:creator>
  <dc:type>journal article</dc:type>
  <dc:date>2021-12-07</dc:date>
  <dc:language>en</dc:language>
  <dc:subject>invasive species</dc:subject>
  <dc:subject>Hemiptera</dc:subject>
  <dc:subject>Coreidae</dc:subject>
  <dc:description>The leaffooted plant bug, Leptoglossus zonatus (Dallas) (Hemiptera: Coreidae) is polyphagous and widely distributed in the Western Hemisphere. Although it has been recorded in California since around 1900, it has become a more common pest in almonds in the last decade. Other studies have shown that an established insect can become a pest when a new genotype is introduced. This study investigated the distribution of two lineages (strains) of L. zonatus in the Western Hemisphere. Specimens from the Leptoglossus collection in the national insect collection in Mexico were used to extract DNA and sequence the mitochondrial DNA cytochrome oxidase I (mtDNA COI) gene, for use in population genetic and phylogenetic analyses. New sequences from Mexico, Central and South America were combined with those available in GenBank, from California and Brazil. Two lineages (strains) of L. zonatus were uncovered. One lineage occurs in California, Mexico and Ecuador. The second lineage is more widespread and found in California, Mexico, Guatemala, Nicaragua, Bolivia and Brazil. The haplotype number and diversity, and nucleotide diversity, were found for samples from California, Mexico, and Brazil, for the two lineages, and for all 118 sequences combined. All sequences combined produced five haplotypes, and a haplotype diversity of 0.54. California and Brazil had 3 haplotypes each, with one haplotype shared (5 total). Haplotype diversity in California and in Brazil were 0.526 and 0.505, respectively. A haplotype network found that one haplotype was most abundant and widespread. The small number of haplotypes, a range expansion, and economic pest status of L. zonatus in California, all contribute to this insect being a potentially invasive insect pest.</dc:description>
</oai_dc:dc>