<?xml version="1.0" encoding="UTF-8" standalone="yes"?>
<oai_dc:dc xmlns:dc="http://purl.org/dc/elements/1.1/" xmlns:oai_dc="http://www.openarchives.org/OAI/2.0/oai_dc/" xmlns:xsi="http://www.w3.org/2001/XMLSchema-instance" xsi:schemaLocation="http://www.openarchives.org/OAI/2.0/oai_dc/ http://www.openarchives.org/OAI/2.0/oai_dc.xsd">
  <dc:identifier>http://www.wikidata.org/entity/Q54961649</dc:identifier>
  <dc:identifier>doi:10.1371/ANNOTATION/6A9A9D59-8C24-4C3B-B125-2EFBA2DB4D45</dc:identifier>
  <dc:title>Correction: Successive Invasion-Mediated Interspecific Hybridizations and Population Structure in the Endangered Cichlid</dc:title>
  <dc:creator>Firmat, Cyril</dc:creator>
  <dc:creator>Alibert, Paul</dc:creator>
  <dc:creator>Losseau, Michèle</dc:creator>
  <dc:creator>Baroiller, Jean-François</dc:creator>
  <dc:creator>Schliewen, Ulrich K.</dc:creator>
  <dc:type>journal article</dc:type>
  <dc:date>2013-10-25</dc:date>
  <dc:language>en</dc:language>
  <dc:subject>population structure</dc:subject>
</oai_dc:dc>