<?xml version="1.0" encoding="UTF-8" standalone="yes"?>
<oai_dc:dc xmlns:dc="http://purl.org/dc/elements/1.1/" xmlns:oai_dc="http://www.openarchives.org/OAI/2.0/oai_dc/" xmlns:xsi="http://www.w3.org/2001/XMLSchema-instance" xsi:schemaLocation="http://www.openarchives.org/OAI/2.0/oai_dc/ http://www.openarchives.org/OAI/2.0/oai_dc.xsd">
  <dc:identifier>http://www.wikidata.org/entity/Q36108844</dc:identifier>
  <dc:identifier>https://www.ncbi.nlm.nih.gov/pmc/articles/PMC4974932</dc:identifier>
  <dc:identifier>doi:10.7717/PEERJ.2273</dc:identifier>
  <dc:title>Medium-sized exotic prey create novel food webs: the case of predators and scavengers consuming lagomorphs</dc:title>
  <dc:creator>Barbar, Facundo</dc:creator>
  <dc:creator>Hiraldo, Fernando</dc:creator>
  <dc:creator>Lambertucci, Sergio A</dc:creator>
  <dc:type>journal article</dc:type>
  <dc:date>2016-07-27</dc:date>
  <dc:language>en</dc:language>
  <dc:subject>predation</dc:subject>
  <dc:subject>predator–prey system</dc:subject>
  <dc:subject>food web</dc:subject>
  <dc:subject>non-native prey</dc:subject>
  <dc:description>Food web interactions are key to community structure. The introduction of species can be seen as an uncontrolled experiment of the addition of species. Introduced species lead to multiple changes, frequently threatening the native biodiversity. However, little is known about their direct effect on the upper level of the food web. In this study we review empirical data on the predator-prey relationship between the introduced lagomorphs and their consumers, and use meta-analytical tools to quantify the strength of their interactions. We expect that exotic lagomorphs will destabilize food webs, affect ecological processes and compromise the conservation of the invaded regions. We found 156 studies on the diet of 43 species of predators that consume lagomorphs as exotic preys in South America and Oceania. We found an average exotic lagomorphs-predator link of 20% which indicates a strong interaction, given that the average for the strongest links with native prey (when lagomorphs are not included in the predator diet) is about 24%. Additionally, this last link decreases to 17% when lagomorphs are present. When lagomorphs arrive in a new environment they may become the most important resource for predators, producing an unstable equilibrium in the novel food web. Any disruption of this interaction could have catastrophic consequences for the native diversity by directly impacting predators or indirectly impacting native preys by apparent competition. Eradication or any change in their abundances should be carefully considered in conservation actions since those will have great impacts on predator populations and ultimately in the whole communities.</dc:description>
</oai_dc:dc>