<?xml version="1.0" encoding="UTF-8" standalone="yes"?>
<oai_dc:dc xmlns:dc="http://purl.org/dc/elements/1.1/" xmlns:oai_dc="http://www.openarchives.org/OAI/2.0/oai_dc/" xmlns:xsi="http://www.w3.org/2001/XMLSchema-instance" xsi:schemaLocation="http://www.openarchives.org/OAI/2.0/oai_dc/ http://www.openarchives.org/OAI/2.0/oai_dc.xsd">
  <dc:identifier>http://www.wikidata.org/entity/Q111159159</dc:identifier>
  <dc:identifier>doi:10.1007/S10530-017-1472-7</dc:identifier>
  <dc:title>The generality of management recommendations across populations of an invasive perennial herb</dc:title>
  <dc:creator>Ramula, Satu</dc:creator>
  <dc:type>journal article</dc:type>
  <dc:date>2017-06-06</dc:date>
  <dc:language>en</dc:language>
  <dc:subject>invasion management</dc:subject>
</oai_dc:dc>