<?xml version="1.0" encoding="UTF-8" standalone="yes"?>
<oai_dc:dc xmlns:dc="http://purl.org/dc/elements/1.1/" xmlns:oai_dc="http://www.openarchives.org/OAI/2.0/oai_dc/" xmlns:xsi="http://www.w3.org/2001/XMLSchema-instance" xsi:schemaLocation="http://www.openarchives.org/OAI/2.0/oai_dc/ http://www.openarchives.org/OAI/2.0/oai_dc.xsd">
  <dc:identifier>http://www.wikidata.org/entity/Q111148651</dc:identifier>
  <dc:identifier>doi:10.3390/SU13115976</dc:identifier>
  <dc:title>Physiological and Biochemical Responses of Invasive Species Cenchrus pauciflorus Benth to Drought Stress</dc:title>
  <dc:creator>Zhou, Liye</dc:creator>
  <dc:creator>Tian, Xun</dc:creator>
  <dc:creator>Cui, Beimi</dc:creator>
  <dc:creator>Hussain, Adil</dc:creator>
  <dc:type>journal article</dc:type>
  <dc:date>2021-05-27</dc:date>
  <dc:language>en</dc:language>
  <dc:subject>invasive species</dc:subject>
  <dc:subject>Cenchrus pauciflorus</dc:subject>
</oai_dc:dc>