<?xml version="1.0" encoding="UTF-8" standalone="yes"?>
<oai_dc:dc xmlns:dc="http://purl.org/dc/elements/1.1/" xmlns:oai_dc="http://www.openarchives.org/OAI/2.0/oai_dc/" xmlns:xsi="http://www.w3.org/2001/XMLSchema-instance" xsi:schemaLocation="http://www.openarchives.org/OAI/2.0/oai_dc/ http://www.openarchives.org/OAI/2.0/oai_dc.xsd">
  <dc:identifier>http://www.wikidata.org/entity/Q97593230</dc:identifier>
  <dc:identifier>https://www.ncbi.nlm.nih.gov/pmc/articles/PMC7359000</dc:identifier>
  <dc:identifier>doi:10.1093/CONPHYS/COAA061</dc:identifier>
  <dc:title>Adaptive capacity in the foundation tree species Populus fremontii: implications for resilience to climate change and non-native species invasion in the American Southwest</dc:title>
  <dc:creator>Hultine, Kevin R</dc:creator>
  <dc:creator>Allan, Gerard J</dc:creator>
  <dc:creator>Blasini, Davis</dc:creator>
  <dc:creator>Bothwell, Helen M</dc:creator>
  <dc:creator>Cadmus, Abraham</dc:creator>
  <dc:creator>Cooper, Hillary F</dc:creator>
  <dc:creator>Doughty, Chris E</dc:creator>
  <dc:creator>Gehring, Catherine A</dc:creator>
  <dc:creator>Gitlin, Alicyn R</dc:creator>
  <dc:creator>Grady, Kevin C</dc:creator>
  <dc:creator>Hull, Julia B</dc:creator>
  <dc:creator>Keith, Arthur R</dc:creator>
  <dc:creator>Koepke, Dan F</dc:creator>
  <dc:creator>Markovchick, Lisa</dc:creator>
  <dc:creator>Parker, Jackie M Corbin</dc:creator>
  <dc:creator>Sankey, Temuulen T</dc:creator>
  <dc:creator>Whitham, Thomas G</dc:creator>
  <dc:type>journal article</dc:type>
  <dc:date>2020-07-13</dc:date>
  <dc:language>en</dc:language>
  <dc:subject>climate change</dc:subject>
  <dc:subject>adaptation to global warming</dc:subject>
  <dc:subject>biological invasion</dc:subject>
  <dc:subject>introduced species</dc:subject>
  <dc:subject>Populus fremontii</dc:subject>
  <dc:description>&lt;i&gt;Populus fremontii&lt;/i&gt; (Fremont cottonwood) is recognized as one of the most important foundation tree species in the southwestern USA and northern Mexico because of its ability to structure communities across multiple trophic levels, drive ecosystem processes and influence biodiversity via genetic-based functional trait variation. However, the areal extent of &lt;i&gt;P. fremontii&lt;/i&gt; cover has declined dramatically over the last century due to the effects of surface water diversions, non-native species invasions and more recently climate change. Consequently, &lt;i&gt;P. fremontii&lt;/i&gt; gallery forests are considered amongst the most threatened forest types in North America. In this paper, we unify four conceptual areas of genes to ecosystems research related to &lt;i&gt;P. fremontii's&lt;/i&gt; capacity to survive or even thrive under current and future environmental conditions: (i) hydraulic function related to canopy thermal regulation during heat waves; (ii) mycorrhizal mutualists in relation to resiliency to climate change and invasion by the non-native tree/shrub, &lt;i&gt;Tamarix&lt;/i&gt;; (iii) phenotypic plasticity as a mechanism for coping with rapid changes in climate; and (iv) hybridization between &lt;i&gt;P. fremontii&lt;/i&gt; and other closely related &lt;i&gt;Populus&lt;/i&gt; species where enhanced vigour of hybrids may preserve the foundational capacity of &lt;i&gt;Populus&lt;/i&gt; in the face of environmental change. We also discuss opportunities to scale these conceptual areas from genes to the ecosystem level via remote sensing. We anticipate that the exploration of these conceptual areas of research will facilitate solutions to climate change with a foundation species that is recognized as being critically important for biodiversity conservation and could serve as a model for adaptive management of arid regions in the southwestern USA and around the world.</dc:description>
</oai_dc:dc>