<?xml version="1.0" encoding="UTF-8" standalone="yes"?>
<oai_dc:dc xmlns:dc="http://purl.org/dc/elements/1.1/" xmlns:oai_dc="http://www.openarchives.org/OAI/2.0/oai_dc/" xmlns:xsi="http://www.w3.org/2001/XMLSchema-instance" xsi:schemaLocation="http://www.openarchives.org/OAI/2.0/oai_dc/ http://www.openarchives.org/OAI/2.0/oai_dc.xsd">
  <dc:identifier>http://www.wikidata.org/entity/Q56782314</dc:identifier>
  <dc:identifier>doi:10.1111/J.1526-100X.2005.00075.X</dc:identifier>
  <dc:title>Concurrent Management of an Exotic Species and Initial Restoration Efforts in Forests</dc:title>
  <dc:creator>Murphy, Stephen D.</dc:creator>
  <dc:type>journal article</dc:type>
  <dc:date>2005-12</dc:date>
  <dc:language>en</dc:language>
  <dc:subject>restoration ecology</dc:subject>
  <dc:subject>ecological restoration</dc:subject>
  <dc:subject>invasion management</dc:subject>
  <dc:subject>forest restoration</dc:subject>
</oai_dc:dc>