<?xml version="1.0" encoding="UTF-8" standalone="yes"?>
<oai_dc:dc xmlns:dc="http://purl.org/dc/elements/1.1/" xmlns:oai_dc="http://www.openarchives.org/OAI/2.0/oai_dc/" xmlns:xsi="http://www.w3.org/2001/XMLSchema-instance" xsi:schemaLocation="http://www.openarchives.org/OAI/2.0/oai_dc/ http://www.openarchives.org/OAI/2.0/oai_dc.xsd">
  <dc:identifier>http://www.wikidata.org/entity/Q56441549</dc:identifier>
  <dc:identifier>doi:10.1007/S10021-014-9809-X</dc:identifier>
  <dc:title>Impact of Exotic Earthworms on Organic Carbon Sorption on Mineral Surfaces and Soil Carbon Inventories in a Northern Hardwood Forest</dc:title>
  <dc:creator>Lyttle, Amy</dc:creator>
  <dc:creator>Yoo, Kyungsoo</dc:creator>
  <dc:creator>Hale, Cindy</dc:creator>
  <dc:creator>Aufdenkampe, Anthony</dc:creator>
  <dc:creator>Sebestyen, Stephen D.</dc:creator>
  <dc:creator>Resner, Kathryn</dc:creator>
  <dc:creator>Blum, Alex</dc:creator>
  <dc:type>journal article</dc:type>
  <dc:date>2014-09-20</dc:date>
  <dc:language>en</dc:language>
  <dc:rights>http://www.springer.com/tdm</dc:rights>
  <dc:subject>invasion impact</dc:subject>
  <dc:publisher>Springer Science and Business Media LLC</dc:publisher>
</oai_dc:dc>