<?xml version="1.0" encoding="UTF-8" standalone="yes"?>
<oai_dc:dc xmlns:dc="http://purl.org/dc/elements/1.1/" xmlns:oai_dc="http://www.openarchives.org/OAI/2.0/oai_dc/" xmlns:xsi="http://www.w3.org/2001/XMLSchema-instance" xsi:schemaLocation="http://www.openarchives.org/OAI/2.0/oai_dc/ http://www.openarchives.org/OAI/2.0/oai_dc.xsd">
  <dc:identifier>http://www.wikidata.org/entity/Q54906794</dc:identifier>
  <dc:identifier>https://www.ncbi.nlm.nih.gov/pmc/articles/PMC5069521</dc:identifier>
  <dc:identifier>doi:10.1098/RSPB.2016.1992</dc:identifier>
  <dc:title>Correction to 'Different effects of invader-native phylogenetic relatedness on invasion success and impact: a meta-analysis of Darwin's naturalization hypothesis'.</dc:title>
  <dc:creator>Chao</dc:creator>
  <dc:creator>Li, Shao-Peng</dc:creator>
  <dc:creator>Pu, Zhichao</dc:creator>
  <dc:creator>Tan, Jiaqi</dc:creator>
  <dc:creator>Liu, Manqiang</dc:creator>
  <dc:creator>Zhou, Jing</dc:creator>
  <dc:creator>Li, Huixin</dc:creator>
  <dc:creator>Jiang, Lin</dc:creator>
  <dc:type>journal article</dc:type>
  <dc:date>2016-10-01</dc:date>
  <dc:language>en</dc:language>
  <dc:subject>hypothesis:Darwin's naturalization hypothesis</dc:subject>
  <dc:subject>hypothesis:wikidata.org/entity/Q116193385</dc:subject>
  <dc:subject>phylogenetics</dc:subject>
  <dc:subject>invasion success</dc:subject>
  <dc:subject>naturalization</dc:subject>
  <dc:subject>invasion genetics</dc:subject>
  <dc:subject>invasion success prediction</dc:subject>
  <dc:subject>invasion impact</dc:subject>
</oai_dc:dc>