<?xml version="1.0" encoding="UTF-8" standalone="yes"?>
<oai_dc:dc xmlns:dc="http://purl.org/dc/elements/1.1/" xmlns:oai_dc="http://www.openarchives.org/OAI/2.0/oai_dc/" xmlns:xsi="http://www.w3.org/2001/XMLSchema-instance" xsi:schemaLocation="http://www.openarchives.org/OAI/2.0/oai_dc/ http://www.openarchives.org/OAI/2.0/oai_dc.xsd">
  <dc:identifier>http://www.wikidata.org/entity/Q35222014</dc:identifier>
  <dc:identifier>https://www.ncbi.nlm.nih.gov/pmc/articles/PMC3176282</dc:identifier>
  <dc:identifier>doi:10.1371/JOURNAL.PONE.0024416</dc:identifier>
  <dc:title>How reproductive ecology contributes to the spread of a globally invasive fish</dc:title>
  <dc:creator>Deacon, Amy E</dc:creator>
  <dc:creator>Ramnarine, Indar W</dc:creator>
  <dc:creator>Magurran, Anne E</dc:creator>
  <dc:type>journal article</dc:type>
  <dc:date>2011-09-19</dc:date>
  <dc:language>en</dc:language>
  <dc:subject>fish</dc:subject>
  <dc:subject>aquatic invasion</dc:subject>
  <dc:subject>invasive species</dc:subject>
  <dc:subject>invasive fish</dc:subject>
  <dc:description>Invasive freshwater fish represent a major threat to biodiversity. Here, we first demonstrate the dramatic, human-mediated range expansion of the Trinidadian guppy (Poecilia reticulata), an invasive fish with a reputation for negatively impacting native freshwater communities. Next, we explore possible mechanisms that might explain successful global establishment of this species. Guppies, along with some other notable invasive fish species such as mosquitofish (Gambusia spp.), have reproductive adaptations to ephemeral habitats that may enable introductions of very small numbers of founders to succeed. The remarkable ability of single pregnant guppies to routinely establish viable populations is demonstrated using a replicated mesocosm set up. In 86% of cases, these populations persisted for two years (the duration of the experiment). Establishment success was independent of founder origin (high and low predation habitats), and there was no loss of behavioural performance amongst mesocosm juveniles. Behavioural "signatures" of the founding locality were, however, evident in mesocosm fish. Our results demonstrate that introductions consisting of a single individual can lead to thriving populations of this invasive fish and suggest that particular caution should be exercised when introducing this species, or other livebearers, to natural water bodies.</dc:description>
</oai_dc:dc>