<?xml version="1.0" encoding="UTF-8" standalone="yes"?>
<oai_dc:dc xmlns:dc="http://purl.org/dc/elements/1.1/" xmlns:oai_dc="http://www.openarchives.org/OAI/2.0/oai_dc/" xmlns:xsi="http://www.w3.org/2001/XMLSchema-instance" xsi:schemaLocation="http://www.openarchives.org/OAI/2.0/oai_dc/ http://www.openarchives.org/OAI/2.0/oai_dc.xsd">
  <dc:identifier>http://www.wikidata.org/entity/Q39125597</dc:identifier>
  <dc:identifier>https://www.ncbi.nlm.nih.gov/pmc/articles/PMC3888410</dc:identifier>
  <dc:identifier>doi:10.1371/JOURNAL.PONE.0085368</dc:identifier>
  <dc:title>Population history and pathways of spread of the plant pathogen Phytophthora plurivora</dc:title>
  <dc:creator>Schoebel, Corine N</dc:creator>
  <dc:creator>Stewart, Jane</dc:creator>
  <dc:creator>Grunwald, Niklaus</dc:creator>
  <dc:creator>Rigling, Daniel</dc:creator>
  <dc:creator>Prospero, Simone</dc:creator>
  <dc:type>journal article</dc:type>
  <dc:date>2014-01-10</dc:date>
  <dc:language>en</dc:language>
  <dc:subject>pathogen spread</dc:subject>
  <dc:subject>Phytophthora plurivora</dc:subject>
  <dc:description>Human activity has been shown to considerably affect the spread of dangerous pests and pathogens worldwide. Therefore, strict regulations of international trade exist for particularly harmful pathogenic organisms. Phytophthora plurivora, which is not subject to regulations, is a plant pathogen frequently found on a broad range of host species, both in natural and artificial environments. It is supposed to be native to Europe while resident populations are also present in the US. We characterized a hierarchical sample of isolates from Europe and the US and conducted coalescent-, migration, and population genetic analysis of sequence and microsatellite data, to determine the pathways of spread and the demographic history of this pathogen. We found P. plurivora populations to be moderately diverse but not geographically structured. High levels of gene flow were observed within Europe and unidirectional from Europe to the US. Coalescent analyses revealed a signal of a recent expansion of the global P. plurivora population. Our study shows that P. plurivora has most likely been spread around the world by nursery trade of diseased plant material. In particular, P. plurivora was introduced into the US from Europe. International trade has allowed the pathogen to colonize new environments and/or hosts, resulting in population growth.</dc:description>
</oai_dc:dc>