<?xml version="1.0" encoding="UTF-8" standalone="yes"?>
<oai_dc:dc xmlns:dc="http://purl.org/dc/elements/1.1/" xmlns:oai_dc="http://www.openarchives.org/OAI/2.0/oai_dc/" xmlns:xsi="http://www.w3.org/2001/XMLSchema-instance" xsi:schemaLocation="http://www.openarchives.org/OAI/2.0/oai_dc/ http://www.openarchives.org/OAI/2.0/oai_dc.xsd">
  <dc:identifier>http://www.wikidata.org/entity/Q113904300</dc:identifier>
  <dc:identifier>doi:10.1007/S10530-022-02785-8</dc:identifier>
  <dc:title>The potential for analyses of monitoring scheme data to inform about the impacts of invasive on native species</dc:title>
  <dc:creator>Pringle, Henrietta E</dc:creator>
  <dc:creator>Siriwardena, Gavin</dc:creator>
  <dc:type>journal article</dc:type>
  <dc:date>2022-04-17</dc:date>
  <dc:language>en</dc:language>
  <dc:rights>https://www.springer.com/tdm</dc:rights>
  <dc:subject>invasion impact</dc:subject>
  <dc:publisher>Springer Science and Business Media LLC</dc:publisher>
</oai_dc:dc>