<?xml version="1.0" encoding="UTF-8" standalone="yes"?>
<oai_dc:dc xmlns:dc="http://purl.org/dc/elements/1.1/" xmlns:oai_dc="http://www.openarchives.org/OAI/2.0/oai_dc/" xmlns:xsi="http://www.w3.org/2001/XMLSchema-instance" xsi:schemaLocation="http://www.openarchives.org/OAI/2.0/oai_dc/ http://www.openarchives.org/OAI/2.0/oai_dc.xsd">
  <dc:identifier>http://www.wikidata.org/entity/Q33968149</dc:identifier>
  <dc:identifier>doi:10.1371/JOURNAL.PONE.0021905</dc:identifier>
  <dc:title>Diversity, loss, and gain of malaria parasites in a globally invasive bird</dc:title>
  <dc:creator>Marzal, Alfonso</dc:creator>
  <dc:creator>Ricklefs, Robert E</dc:creator>
  <dc:creator>Valkiūnas, Gediminas</dc:creator>
  <dc:creator>Albayrak, Tamer</dc:creator>
  <dc:creator>Arriero, Elena</dc:creator>
  <dc:creator>Bonneaud, Camille</dc:creator>
  <dc:creator>Czirják, Gábor A</dc:creator>
  <dc:creator>Ewen, John</dc:creator>
  <dc:creator>Hellgren, Olof</dc:creator>
  <dc:creator>Hořáková, Dita</dc:creator>
  <dc:creator>Iezhova, Tatjana A</dc:creator>
  <dc:creator>Jensen, Henrik</dc:creator>
  <dc:creator>Križanauskienė, Asta</dc:creator>
  <dc:creator>Križanauskienė, Asta</dc:creator>
  <dc:creator>Lima, Marcos R</dc:creator>
  <dc:creator>Lope, Florentino</dc:creator>
  <dc:creator>Magnussen, Eyðfinn</dc:creator>
  <dc:creator>Martin, Lynn B</dc:creator>
  <dc:creator>Møller, Anders P</dc:creator>
  <dc:creator>Palinauskas, Vaidas</dc:creator>
  <dc:creator>Pap, Péter L</dc:creator>
  <dc:creator>Pérez-Tris, Javier</dc:creator>
  <dc:creator>Sehgal, Ravinder N M</dc:creator>
  <dc:creator>Soler, Manuel</dc:creator>
  <dc:creator>Szöllosi, Eszter</dc:creator>
  <dc:creator>Westerdahl, Helena</dc:creator>
  <dc:creator>Zetindjiev, Pavel</dc:creator>
  <dc:creator>Bensch, Staffan</dc:creator>
  <dc:type>journal article</dc:type>
  <dc:date>2011-07-11</dc:date>
  <dc:language>en</dc:language>
  <dc:subject>malaria</dc:subject>
  <dc:subject>invasive bird</dc:subject>
  <dc:description>Invasive species can displace natives, and thus identifying the traits that make aliens successful is crucial for predicting and preventing biodiversity loss. Pathogens may play an important role in the invasive process, facilitating colonization of their hosts in new continents and islands. According to the Novel Weapon Hypothesis, colonizers may out-compete local native species by bringing with them novel pathogens to which native species are not adapted. In contrast, the Enemy Release Hypothesis suggests that flourishing colonizers are successful because they have left their pathogens behind. To assess the role of avian malaria and related haemosporidian parasites in the global spread of a common invasive bird, we examined the prevalence and genetic diversity of haemosporidian parasites (order Haemosporida, genera Plasmodium and Haemoproteus) infecting house sparrows (Passer domesticus). We sampled house sparrows (N = 1820) from 58 locations on 6 continents. All the samples were tested using PCR-based methods; blood films from the PCR-positive birds were examined microscopically to identify parasite species. The results show that haemosporidian parasites in the house sparrows' native range are replaced by species from local host-generalist parasite fauna in the alien environments of North and South America. Furthermore, sparrows in colonized regions displayed a lower diversity and prevalence of parasite infections. Because the house sparrow lost its native parasites when colonizing the American continents, the release from these natural enemies may have facilitated its invasion in the last two centuries. Our findings therefore reject the Novel Weapon Hypothesis and are concordant with the Enemy Release Hypothesis.</dc:description>
</oai_dc:dc>