<?xml version="1.0" encoding="UTF-8" standalone="yes"?>
<oai_dc:dc xmlns:dc="http://purl.org/dc/elements/1.1/" xmlns:oai_dc="http://www.openarchives.org/OAI/2.0/oai_dc/" xmlns:xsi="http://www.w3.org/2001/XMLSchema-instance" xsi:schemaLocation="http://www.openarchives.org/OAI/2.0/oai_dc/ http://www.openarchives.org/OAI/2.0/oai_dc.xsd">
  <dc:identifier>http://www.wikidata.org/entity/Q104892415</dc:identifier>
  <dc:identifier>doi:10.3391/AI.2012.7.2.001</dc:identifier>
  <dc:title>Population dynamics and zooplankton-predation impact of the indigenous scyphozoan Aurelia aurita and the invasive ctenophore Mnemiopsis leidyi in Limfjorden (Denmark)</dc:title>
  <dc:creator>Riisgård, Hans Ulrik</dc:creator>
  <dc:creator>Madsen, Caroline</dc:creator>
  <dc:creator>Barth-Jensen, Coralie</dc:creator>
  <dc:creator>Purcell, Jennifer</dc:creator>
  <dc:type>journal article</dc:type>
  <dc:date>2012</dc:date>
  <dc:language>en</dc:language>
  <dc:subject>zooplankton</dc:subject>
  <dc:subject>Mnemiopsis leidyi</dc:subject>
  <dc:subject>invasive species</dc:subject>
  <dc:subject>population dynamics</dc:subject>
  <dc:subject>invasion impact</dc:subject>
  <dc:subject>Aurelia aurita</dc:subject>
  <dc:subject>predation</dc:subject>
  <dc:publisher>Regional Euro-Asian Biological Invasions Centre Oy (REABIC)</dc:publisher>
</oai_dc:dc>