<?xml version="1.0" encoding="UTF-8" standalone="yes"?>
<oai_dc:dc xmlns:dc="http://purl.org/dc/elements/1.1/" xmlns:oai_dc="http://www.openarchives.org/OAI/2.0/oai_dc/" xmlns:xsi="http://www.w3.org/2001/XMLSchema-instance" xsi:schemaLocation="http://www.openarchives.org/OAI/2.0/oai_dc/ http://www.openarchives.org/OAI/2.0/oai_dc.xsd">
  <dc:identifier>http://www.wikidata.org/entity/Q56782205</dc:identifier>
  <dc:identifier>doi:10.1890/03-5330</dc:identifier>
  <dc:title>ECOLOGICAL IMPACTS AND MITIGATION STRATEGIES FOR RURAL LAND MANAGEMENT</dc:title>
  <dc:creator>Dale, V.H.</dc:creator>
  <dc:creator>Dale, Virginia</dc:creator>
  <dc:creator>Archer, Steve</dc:creator>
  <dc:creator>Chang, Michael</dc:creator>
  <dc:creator>Ojima, Dennis</dc:creator>
  <dc:type>journal article</dc:type>
  <dc:date>2005-12</dc:date>
  <dc:language>en</dc:language>
  <dc:subject>land management</dc:subject>
  <dc:subject>rural ecology</dc:subject>
  <dc:subject>invasion management</dc:subject>
  <dc:subject>invasion impact</dc:subject>
</oai_dc:dc>