<?xml version="1.0" encoding="UTF-8" standalone="yes"?>
<oai_dc:dc xmlns:dc="http://purl.org/dc/elements/1.1/" xmlns:oai_dc="http://www.openarchives.org/OAI/2.0/oai_dc/" xmlns:xsi="http://www.w3.org/2001/XMLSchema-instance" xsi:schemaLocation="http://www.openarchives.org/OAI/2.0/oai_dc/ http://www.openarchives.org/OAI/2.0/oai_dc.xsd">
  <dc:identifier>http://www.wikidata.org/entity/Q39261192</dc:identifier>
  <dc:identifier>doi:10.1126/SCIENCE.1060284</dc:identifier>
  <dc:title>Tree diversity in tropical rain forests: a validation of the intermediate disturbance hypothesis</dc:title>
  <dc:creator>JF, Molino</dc:creator>
  <dc:creator>D, Sabatier</dc:creator>
  <dc:type>journal article</dc:type>
  <dc:date>2001-11-01</dc:date>
  <dc:language>en</dc:language>
  <dc:subject>hypothesis:Intermediate Disturbance Hypothesis</dc:subject>
  <dc:subject>hypothesis:wikidata.org/entity/Q9003976</dc:subject>
  <dc:subject>rainforest</dc:subject>
  <dc:description>The "intermediate disturbance hypothesis," which postulates maximum diversity at intermediate regimes of disturbance, has never been clearly proved to apply to species-rich tropical forest tree communities and to local-scale canopy disturbances that modify light environments. This hypothesis was tested on a sample of 17,000 trees in a Guianan forest, 10 years after a silvicultural experiment that added to natural treefall gaps a wide range of disturbance intensities. Species richness, standardized to eliminate density effects, peaked at intermediate disturbance levels, particularly when disturbance intensity was estimated through the percentage of stems of strongly light-dependent species.</dc:description>
</oai_dc:dc>