<?xml version="1.0" encoding="UTF-8" standalone="yes"?>
<oai_dc:dc xmlns:dc="http://purl.org/dc/elements/1.1/" xmlns:oai_dc="http://www.openarchives.org/OAI/2.0/oai_dc/" xmlns:xsi="http://www.w3.org/2001/XMLSchema-instance" xsi:schemaLocation="http://www.openarchives.org/OAI/2.0/oai_dc/ http://www.openarchives.org/OAI/2.0/oai_dc.xsd">
  <dc:identifier>http://www.wikidata.org/entity/Q57027286</dc:identifier>
  <dc:identifier>doi:10.1007/S10530-017-1627-6</dc:identifier>
  <dc:title>Estimating realistic costs for strategic management planning of invasive species eradications on islands</dc:title>
  <dc:creator>Wenger, Amelia S.</dc:creator>
  <dc:creator>Adams, Vanessa M.</dc:creator>
  <dc:creator>Iacona, Gwenllian D.</dc:creator>
  <dc:creator>Lohr, Cheryl</dc:creator>
  <dc:creator>Pressey, Robert L.</dc:creator>
  <dc:creator>Morris, Keith</dc:creator>
  <dc:creator>Craigie, Ian D.</dc:creator>
  <dc:type>journal article</dc:type>
  <dc:date>2017-11-15</dc:date>
  <dc:language>en</dc:language>
  <dc:subject>invasive species</dc:subject>
  <dc:subject>strategic management</dc:subject>
  <dc:subject>invasive species eradication</dc:subject>
  <dc:subject>invasive species management</dc:subject>
  <dc:subject>invasion management</dc:subject>
</oai_dc:dc>