<?xml version="1.0" encoding="UTF-8" standalone="yes"?>
<oai_dc:dc xmlns:dc="http://purl.org/dc/elements/1.1/" xmlns:oai_dc="http://www.openarchives.org/OAI/2.0/oai_dc/" xmlns:xsi="http://www.w3.org/2001/XMLSchema-instance" xsi:schemaLocation="http://www.openarchives.org/OAI/2.0/oai_dc/ http://www.openarchives.org/OAI/2.0/oai_dc.xsd">
  <dc:identifier>http://www.wikidata.org/entity/Q33929026</dc:identifier>
  <dc:identifier>doi:10.1890/10-1230.1</dc:identifier>
  <dc:title>Plant invasions, generalist herbivores, and novel defense weapons</dc:title>
  <dc:creator>Schaffner, Urs</dc:creator>
  <dc:creator>Ridenour, Wendy M</dc:creator>
  <dc:creator>Wolf, Vera C</dc:creator>
  <dc:creator>Bassett, Thomas</dc:creator>
  <dc:creator>Müller, Caroline</dc:creator>
  <dc:creator>Müller-Schärer, Heinz</dc:creator>
  <dc:creator>Sutherland, Steve</dc:creator>
  <dc:creator>Lortie, Christopher J</dc:creator>
  <dc:creator>Callaway, Ragan M</dc:creator>
  <dc:type>journal article</dc:type>
  <dc:date>2011-04-01</dc:date>
  <dc:language>en</dc:language>
  <dc:rights>http://doi.wiley.com/10.1002/tdm_license_1.1</dc:rights>
  <dc:subject>hypothesis:novel weapons hypothesis</dc:subject>
  <dc:subject>hypothesis:wikidata.org/entity/Q109996900</dc:subject>
  <dc:subject>invasion biology</dc:subject>
  <dc:subject>herbivory</dc:subject>
  <dc:subject>plant invasion</dc:subject>
  <dc:subject>herbivore</dc:subject>
  <dc:subject>generalist herbivore</dc:subject>
  <dc:publisher>Wiley</dc:publisher>
  <dc:description>One commonly accepted mechanism for biological invasions is that species, after introduction to a new region, leave behind their natural enemies and therefore increase in distribution and abundance. However, which enemies are escaped remains unclear. Escape from specialist invertebrate herbivores has been examined in detail, but despite the profound effects of generalist herbivores in natural communities their potential to control invasive species is poorly understood. We carried out parallel laboratory feeding bioassays with generalist invertebrate herbivores from the native (Europe) and from the introduced (North America) range using native and nonnative tetraploid populations of the invasive spotted knapweed, Centaurea stoebe. We found that the growth of North American generalist herbivores was far lower when feeding on C. stoebe than the growth of European generalists. In contrast, North American and European generalists grew equally well on European and North American tetraploid C. stoebe plants, lending no support for an evolutionary change in resistance of North American tetraploid C. stoebe populations against generalist herbivores. These results suggest that biogeographical differences in the response of generalist herbivores to novel plant species have the potential to affect plant invasions.</dc:description>
</oai_dc:dc>