<?xml version="1.0" encoding="UTF-8" standalone="yes"?>
<oai_dc:dc xmlns:dc="http://purl.org/dc/elements/1.1/" xmlns:oai_dc="http://www.openarchives.org/OAI/2.0/oai_dc/" xmlns:xsi="http://www.w3.org/2001/XMLSchema-instance" xsi:schemaLocation="http://www.openarchives.org/OAI/2.0/oai_dc/ http://www.openarchives.org/OAI/2.0/oai_dc.xsd">
  <dc:identifier>http://www.wikidata.org/entity/Q59211877</dc:identifier>
  <dc:identifier>doi:10.3354/MEPS12731</dc:identifier>
  <dc:title>Impact of invasive corals Tubastrea spp. on native coral recruitment</dc:title>
  <dc:creator>Miranda, RJ</dc:creator>
  <dc:creator>Tagliafico, A</dc:creator>
  <dc:creator>Kelaher, BP</dc:creator>
  <dc:creator>Mariano-Neto, E</dc:creator>
  <dc:creator>Barros, F</dc:creator>
  <dc:type>journal article</dc:type>
  <dc:date>2018-10-26</dc:date>
  <dc:subject>aquatic science</dc:subject>
  <dc:subject>invasion impact</dc:subject>
</oai_dc:dc>