<?xml version="1.0" encoding="UTF-8" standalone="yes"?>
<oai_dc:dc xmlns:dc="http://purl.org/dc/elements/1.1/" xmlns:oai_dc="http://www.openarchives.org/OAI/2.0/oai_dc/" xmlns:xsi="http://www.w3.org/2001/XMLSchema-instance" xsi:schemaLocation="http://www.openarchives.org/OAI/2.0/oai_dc/ http://www.openarchives.org/OAI/2.0/oai_dc.xsd">
  <dc:identifier>http://www.wikidata.org/entity/Q56781844</dc:identifier>
  <dc:identifier>doi:10.1007/S10530-005-0238-9</dc:identifier>
  <dc:title>Assessment of Potential Impacts of Exotic Species on Populations of a Threatened Species, White Sands Pupfish, Cyprinodon tularosa</dc:title>
  <dc:creator>Rogowski, David L.</dc:creator>
  <dc:creator>Stockwell, Craig A.</dc:creator>
  <dc:type>journal article</dc:type>
  <dc:date>2006-01</dc:date>
  <dc:language>en</dc:language>
  <dc:subject>invasion impact</dc:subject>
</oai_dc:dc>