<?xml version="1.0" encoding="UTF-8" standalone="yes"?>
<oai_dc:dc xmlns:dc="http://purl.org/dc/elements/1.1/" xmlns:oai_dc="http://www.openarchives.org/OAI/2.0/oai_dc/" xmlns:xsi="http://www.w3.org/2001/XMLSchema-instance" xsi:schemaLocation="http://www.openarchives.org/OAI/2.0/oai_dc/ http://www.openarchives.org/OAI/2.0/oai_dc.xsd">
  <dc:identifier>http://www.wikidata.org/entity/Q34502298</dc:identifier>
  <dc:identifier>doi:10.1186/1756-3305-5-284</dc:identifier>
  <dc:title>A new focus of Aedes japonicus japonicus (Theobald, 1901) (Diptera, Culicidae) distribution in Western Germany: rapid spread or a further introduction event?</dc:title>
  <dc:creator>Kampen, Helge</dc:creator>
  <dc:creator>Zielke, Dorothee</dc:creator>
  <dc:creator>Werner, Doreen</dc:creator>
  <dc:type>journal article</dc:type>
  <dc:date>2012-12-07</dc:date>
  <dc:subject>Culicidae</dc:subject>
  <dc:subject>Aedes</dc:subject>
  <dc:subject>Germany</dc:subject>
  <dc:subject>Aedes japonicus</dc:subject>
  <dc:subject>Diptera</dc:subject>
  <dc:subject>introduction event</dc:subject>
  <dc:description>&lt;h4&gt;Background&lt;/h4&gt;The Asian bush mosquito, Aedes japonicus japonicus, a potential vector of several viruses, was first detected in Germany in 2008 on the Swiss-German border. In the following years, this invasive species apparently succeeded in establishing populations in southern Germany and in spreading northwards. In 2011, its distribution area already covered large areas of the federal state of Baden-Wurttemberg, and its northernmost German collection point was reported to be close to Stuttgart. Several independent submissions to our laboratories of Ae. j. japonicus specimens in July 2012, originating from the same area in the federal state of North Rhine-Westphalia, western Germany, prompted us to carry out an immediate surveillance in this region in the expectation of finding a further distribution focus of Ae. j. japonicus in Germany.&lt;h4&gt;Methods&lt;/h4&gt;After inspecting the places of residence of the collectors of the submitted mosquito specimens, all kinds of water containers in 123 cemeteries in surrounding towns and villages were checked for mosquito developmental stages. These were collected and kept to produce adults for morphological species identification. One specimen per collection site was identified genetically by COI sequence analysis.&lt;h4&gt;Results&lt;/h4&gt;Aedes j. japonicus adults and immature stages were found in 36 towns/villages that were checked (29%) over an area of approximately 2,000 km2 in southern North Rhine-Westphalia and northern Rhineland Palatinate. The species could not be demonstrated further south when monitoring towards the northernmost previous collection sites in southern Germany. It therefore remains to be elucidated whether the species has entered western Germany from the south, from Belgium in the west where it has been demonstrated to occur locally since 2002, or through a new introduction.&lt;h4&gt;Conclusions&lt;/h4&gt;Aedes j. japonicus is obviously much more widely distributed in Germany than previously thought. It appears to be well adapted, to have a strong expansion tendency and to replace indigenous mosquito species. Thus, a further spread is anticipated and elimination seems hardly possible anymore. The vector potency of the species should be reason enough to thoroughly monitor its future development in Germany.</dc:description>
</oai_dc:dc>