<?xml version="1.0" encoding="UTF-8" standalone="yes"?>
<oai_dc:dc xmlns:dc="http://purl.org/dc/elements/1.1/" xmlns:oai_dc="http://www.openarchives.org/OAI/2.0/oai_dc/" xmlns:xsi="http://www.w3.org/2001/XMLSchema-instance" xsi:schemaLocation="http://www.openarchives.org/OAI/2.0/oai_dc/ http://www.openarchives.org/OAI/2.0/oai_dc.xsd">
  <dc:identifier>http://www.wikidata.org/entity/Q28705023</dc:identifier>
  <dc:identifier>https://www.ncbi.nlm.nih.gov/pmc/articles/PMC3646885</dc:identifier>
  <dc:identifier>doi:10.1371/JOURNAL.PONE.0063035</dc:identifier>
  <dc:title>Selection and phylogenetics of salmonid MHC class I: wild brown trout (Salmo trutta) differ from a non-native introduced strain</dc:title>
  <dc:creator>O'Farrell, Brian</dc:creator>
  <dc:creator>Benzie, John A H</dc:creator>
  <dc:creator>McGinnity, Phil</dc:creator>
  <dc:creator>Eyto, Elvira</dc:creator>
  <dc:creator>Dillane, Eileen</dc:creator>
  <dc:creator>Coughlan, James</dc:creator>
  <dc:creator>Cross, Tom F</dc:creator>
  <dc:type>journal article</dc:type>
  <dc:date>2013</dc:date>
  <dc:language>en</dc:language>
  <dc:subject>Salmo trutta</dc:subject>
  <dc:subject>phylogenetics</dc:subject>
  <dc:subject>invasive species</dc:subject>
  <dc:subject>invasion genetics</dc:subject>
  <dc:description>We tested how variation at a gene of adaptive importance, MHC class I (UBA), in a wild, endemic Salmo trutta population compared to that in both a previously studied non-native S. trutta population and a co-habiting Salmo salar population (a sister species). High allelic diversity is observed and allelic divergence is much higher than that noted previously for co-habiting S. salar. Recombination was found to be important to population-level divergence. The α1 and α2 domains of UBA demonstrate ancient lineages but novel lineages are also identified at both domains in this work. We also find examples of recombination between UBA and the non-classical locus, ULA. Evidence for strong diversifying selection was found at a discrete suite of S. trutta UBA amino acid sites. The pattern was found to contrast with that found in re-analysed UBA data from an artificially stocked S. trutta population.</dc:description>
</oai_dc:dc>