<?xml version="1.0" encoding="UTF-8" standalone="yes"?>
<oai_dc:dc xmlns:dc="http://purl.org/dc/elements/1.1/" xmlns:oai_dc="http://www.openarchives.org/OAI/2.0/oai_dc/" xmlns:xsi="http://www.w3.org/2001/XMLSchema-instance" xsi:schemaLocation="http://www.openarchives.org/OAI/2.0/oai_dc/ http://www.openarchives.org/OAI/2.0/oai_dc.xsd">
  <dc:identifier>http://www.wikidata.org/entity/Q110620581</dc:identifier>
  <dc:identifier>doi:10.3897/NEOBIOTA.42.30978</dc:identifier>
  <dc:title>The interplay between propagule pressure, seed predation and ectomycorrhizal fungi in plant invasion</dc:title>
  <dc:creator>Moyano, Jaime</dc:creator>
  <dc:creator>Chiuffo, Mariana C.</dc:creator>
  <dc:creator>Policelli, Nahuel</dc:creator>
  <dc:creator>Nuñez, Martin A.</dc:creator>
  <dc:creator>Rodriguez-Cabal, Mariano A.</dc:creator>
  <dc:type>journal article</dc:type>
  <dc:date>2019-02-18</dc:date>
  <dc:language>en</dc:language>
  <dc:subject>hypothesis:propagule pressure hypothesis</dc:subject>
  <dc:subject>hypothesis:wikidata.org/entity/Q110620464</dc:subject>
  <dc:subject>hypothesis:biotic resistance hypothesis</dc:subject>
  <dc:subject>hypothesis:wikidata.org/entity/Q108374968</dc:subject>
  <dc:subject>propagule pressure</dc:subject>
  <dc:subject>seed predation</dc:subject>
  <dc:subject>plant invasion</dc:subject>
  <dc:subject>predation</dc:subject>
</oai_dc:dc>