<?xml version="1.0" encoding="UTF-8" standalone="yes"?>
<oai_dc:dc xmlns:dc="http://purl.org/dc/elements/1.1/" xmlns:oai_dc="http://www.openarchives.org/OAI/2.0/oai_dc/" xmlns:xsi="http://www.w3.org/2001/XMLSchema-instance" xsi:schemaLocation="http://www.openarchives.org/OAI/2.0/oai_dc/ http://www.openarchives.org/OAI/2.0/oai_dc.xsd">
  <dc:identifier>http://www.wikidata.org/entity/Q112669314</dc:identifier>
  <dc:identifier>doi:10.1111/1365-2664.14103</dc:identifier>
  <dc:title>Prioritizing terrestrial invasive alien plant species for management in urban ecosystems</dc:title>
  <dc:creator>Potgieter, Luke J.</dc:creator>
  <dc:creator>Shrestha, Namrata</dc:creator>
  <dc:creator>Cadotte, Marc W.</dc:creator>
  <dc:type>journal article</dc:type>
  <dc:date>2021-12-30</dc:date>
  <dc:rights>http://onlinelibrary.wiley.com/termsAndConditions#vor</dc:rights>
  <dc:subject>invasive species</dc:subject>
  <dc:subject>urban ecology</dc:subject>
  <dc:subject>invasion management</dc:subject>
  <dc:publisher>Wiley</dc:publisher>
</oai_dc:dc>