<?xml version="1.0" encoding="UTF-8" standalone="yes"?>
<oai_dc:dc xmlns:dc="http://purl.org/dc/elements/1.1/" xmlns:oai_dc="http://www.openarchives.org/OAI/2.0/oai_dc/" xmlns:xsi="http://www.w3.org/2001/XMLSchema-instance" xsi:schemaLocation="http://www.openarchives.org/OAI/2.0/oai_dc/ http://www.openarchives.org/OAI/2.0/oai_dc.xsd">
  <dc:identifier>http://www.wikidata.org/entity/Q111159399</dc:identifier>
  <dc:identifier>doi:10.1007/S10530-018-1704-5</dc:identifier>
  <dc:title>Introduced non-hominid primates impact biodiversity and livelihoods: management priorities</dc:title>
  <dc:creator>Jones, Holly P.</dc:creator>
  <dc:creator>Campbell, Karl J.</dc:creator>
  <dc:creator>Burke, Angela M.</dc:creator>
  <dc:creator>Baxter, Greg S.</dc:creator>
  <dc:creator>Hanson, Chad C.</dc:creator>
  <dc:creator>Mittermeier, Russell A.</dc:creator>
  <dc:type>journal article</dc:type>
  <dc:date>2018-03-20</dc:date>
  <dc:language>en</dc:language>
  <dc:subject>biodiversity</dc:subject>
  <dc:subject>invasion management</dc:subject>
  <dc:subject>invasion impact</dc:subject>
</oai_dc:dc>