<?xml version="1.0" encoding="UTF-8" standalone="yes"?>
<oai_dc:dc xmlns:dc="http://purl.org/dc/elements/1.1/" xmlns:oai_dc="http://www.openarchives.org/OAI/2.0/oai_dc/" xmlns:xsi="http://www.w3.org/2001/XMLSchema-instance" xsi:schemaLocation="http://www.openarchives.org/OAI/2.0/oai_dc/ http://www.openarchives.org/OAI/2.0/oai_dc.xsd">
  <dc:identifier>http://www.wikidata.org/entity/Q100436195</dc:identifier>
  <dc:identifier>doi:10.3389/FPLS.2020.524969</dc:identifier>
  <dc:title>A Systematic Review of the Impact of Invasive Alien Plants on Forest Regeneration in European Temperate Forests</dc:title>
  <dc:creator>Langmaier, Magdalena</dc:creator>
  <dc:creator>Lapin, Katharina</dc:creator>
  <dc:type>journal article</dc:type>
  <dc:date>2020-09-03</dc:date>
  <dc:language>en</dc:language>
  <dc:subject>systematic review</dc:subject>
  <dc:subject>invasive species</dc:subject>
  <dc:subject>invasion impact</dc:subject>
  <dc:description>Invasive alien species (IAS) are one of the major threats to global and local biodiversity. In forest ecosystems, the threats caused by IAS include hybridization, transmission of diseases and species competition. This review sets out to analyze the impact of alien plant species on forest regeneration, which we consider to be one of the key stages in tree ecology for the survival of forest ecosystems in the future. The focus of the study is directly relevant to practitioners, forest managers and the conservation management of forests. With this systematic review, we aim to provide an overview of 48 research studies reporting on the impact and/or management of IAS in European temperate forests. We followed a multi-step protocol for compiling the publications for the literature review, with nine search queries producing a total of 3,825 hits. After several reduction rounds, we ended up with a grand total of 48 papers. We identified 53 vascular plant species having a negative influence on forest regeneration in Central European forests. In total, 21 tree species are reported to be impacted by IAS in 24 studies. The results of the review synthesis show that five impact mechanisms affect the regeneration success of native tree species: competition for resources, chemical impact on regeneration, physical impact on regeneration, structural impact on regeneration and indirect impact through interaction with other species. We identified in our synthesis management measures that have been recommended for application at different stages of biological invasions. The associated costs and required resources of management measures are under-reported or not accessible by reviewing the scientific literature. We can thus conclude that it is very import to improve the links between science and practical forest management. We expect that this review will provide direction for invasive plant species research and management aimed at protecting biodiversity in European temperate forest ecosystems.</dc:description>
</oai_dc:dc>