<?xml version="1.0" encoding="UTF-8" standalone="yes"?>
<oai_dc:dc xmlns:dc="http://purl.org/dc/elements/1.1/" xmlns:oai_dc="http://www.openarchives.org/OAI/2.0/oai_dc/" xmlns:xsi="http://www.w3.org/2001/XMLSchema-instance" xsi:schemaLocation="http://www.openarchives.org/OAI/2.0/oai_dc/ http://www.openarchives.org/OAI/2.0/oai_dc.xsd">
  <dc:identifier>http://www.wikidata.org/entity/Q110625849</dc:identifier>
  <dc:identifier>doi:10.3390/D12020054</dc:identifier>
  <dc:title>Niche Complementarity and Resistance to Grazing Promote the Invasion Success of Sargassum horneri in North America</dc:title>
  <dc:creator>Marks, Lindsay M.</dc:creator>
  <dc:creator>Reed, Daniel C.</dc:creator>
  <dc:creator>Holbrook, Sally J.</dc:creator>
  <dc:type>journal article</dc:type>
  <dc:date>2020-01-29</dc:date>
  <dc:language>en</dc:language>
  <dc:subject>invasion success</dc:subject>
  <dc:subject>Sargassum horneri</dc:subject>
  <dc:subject>invasive species</dc:subject>
</oai_dc:dc>