<?xml version="1.0" encoding="UTF-8" standalone="yes"?>
<oai_dc:dc xmlns:dc="http://purl.org/dc/elements/1.1/" xmlns:oai_dc="http://www.openarchives.org/OAI/2.0/oai_dc/" xmlns:xsi="http://www.w3.org/2001/XMLSchema-instance" xsi:schemaLocation="http://www.openarchives.org/OAI/2.0/oai_dc/ http://www.openarchives.org/OAI/2.0/oai_dc.xsd">
  <dc:identifier>http://www.wikidata.org/entity/Q110809339</dc:identifier>
  <dc:identifier>doi:10.14411/EJE.2008.056</dc:identifier>
  <dc:title>Effects of larval diet on female reproductive output of the European coccinellid Adalia bipunctata and the invasive species Harmonia axyridis (Coleoptera: Coccinellidae)</dc:title>
  <dc:creator>WARE, Remy L.</dc:creator>
  <dc:creator>YGUEL, Benjamin</dc:creator>
  <dc:creator>MAJERUS, Michael E.N.</dc:creator>
  <dc:type>journal article</dc:type>
  <dc:date>2008-07-31</dc:date>
  <dc:language>en</dc:language>
  <dc:subject>invasive species</dc:subject>
  <dc:subject>Adalia bipunctata</dc:subject>
  <dc:subject>Harmonia axyridis</dc:subject>
  <dc:subject>Coleoptera</dc:subject>
  <dc:subject>Coccinellidae</dc:subject>
</oai_dc:dc>