<?xml version="1.0" encoding="UTF-8" standalone="yes"?>
<oai_dc:dc xmlns:dc="http://purl.org/dc/elements/1.1/" xmlns:oai_dc="http://www.openarchives.org/OAI/2.0/oai_dc/" xmlns:xsi="http://www.w3.org/2001/XMLSchema-instance" xsi:schemaLocation="http://www.openarchives.org/OAI/2.0/oai_dc/ http://www.openarchives.org/OAI/2.0/oai_dc.xsd">
  <dc:identifier>http://www.wikidata.org/entity/Q110829707</dc:identifier>
  <dc:identifier>doi:10.1093/AOBPLA/PLAB035</dc:identifier>
  <dc:title>Functional traits predict resident plant response to invasion in riparian and fallow communities in southern Poland</dc:title>
  <dc:creator>Woch, Marcin W</dc:creator>
  <dc:creator>Kapusta, Paweł</dc:creator>
  <dc:creator>Stanek, Małgorzata</dc:creator>
  <dc:creator>Zubek, Szymon</dc:creator>
  <dc:creator>Stefanowicz, Anna M</dc:creator>
  <dc:type>journal article</dc:type>
  <dc:date>2021-08</dc:date>
  <dc:language>en</dc:language>
  <dc:subject>Poland</dc:subject>
  <dc:subject>functional trait</dc:subject>
  <dc:subject>aquatic invasion</dc:subject>
  <dc:description>&lt;i&gt;Reynoutria japonica&lt;/i&gt; is one of the most harmful invasive species in the world, dramatically reducing the diversity of resident vegetation. To mitigate the impact of &lt;i&gt;R. japonica&lt;/i&gt; on ecosystems and properly manage affected areas, understanding the mechanisms behind this plant's invasive success is imperative. This study aimed to comprehensively analyse plant communities invaded by &lt;i&gt;R. japonica&lt;/i&gt;, taking into account species traits, habitat conditions and seasonal variability, and to determine the ecological profile of species that withstand the invader's pressure. The study was performed in fallow and riparian areas in southern Poland. Pairs of adjacent plots were established at 25 sites with no obvious signs of recent human disturbance. One plot contained &lt;i&gt;R. japonica&lt;/i&gt;, and the other contained only resident vegetation. For each plot, botanical data were collected and soil physicochemical properties were determined. Twelve sites were surveyed four times, in two springs and two summers, to capture seasonal variability. The presence of &lt;i&gt;R. japonica&lt;/i&gt; was strongly associated with reduced resident plant species diversity and/or abundance. In addition to the ability to quickly grow and form a dense canopy that shades the ground, the success of the invader likely resulted from the production of large amounts of hard-to-decompose litter. The indirect impact of &lt;i&gt;R. japonica&lt;/i&gt; by controlling the availability of nutrients in the soil might also play a role. A few species coexisted with &lt;i&gt;R. japonica&lt;/i&gt;. They can be classified into three groups: (i) spring ephemerals - geophytic forbs with a mixed life history strategy, (ii) lianas with a competitive strategy and (iii) hemicryptophytic forbs with a competitive strategy. Species from the first two groups likely avoided competition for light by temporal or spatial niche separation (they grew earlier than or above the invasive plant), whereas the high competitive abilities of species from the third group likely enabled them to survive in &lt;i&gt;R. japonica&lt;/i&gt; patches.</dc:description>
</oai_dc:dc>