<?xml version="1.0" encoding="UTF-8" standalone="yes"?>
<oai_dc:dc xmlns:dc="http://purl.org/dc/elements/1.1/" xmlns:oai_dc="http://www.openarchives.org/OAI/2.0/oai_dc/" xmlns:xsi="http://www.w3.org/2001/XMLSchema-instance" xsi:schemaLocation="http://www.openarchives.org/OAI/2.0/oai_dc/ http://www.openarchives.org/OAI/2.0/oai_dc.xsd">
  <dc:identifier>http://www.wikidata.org/entity/Q111159494</dc:identifier>
  <dc:identifier>doi:10.1007/S10530-018-1793-1</dc:identifier>
  <dc:title>Impact of biased sampling effort and spatial uncertainty of locations on models of plant invasion patterns in Croatia</dc:title>
  <dc:creator>Radović, Andreja</dc:creator>
  <dc:creator>Schindler, Stefan</dc:creator>
  <dc:creator>Rossiter, David</dc:creator>
  <dc:creator>Nikolić, Toni</dc:creator>
  <dc:type>journal article</dc:type>
  <dc:date>2018-07-09</dc:date>
  <dc:language>en</dc:language>
  <dc:subject>Croatia</dc:subject>
  <dc:subject>plant invasion</dc:subject>
  <dc:subject>invasion impact</dc:subject>
</oai_dc:dc>