<?xml version="1.0" encoding="UTF-8" standalone="yes"?>
<oai_dc:dc xmlns:dc="http://purl.org/dc/elements/1.1/" xmlns:oai_dc="http://www.openarchives.org/OAI/2.0/oai_dc/" xmlns:xsi="http://www.w3.org/2001/XMLSchema-instance" xsi:schemaLocation="http://www.openarchives.org/OAI/2.0/oai_dc/ http://www.openarchives.org/OAI/2.0/oai_dc.xsd">
  <dc:identifier>http://www.wikidata.org/entity/Q111159407</dc:identifier>
  <dc:identifier>doi:10.1007/S10530-018-1717-0</dc:identifier>
  <dc:title>Potential impacts of water hyacinth invasion and management on water quality and human health in Lake Tana watershed, Northwest Ethiopia</dc:title>
  <dc:creator>Gezie, Ayenew</dc:creator>
  <dc:creator>Assefa, Workiyie Worie</dc:creator>
  <dc:creator>Getnet, Belachew</dc:creator>
  <dc:creator>Anteneh, Wassie</dc:creator>
  <dc:creator>Dejen, Eshete</dc:creator>
  <dc:creator>Mereta, Seid Tiku</dc:creator>
  <dc:type>journal article</dc:type>
  <dc:date>2018-04-11</dc:date>
  <dc:language>en</dc:language>
  <dc:subject>invasion management</dc:subject>
  <dc:subject>aquatic invasion</dc:subject>
  <dc:subject>invasion impact</dc:subject>
</oai_dc:dc>