<?xml version="1.0" encoding="UTF-8" standalone="yes"?>
<oai_dc:dc xmlns:dc="http://purl.org/dc/elements/1.1/" xmlns:oai_dc="http://www.openarchives.org/OAI/2.0/oai_dc/" xmlns:xsi="http://www.w3.org/2001/XMLSchema-instance" xsi:schemaLocation="http://www.openarchives.org/OAI/2.0/oai_dc/ http://www.openarchives.org/OAI/2.0/oai_dc.xsd">
  <dc:identifier>http://www.wikidata.org/entity/Q110829137</dc:identifier>
  <dc:identifier>doi:10.3390/SU131910558</dc:identifier>
  <dc:title>Prediction Models for Evaluating the Uptake of Heavy Metals by the Invasive Grass Vossia cuspidata (Roxb.) Griff. in the River Nile, Egypt: A Biomonitoring Approach</dc:title>
  <dc:creator>Farahat, Emad A.</dc:creator>
  <dc:creator>Mahmoud, Waleed F.</dc:creator>
  <dc:creator>Awad, Hossam E. A.</dc:creator>
  <dc:creator>Farrag, Hussein F.</dc:creator>
  <dc:creator>Arshad, Muhammad</dc:creator>
  <dc:creator>Eid, Ebrahem M.</dc:creator>
  <dc:creator>Fahmy, Gamal M.</dc:creator>
  <dc:type>journal article</dc:type>
  <dc:date>2021-09-23</dc:date>
  <dc:language>en</dc:language>
  <dc:subject>invasive grass</dc:subject>
  <dc:subject>aquatic invasion</dc:subject>
</oai_dc:dc>