<?xml version="1.0" encoding="UTF-8" standalone="yes"?>
<oai_dc:dc xmlns:dc="http://purl.org/dc/elements/1.1/" xmlns:oai_dc="http://www.openarchives.org/OAI/2.0/oai_dc/" xmlns:xsi="http://www.w3.org/2001/XMLSchema-instance" xsi:schemaLocation="http://www.openarchives.org/OAI/2.0/oai_dc/ http://www.openarchives.org/OAI/2.0/oai_dc.xsd">
  <dc:identifier>http://www.wikidata.org/entity/Q56752263</dc:identifier>
  <dc:identifier>doi:10.4102/SAJS.V107I5/6.186</dc:identifier>
  <dc:title>Biofuels and biodiversity in South Africa</dc:title>
  <dc:creator>Blanchard, Ryan</dc:creator>
  <dc:creator>Richardson, David M.</dc:creator>
  <dc:creator>O’Farrell, Patrick J.</dc:creator>
  <dc:creator>Von Maltitz, Graham P.</dc:creator>
  <dc:type>journal article</dc:type>
  <dc:date>2011-05-03</dc:date>
  <dc:language>en</dc:language>
  <dc:subject>South Africa</dc:subject>
  <dc:subject>biodiversity</dc:subject>
  <dc:subject>biofuel</dc:subject>
</oai_dc:dc>