<?xml version="1.0" encoding="UTF-8" standalone="yes"?>
<oai_dc:dc xmlns:dc="http://purl.org/dc/elements/1.1/" xmlns:oai_dc="http://www.openarchives.org/OAI/2.0/oai_dc/" xmlns:xsi="http://www.w3.org/2001/XMLSchema-instance" xsi:schemaLocation="http://www.openarchives.org/OAI/2.0/oai_dc/ http://www.openarchives.org/OAI/2.0/oai_dc.xsd">
  <dc:identifier>http://www.wikidata.org/entity/Q110829176</dc:identifier>
  <dc:identifier>doi:10.23818/LIMN.36.19</dc:identifier>
  <dc:title>Effects of non-native riparian plants in riparian and fluvial ecosystems: a review for the Iberian Peninsula</dc:title>
  <dc:creator>Castro-Díez, Pilar</dc:creator>
  <dc:creator>Alonso, Álvaro</dc:creator>
  <dc:type>journal article</dc:type>
  <dc:date>2017-10-25</dc:date>
  <dc:subject>hypothesis:propagule pressure hypothesis</dc:subject>
  <dc:subject>hypothesis:wikidata.org/entity/Q110620464</dc:subject>
  <dc:subject>hypothesis:disturbance hypothesis</dc:subject>
  <dc:subject>hypothesis:wikidata.org/entity/Q115794757</dc:subject>
  <dc:subject>hypothesis:biotic resistance hypothesis</dc:subject>
  <dc:subject>hypothesis:wikidata.org/entity/Q108374968</dc:subject>
</oai_dc:dc>