<?xml version="1.0" encoding="UTF-8" standalone="yes"?>
<oai_dc:dc xmlns:dc="http://purl.org/dc/elements/1.1/" xmlns:oai_dc="http://www.openarchives.org/OAI/2.0/oai_dc/" xmlns:xsi="http://www.w3.org/2001/XMLSchema-instance" xsi:schemaLocation="http://www.openarchives.org/OAI/2.0/oai_dc/ http://www.openarchives.org/OAI/2.0/oai_dc.xsd">
  <dc:identifier>http://www.wikidata.org/entity/Q111148719</dc:identifier>
  <dc:identifier>doi:10.3390/SU12135450</dc:identifier>
  <dc:title>Endozoochory by Goats of Two Invasive Weeds with Contrasted Propagule Traits</dc:title>
  <dc:creator>Abbas, Ahmed M.</dc:creator>
  <dc:creator>Al-Kahtani, Mohammed</dc:creator>
  <dc:creator>Mousa, Mohamed Abdelazeem</dc:creator>
  <dc:creator>O. Badry, Mohammed</dc:creator>
  <dc:creator>Hassaneen, Ahmed S.A.</dc:creator>
  <dc:creator>Ezzat-Ahmed, Ahmed</dc:creator>
  <dc:creator>Mancilla-Leytón, Juan Manuel</dc:creator>
  <dc:creator>Castillo, Jesus M.</dc:creator>
  <dc:type>journal article</dc:type>
  <dc:date>2020-07-06</dc:date>
  <dc:language>en</dc:language>
  <dc:subject>invasive trait</dc:subject>
  <dc:subject>endozoochory</dc:subject>
</oai_dc:dc>