<?xml version="1.0" encoding="UTF-8" standalone="yes"?>
<oai_dc:dc xmlns:dc="http://purl.org/dc/elements/1.1/" xmlns:oai_dc="http://www.openarchives.org/OAI/2.0/oai_dc/" xmlns:xsi="http://www.w3.org/2001/XMLSchema-instance" xsi:schemaLocation="http://www.openarchives.org/OAI/2.0/oai_dc/ http://www.openarchives.org/OAI/2.0/oai_dc.xsd">
  <dc:identifier>http://www.wikidata.org/entity/Q56505428</dc:identifier>
  <dc:identifier>doi:10.1111/WRE.12017</dc:identifier>
  <dc:title>Evaluating ecological-niche factor analysis as a modelling tool for environmental weed management in island systems</dc:title>
  <dc:creator>Costa, H</dc:creator>
  <dc:creator>Medeiros, V</dc:creator>
  <dc:creator>Azevedo, E B</dc:creator>
  <dc:creator>Silva, L</dc:creator>
  <dc:type>journal article</dc:type>
  <dc:date>2013-03-15</dc:date>
  <dc:language>en</dc:language>
  <dc:subject>invasion management</dc:subject>
</oai_dc:dc>