<?xml version="1.0" encoding="UTF-8" standalone="yes"?>
<oai_dc:dc xmlns:dc="http://purl.org/dc/elements/1.1/" xmlns:oai_dc="http://www.openarchives.org/OAI/2.0/oai_dc/" xmlns:xsi="http://www.w3.org/2001/XMLSchema-instance" xsi:schemaLocation="http://www.openarchives.org/OAI/2.0/oai_dc/ http://www.openarchives.org/OAI/2.0/oai_dc.xsd">
  <dc:identifier>http://www.wikidata.org/entity/Q56441701</dc:identifier>
  <dc:identifier>doi:10.1007/S10530-014-0709-Y</dc:identifier>
  <dc:title>The impact of introduced hosts on parasite transmission: opisthorchiid infections in American mink (Neovison vison)</dc:title>
  <dc:creator>Sherrard-Smith, Ellie</dc:creator>
  <dc:creator>Chadwick, Elizabeth A.</dc:creator>
  <dc:creator>Cable, Jo</dc:creator>
  <dc:type>journal article</dc:type>
  <dc:date>2014-05-10</dc:date>
  <dc:language>en</dc:language>
  <dc:subject>American mink</dc:subject>
  <dc:subject>invasive species</dc:subject>
  <dc:subject>invasion impact</dc:subject>
</oai_dc:dc>