<?xml version="1.0" encoding="UTF-8" standalone="yes"?>
<oai_dc:dc xmlns:dc="http://purl.org/dc/elements/1.1/" xmlns:oai_dc="http://www.openarchives.org/OAI/2.0/oai_dc/" xmlns:xsi="http://www.w3.org/2001/XMLSchema-instance" xsi:schemaLocation="http://www.openarchives.org/OAI/2.0/oai_dc/ http://www.openarchives.org/OAI/2.0/oai_dc.xsd">
  <dc:identifier>http://www.wikidata.org/entity/Q107404057</dc:identifier>
  <dc:identifier>doi:10.3897/PHYTOKEYS.178.61031</dc:identifier>
  <dc:title>Hybridization of Oxalis corniculata and O. dillenii in their non-native range</dc:title>
  <dc:creator>Groom, Quentin J.</dc:creator>
  <dc:creator>Meeus, Sofie</dc:creator>
  <dc:creator>Janssens, Steven</dc:creator>
  <dc:creator>Leus, Leen</dc:creator>
  <dc:creator>Hoste, Ivan</dc:creator>
  <dc:type>journal article</dc:type>
  <dc:date>2021-05-18</dc:date>
  <dc:language>en</dc:language>
  <dc:subject>Oxalis</dc:subject>
  <dc:subject>Oxalis corniculata</dc:subject>
  <dc:subject>invasive species</dc:subject>
  <dc:description>Many species have been introduced beyond their native ranges and many have become global weeds. Human mediated dispersal has removed the geographic isolation of these species, reversing millions of years of independent evolution. Examples are the Oxalis species in section Corniculatae where several species have become invasive. Here we characterize and formally describe a hybrid between &lt;i&gt;O. dillenii&lt;/i&gt; and &lt;i&gt;O. corniculata&lt;/i&gt;, which occurs spontaneously in Belgium and Japan. &lt;i&gt;Oxalis corniculata&lt;/i&gt; is probably native to Japan, but both species are alien to Belgium and &lt;i&gt;O. dillenii&lt;/i&gt; is native to North America. We formally name this hybrid as Oxalis × vanaelstii. Although this hybrid is sterile, it is nevertheless vigorous and perennial. Both parent species grow as weeds in gardens; therefore, it is likely to be more common than currently appreciated in countries where these species co-occur.</dc:description>
</oai_dc:dc>