<?xml version="1.0" encoding="UTF-8" standalone="yes"?>
<oai_dc:dc xmlns:dc="http://purl.org/dc/elements/1.1/" xmlns:oai_dc="http://www.openarchives.org/OAI/2.0/oai_dc/" xmlns:xsi="http://www.w3.org/2001/XMLSchema-instance" xsi:schemaLocation="http://www.openarchives.org/OAI/2.0/oai_dc/ http://www.openarchives.org/OAI/2.0/oai_dc.xsd">
  <dc:identifier>http://www.wikidata.org/entity/Q33346603</dc:identifier>
  <dc:identifier>https://www.ncbi.nlm.nih.gov/pmc/articles/PMC2435158</dc:identifier>
  <dc:identifier>doi:10.1371/JOURNAL.PBIO.0060162</dc:identifier>
  <dc:title>Beyond competition: incorporating positive interactions between species to predict ecosystem invasibility</dc:title>
  <dc:creator>Bulleri, Fabio</dc:creator>
  <dc:creator>Bruno, John F</dc:creator>
  <dc:creator>Benedetti-Cecchi, Lisandro</dc:creator>
  <dc:type>journal article</dc:type>
  <dc:date>2008-06-01</dc:date>
  <dc:language>en</dc:language>
  <dc:subject>ecosystem</dc:subject>
</oai_dc:dc>