<?xml version="1.0" encoding="UTF-8" standalone="yes"?>
<oai_dc:dc xmlns:dc="http://purl.org/dc/elements/1.1/" xmlns:oai_dc="http://www.openarchives.org/OAI/2.0/oai_dc/" xmlns:xsi="http://www.w3.org/2001/XMLSchema-instance" xsi:schemaLocation="http://www.openarchives.org/OAI/2.0/oai_dc/ http://www.openarchives.org/OAI/2.0/oai_dc.xsd">
  <dc:identifier>http://www.wikidata.org/entity/Q54987714</dc:identifier>
  <dc:identifier>https://www.ncbi.nlm.nih.gov/pmc/articles/PMC5991376</dc:identifier>
  <dc:identifier>doi:10.1371/JOURNAL.PONE.0197636</dc:identifier>
  <dc:title>Functional feeding traits as predictors of invasive success of alien freshwater fish species using a food-fish model</dc:title>
  <dc:creator>Nagelkerke, Leopold A.</dc:creator>
  <dc:creator>Onselen, Eline</dc:creator>
  <dc:creator>Kessel, Nils</dc:creator>
  <dc:creator>Leuven, Rob</dc:creator>
  <dc:type>journal article</dc:type>
  <dc:date>2018-06-06</dc:date>
  <dc:language>en</dc:language>
  <dc:subject>invasive species</dc:subject>
  <dc:subject>fresh water</dc:subject>
  <dc:subject>aquatic invasion</dc:subject>
  <dc:subject>invasive trait</dc:subject>
  <dc:description>Invasions of Ponto-Caspian fish species into north-western European river basins accelerated since the opening of the Rhine-Main-Danube Canal in 1992. Since 2002, at least five Ponto-Caspian alien fish species have arrived in The Netherlands. Four species belong to the Gobiidae family (Neogobius fluviatilis, Neogobius melanostomus, Ponticola kessleri, and Proterorhinus semilunaris) and one to the Cyprinidae family (Romanogobio belingi). These species are expected to be potentially deleterious for the populations of four native benthic fish species: Gobio gobio (Cyprinidae), Barbatula barbatula (Nemacheilidae), Cottus perifretum, and C. rhenanus (Cottidae). Invasion success may be dependent on competitive trophic interactions with native species, which are enabled and/or constrained by feeding-related morphological traits. Twenty-two functional feeding traits were measured in nine species (in total 90 specimens). These traits were quantitatively linked to the mechanical, chemical and behavioral properties of a range of aquatic resource categories, using a previously developed food-fish model (FFM). The FFM was used to predict the trophic profile (TP) of each fish: the combined capacities to feed on each of the resource types. The most extreme TPs belonged to three alien species, indicating that they were most specialized among the studied species. Of these three, only P. kessleri overlapped with the two native Cottus species, indicating potential trophic competition. N. fluviatilis and R. belingi did not show any overlap, indicating that there is low trophic competition. The two remaining alien goby species (N. melanostomus and P. semilunaris) had average TPs and could be considered generalist feeders. They overlapped with each other and with G. gobio and B. barbatula, indicating potential trophic competition. This study suggests that both generalist and specialist species can be successful invaders. Since the FFM predicts potential interactions between species, it provides a tool to support horizon scanning and rapid risk assessments of alien species.</dc:description>
</oai_dc:dc>