<?xml version="1.0" encoding="UTF-8" standalone="yes"?>
<oai_dc:dc xmlns:dc="http://purl.org/dc/elements/1.1/" xmlns:oai_dc="http://www.openarchives.org/OAI/2.0/oai_dc/" xmlns:xsi="http://www.w3.org/2001/XMLSchema-instance" xsi:schemaLocation="http://www.openarchives.org/OAI/2.0/oai_dc/ http://www.openarchives.org/OAI/2.0/oai_dc.xsd">
  <dc:identifier>http://www.wikidata.org/entity/Q110829139</dc:identifier>
  <dc:identifier>doi:10.3390/W11122551</dc:identifier>
  <dc:title>Short-Term Responses of Aquatic and Terrestrial Biodiversity to Riparian Restoration Measures Designed to Control the Invasive Arundo donax L</dc:title>
  <dc:creator>Bruno, Daniel</dc:creator>
  <dc:creator>Zapata, Víctor</dc:creator>
  <dc:creator>Guareschi, Simone</dc:creator>
  <dc:creator>Picazo, Félix</dc:creator>
  <dc:creator>Dettori, Ettore</dc:creator>
  <dc:creator>Carbonell, José Antonio</dc:creator>
  <dc:creator>Millán, Andrés</dc:creator>
  <dc:creator>Velasco, Josefa</dc:creator>
  <dc:creator>Robledano, Francisco</dc:creator>
  <dc:type>journal article</dc:type>
  <dc:date>2019-12-03</dc:date>
  <dc:language>en</dc:language>
  <dc:subject>Arundo donax</dc:subject>
  <dc:subject>invasive species</dc:subject>
  <dc:subject>biodiversity</dc:subject>
  <dc:subject>stream restoration</dc:subject>
  <dc:subject>aquatic invasion</dc:subject>
  <dc:subject>biological invasion</dc:subject>
</oai_dc:dc>