<?xml version="1.0" encoding="UTF-8" standalone="yes"?>
<oai_dc:dc xmlns:dc="http://purl.org/dc/elements/1.1/" xmlns:oai_dc="http://www.openarchives.org/OAI/2.0/oai_dc/" xmlns:xsi="http://www.w3.org/2001/XMLSchema-instance" xsi:schemaLocation="http://www.openarchives.org/OAI/2.0/oai_dc/ http://www.openarchives.org/OAI/2.0/oai_dc.xsd">
  <dc:identifier>http://www.wikidata.org/entity/Q56457122</dc:identifier>
  <dc:identifier>doi:10.1111/DDI.12138</dc:identifier>
  <dc:title>The invasion window for warmwater fish in clearwater lakes: the role of ultraviolet radiation and temperature</dc:title>
  <dc:creator>Tucker, Andrew J.</dc:creator>
  <dc:creator>Williamson, Craig E.</dc:creator>
  <dc:type>journal article</dc:type>
  <dc:date>2013-10-23</dc:date>
  <dc:language>en</dc:language>
  <dc:subject>hypothesis:invasional meltdown hypothesis</dc:subject>
  <dc:subject>hypothesis:wikidata.org/entity/Q115322315</dc:subject>
  <dc:subject>hypothesis:biotic resistance hypothesis</dc:subject>
  <dc:subject>hypothesis:wikidata.org/entity/Q108374968</dc:subject>
  <dc:subject>ultraviolet radiation</dc:subject>
  <dc:subject>aquatic invasion</dc:subject>
</oai_dc:dc>