<?xml version="1.0" encoding="UTF-8" standalone="yes"?>
<oai_dc:dc xmlns:dc="http://purl.org/dc/elements/1.1/" xmlns:oai_dc="http://www.openarchives.org/OAI/2.0/oai_dc/" xmlns:xsi="http://www.w3.org/2001/XMLSchema-instance" xsi:schemaLocation="http://www.openarchives.org/OAI/2.0/oai_dc/ http://www.openarchives.org/OAI/2.0/oai_dc.xsd">
  <dc:identifier>http://www.wikidata.org/entity/Q56441572</dc:identifier>
  <dc:identifier>doi:10.1016/J.BIOCON.2014.11.008</dc:identifier>
  <dc:title>Indigenous biocultural knowledge in ecosystem science and management: Review and insight from Australia</dc:title>
  <dc:creator>Ens, Emilie J.</dc:creator>
  <dc:creator>Pert, Petina</dc:creator>
  <dc:creator>Clarke, Philip A.</dc:creator>
  <dc:creator>Budden, Marita</dc:creator>
  <dc:creator>Clubb, Lilian</dc:creator>
  <dc:creator>Doran, Bruce</dc:creator>
  <dc:creator>Douras, Cheryl</dc:creator>
  <dc:creator>Gaikwad, Jitendra</dc:creator>
  <dc:creator>Gott, Beth</dc:creator>
  <dc:creator>Leonard, Sonia</dc:creator>
  <dc:creator>Locke, John</dc:creator>
  <dc:creator>Packer, Joanne</dc:creator>
  <dc:creator>Turpin, Gerry</dc:creator>
  <dc:creator>Wason, Steve</dc:creator>
  <dc:type>journal article</dc:type>
  <dc:date>2015-01</dc:date>
  <dc:language>en</dc:language>
  <dc:rights>https://www.elsevier.com/tdm/userlicense/1.0/</dc:rights>
  <dc:subject>ecosystem</dc:subject>
  <dc:subject>Australia</dc:subject>
  <dc:subject>invasion management</dc:subject>
  <dc:publisher>Elsevier BV</dc:publisher>
</oai_dc:dc>