<?xml version="1.0" encoding="UTF-8" standalone="yes"?>
<oai_dc:dc xmlns:dc="http://purl.org/dc/elements/1.1/" xmlns:oai_dc="http://www.openarchives.org/OAI/2.0/oai_dc/" xmlns:xsi="http://www.w3.org/2001/XMLSchema-instance" xsi:schemaLocation="http://www.openarchives.org/OAI/2.0/oai_dc/ http://www.openarchives.org/OAI/2.0/oai_dc.xsd">
  <dc:identifier>http://www.wikidata.org/entity/Q110531613</dc:identifier>
  <dc:identifier>doi:10.1016/J.AQUABOT.2018.11.011</dc:identifier>
  <dc:title>Could enemy release explain invasion success of Sagittaria platyphylla in Australia and South Africa?</dc:title>
  <dc:creator>Kwong, Raelene M.</dc:creator>
  <dc:creator>Sagliocco, Jean Louis</dc:creator>
  <dc:creator>Harms, Nathan E.</dc:creator>
  <dc:creator>Butler, Kym L.</dc:creator>
  <dc:creator>Martin, Grant D.</dc:creator>
  <dc:creator>Green, Peter T.</dc:creator>
  <dc:type>journal article</dc:type>
  <dc:date>2019-02</dc:date>
  <dc:language>en</dc:language>
  <dc:subject>hypothesis:biotic resistance hypothesis</dc:subject>
  <dc:subject>hypothesis:wikidata.org/entity/Q108374968</dc:subject>
  <dc:subject>hypothesis:enemy release hypothesis</dc:subject>
  <dc:subject>hypothesis:wikidata.org/entity/Q85759287</dc:subject>
  <dc:subject>invasion success</dc:subject>
</oai_dc:dc>