<?xml version="1.0" encoding="UTF-8" standalone="yes"?>
<oai_dc:dc xmlns:dc="http://purl.org/dc/elements/1.1/" xmlns:oai_dc="http://www.openarchives.org/OAI/2.0/oai_dc/" xmlns:xsi="http://www.w3.org/2001/XMLSchema-instance" xsi:schemaLocation="http://www.openarchives.org/OAI/2.0/oai_dc/ http://www.openarchives.org/OAI/2.0/oai_dc.xsd">
  <dc:identifier>http://www.wikidata.org/entity/Q30658872</dc:identifier>
  <dc:identifier>https://www.ncbi.nlm.nih.gov/pmc/articles/PMC4513794</dc:identifier>
  <dc:identifier>doi:10.1007/S10530-015-0861-Z</dc:identifier>
  <dc:title>Ongoing expansion of the worldwide invader Didemnum vexillum (Ascidiacea) in the Mediterranean Sea: high plasticity of its biological cycle promotes establishment in warm waters</dc:title>
  <dc:creator>Ordóñez, V</dc:creator>
  <dc:creator>Pascual, M</dc:creator>
  <dc:creator>Fernández-Tejedor, M</dc:creator>
  <dc:creator>Pineda, C</dc:creator>
  <dc:creator>Tagliapietra, D</dc:creator>
  <dc:creator>Turon, X</dc:creator>
  <dc:type>journal article</dc:type>
  <dc:date>2015-03-04</dc:date>
  <dc:language>en</dc:language>
  <dc:subject>Didemnum vexillum</dc:subject>
  <dc:subject>invasive species</dc:subject>
  <dc:subject>Mediterranean Sea</dc:subject>
  <dc:description>Non-indigenous ascidians are of particular concern to aquaculture industry and, paradoxically, the activities associated with it represent an important way to translocate these species worldwide. In 2012 a non-indigenous ascidian was found covering the oyster crops in the Ebro Delta (Western Mediterranean). We have identified the ascidian genetically and morphologically as &lt;i&gt;Didemnum vexillum&lt;/i&gt; Kott, 2002. This finding indicates that the species is currently expanding its distribution in the Mediterranean Sea, as it has recently been found in the eastern basin (Venice, Adriatic Sea). Introduced populations of &lt;i&gt;D. vexillum&lt;/i&gt; are found in temperate and cold waters worldwide, and a successful establishment in the Mediterranean implies a remarkable capacity of adaptability to warm, subtropical conditions. We assessed the life cycle (growth and reproduction) of the ascidian at the studied site. The species has a marked seasonal cycle, with regression in the warmest months and reappearance during winter. In spring &lt;i&gt;D. vexillum&lt;/i&gt; reaches its maximum abundance, followed by a peak in reproduction just before regression. This cycle is reversed with respect to the one observed in colder waters, highlighting a plastic biological cycle of this invader and an hitherto unknown ability to establish itself in warm waters. We also analysed the genetic structure of the population of the Ebro Delta and the one established in the Lagoon of Venice using &lt;i&gt;COI&lt;/i&gt; sequence data. The low genetic diversity in our samples (three haplotypes) was consistent with what is observed in the introduced populations worldwide. It is likely that the ascidian was introduced with oyster stock from bivalve cultures in the Atlantic French coasts, where the same three haplotypes have been reported. The high boating activity in the Ebro Delta makes further human-mediated transport of the species highly likely, and nearby fishing grounds can be severely affected if invaded. It is urgent to implement measures to prevent the continuous expansion of this ascidian pest in the Mediterranean.</dc:description>
</oai_dc:dc>