<?xml version="1.0" encoding="UTF-8" standalone="yes"?>
<oai_dc:dc xmlns:dc="http://purl.org/dc/elements/1.1/" xmlns:oai_dc="http://www.openarchives.org/OAI/2.0/oai_dc/" xmlns:xsi="http://www.w3.org/2001/XMLSchema-instance" xsi:schemaLocation="http://www.openarchives.org/OAI/2.0/oai_dc/ http://www.openarchives.org/OAI/2.0/oai_dc.xsd">
  <dc:identifier>http://www.wikidata.org/entity/Q114750415</dc:identifier>
  <dc:identifier>doi:10.3389/FEVO.2021.810817</dc:identifier>
  <dc:title>Editorial: The Genomics of Biological Invasion</dc:title>
  <dc:creator>McGaughran, Angela</dc:creator>
  <dc:creator>Mori, Emiliano</dc:creator>
  <dc:creator>Quilodrán, Claudio S.</dc:creator>
  <dc:type>journal article</dc:type>
  <dc:date>2021-12-23</dc:date>
  <dc:rights>https://creativecommons.org/licenses/by/4.0/</dc:rights>
  <dc:subject>biological invasion</dc:subject>
  <dc:publisher>Frontiers Media SA</dc:publisher>
</oai_dc:dc>