<?xml version="1.0" encoding="UTF-8" standalone="yes"?>
<oai_dc:dc xmlns:dc="http://purl.org/dc/elements/1.1/" xmlns:oai_dc="http://www.openarchives.org/OAI/2.0/oai_dc/" xmlns:xsi="http://www.w3.org/2001/XMLSchema-instance" xsi:schemaLocation="http://www.openarchives.org/OAI/2.0/oai_dc/ http://www.openarchives.org/OAI/2.0/oai_dc.xsd">
  <dc:identifier>http://www.wikidata.org/entity/Q56353920</dc:identifier>
  <dc:identifier>doi:10.1080/17550874.2017.1287785</dc:identifier>
  <dc:title>Genetic variation and clonal diversity in introduced populations of Mimulus guttatus assessed by genotyping at 62 single nucleotide polymorphism loci</dc:title>
  <dc:creator>O. Pantoja, Pauline</dc:creator>
  <dc:creator>Simón-Porcar, Violeta I.</dc:creator>
  <dc:creator>Puzey, Joshua R.</dc:creator>
  <dc:creator>Vallejo-Marín, Mario</dc:creator>
  <dc:type>journal article</dc:type>
  <dc:date>2017-01-02</dc:date>
  <dc:language>en</dc:language>
  <dc:subject>single-nucleotide polymorphism</dc:subject>
  <dc:subject>invasion genetics</dc:subject>
  <dc:subject>Mimulus guttatus</dc:subject>
</oai_dc:dc>