<?xml version="1.0" encoding="UTF-8" standalone="yes"?>
<oai_dc:dc xmlns:dc="http://purl.org/dc/elements/1.1/" xmlns:oai_dc="http://www.openarchives.org/OAI/2.0/oai_dc/" xmlns:xsi="http://www.w3.org/2001/XMLSchema-instance" xsi:schemaLocation="http://www.openarchives.org/OAI/2.0/oai_dc/ http://www.openarchives.org/OAI/2.0/oai_dc.xsd">
  <dc:identifier>http://www.wikidata.org/entity/Q59425539</dc:identifier>
  <dc:identifier>doi:10.1186/S40693-015-0034-6</dc:identifier>
  <dc:title>Invasion of North American beaver (Castor canadensis) in the province of Magallanes, Southern Chile: comparison between dating sites through interviews with the local community and dendrochronology</dc:title>
  <dc:creator>Graells, Giorgia</dc:creator>
  <dc:creator>Corcoran, Derek</dc:creator>
  <dc:creator>Aravena, Juan Carlos</dc:creator>
  <dc:type>journal article</dc:type>
  <dc:date>2015-02-05</dc:date>
  <dc:language>en</dc:language>
  <dc:subject>North American beaver</dc:subject>
  <dc:subject>dendrochronology</dc:subject>
  <dc:subject>invasive species</dc:subject>
</oai_dc:dc>