<?xml version="1.0" encoding="UTF-8" standalone="yes"?>
<oai_dc:dc xmlns:dc="http://purl.org/dc/elements/1.1/" xmlns:oai_dc="http://www.openarchives.org/OAI/2.0/oai_dc/" xmlns:xsi="http://www.w3.org/2001/XMLSchema-instance" xsi:schemaLocation="http://www.openarchives.org/OAI/2.0/oai_dc/ http://www.openarchives.org/OAI/2.0/oai_dc.xsd">
  <dc:identifier>http://www.wikidata.org/entity/Q38113617</dc:identifier>
  <dc:identifier>doi:10.1016/J.RIAM.2013.05.012</dc:identifier>
  <dc:title>Recommendations for the management of candidemia in neonates in Latin America. Latin America Invasive Mycosis Network</dc:title>
  <dc:creator>Santolaya, María E</dc:creator>
  <dc:creator>Matute, Tito Alvarado</dc:creator>
  <dc:creator>Queiroz Telles, Flavio</dc:creator>
  <dc:creator>Colombo, Arnaldo Lopes</dc:creator>
  <dc:creator>Zurita, Jeannete</dc:creator>
  <dc:creator>Tiraboschi, Iris Nora</dc:creator>
  <dc:creator>Cortes, Jorge Alberto</dc:creator>
  <dc:creator>Thompson-Moya, Luis</dc:creator>
  <dc:creator>Guzman-Blanco, Manuel</dc:creator>
  <dc:creator>Sifuentes, Jose</dc:creator>
  <dc:creator>Echevarría, Juan</dc:creator>
  <dc:creator>Nucci, Marcio</dc:creator>
  <dc:creator>Network, Latin America Invasive Mycosis</dc:creator>
  <dc:type>journal article</dc:type>
  <dc:date>2013-06-10</dc:date>
  <dc:language>en</dc:language>
  <dc:rights>https://www.elsevier.com/tdm/userlicense/1.0/</dc:rights>
  <dc:subject>candidemia</dc:subject>
  <dc:subject>invasive mycosis</dc:subject>
  <dc:subject>invasion management</dc:subject>
  <dc:publisher>Elsevier BV</dc:publisher>
  <dc:description>Candidemia is one of the most frequent opportunistic mycoses worldwide. Limited epidemiological studies in Latin America indicate that incidence rates are higher in this region than in the Northern Hemisphere. Diagnosis is often made late in the infection, affecting the initiation of antifungal therapy. A more scientific approach, based on specific parameters, for diagnosis and management of candidemia in Latin America is warranted. 'Recommendations for the diagnosis and management of candidemia' are a series of manuscripts that have been developed by members of the Latin America Invasive Mycosis Network. They aim to provide a set of best-evidence recommendations for the diagnosis and management of candidemia. This publication, 'Recommendations for the management of candidemia in neonates in Latin America', was written to provide guidance to healthcare professionals on the management of neonates who have, or who are at risk of, candidemia. Computerized searches of existing literature were performed by PubMed. The data were extensively reviewed and analyzed by members of the group. The group also met on two occasions to pose questions, discuss conflicting views, and deliberate on a series of management recommendations. 'Recommendations for the management of candidemia in neonates in Latin America' includes prophylaxis, empirical therapy, therapy for proven candidemia, patient work-up following diagnosis of candidemia, central venous catheter management, and management of complications. This manuscript is the fourth of this series that deals with diagnosis and treatment of invasive candidiasis. Other publications in this series include: 'Recommendations for the diagnosis of candidemia in Latin America', 'Recommendations for the management of candidemia in adults in Latin America', and 'Recommendations for the management of candidemia in children in Latin America'.</dc:description>
</oai_dc:dc>