<?xml version="1.0" encoding="UTF-8" standalone="yes"?>
<oai_dc:dc xmlns:dc="http://purl.org/dc/elements/1.1/" xmlns:oai_dc="http://www.openarchives.org/OAI/2.0/oai_dc/" xmlns:xsi="http://www.w3.org/2001/XMLSchema-instance" xsi:schemaLocation="http://www.openarchives.org/OAI/2.0/oai_dc/ http://www.openarchives.org/OAI/2.0/oai_dc.xsd">
  <dc:identifier>http://www.wikidata.org/entity/Q34558983</dc:identifier>
  <dc:identifier>doi:10.1371/JOURNAL.PONE.0053959</dc:identifier>
  <dc:title>Native birds and alien insects: spatial density dependence in songbird predation of invading oak gallwasps</dc:title>
  <dc:creator>Schönrogge, Karsten</dc:creator>
  <dc:creator>Begg, Tracey</dc:creator>
  <dc:creator>Stone, Graham N</dc:creator>
  <dc:type>journal article</dc:type>
  <dc:date>2013-01-14</dc:date>
  <dc:language>en</dc:language>
  <dc:subject>predation</dc:subject>
  <dc:subject>songbirds</dc:subject>
  <dc:description>Revealing the interactions between alien species and native communities is central to understanding the ecological consequences of range expansion. Much has been learned through study of the communities developing around invading herbivorous insects. Much less, however, is known about the significance of such aliens for native vertebrate predators for which invaders may represent a novel food source. We quantified spatial patterns in native bird predation of invading gall-inducing Andricus wasps associated with introduced Turkey oak (Quercus cerris) at eight sites across the UK. These gallwasps are available at high density before the emergence of caterpillars that are the principle spring food of native insectivorous birds. Native birds showed positive spatial density dependence in gall attack rates at two sites in southern England, foraging most extensively on trees with highest gall densities. In a subsequent study at one of these sites, positive spatial density dependence persisted through four of five sequential week-long periods of data collection. Both patterns imply that invading galls are a significant resource for at least some native bird populations. Density dependence was strongest in southern UK bird populations that have had longest exposure to the invading gallwasps. We hypothesise that this pattern results from the time taken for native bird populations to learn how to exploit this novel resource.</dc:description>
</oai_dc:dc>