<?xml version="1.0" encoding="UTF-8" standalone="yes"?>
<oai_dc:dc xmlns:dc="http://purl.org/dc/elements/1.1/" xmlns:oai_dc="http://www.openarchives.org/OAI/2.0/oai_dc/" xmlns:xsi="http://www.w3.org/2001/XMLSchema-instance" xsi:schemaLocation="http://www.openarchives.org/OAI/2.0/oai_dc/ http://www.openarchives.org/OAI/2.0/oai_dc.xsd">
  <dc:identifier>http://www.wikidata.org/entity/Q113904335</dc:identifier>
  <dc:identifier>doi:10.1007/S10530-022-02737-2</dc:identifier>
  <dc:title>Distribution and potential impacts of non-native Chinese pond mussels Sinanodonta woodiana (Lea, 1834) in Bavaria, Germany</dc:title>
  <dc:creator>Dobler, Andreas H.</dc:creator>
  <dc:creator>Hoos, Philipp</dc:creator>
  <dc:creator>Geist, Juergen</dc:creator>
  <dc:type>journal article</dc:type>
  <dc:date>2022-02-15</dc:date>
  <dc:language>en</dc:language>
  <dc:rights>https://creativecommons.org/licenses/by/4.0</dc:rights>
  <dc:subject>Sinanodonta woodiana</dc:subject>
  <dc:subject>invasion impact</dc:subject>
  <dc:publisher>Springer Science and Business Media LLC</dc:publisher>
  <dc:description>&lt;jats:title&gt;Abstract&lt;/jats:title&gt;&lt;jats:p&gt;The Chinese pond mussel, &lt;jats:italic&gt;Sinanodonta woodiana&lt;/jats:italic&gt;, is non-native to European freshwater systems. Originating from Asia, it was brought to Europe in the 1970s and is now spreading across many countries. Management of the species is currently limited by a lack of information on the actual distribution and population characterisation of &lt;jats:italic&gt;S. woodiana&lt;/jats:italic&gt; as well as on the co-occurrence of native mussels potentially resulting in competition. For this paper, we examined nine water systems in the German federal state of Bavaria with randomly observed and anecdotally reported &lt;jats:italic&gt;S. woodiana&lt;/jats:italic&gt; occurrences. We recorded the density and biomass of &lt;jats:italic&gt;S. woodiana&lt;/jats:italic&gt; and of the co-existing mussel species as well as the habitat characteristics. We found &lt;jats:italic&gt;S. woodiana&lt;/jats:italic&gt; in eight water systems, co-existing with other native and invasive mussel species in seven of them. The distribution of &lt;jats:italic&gt;S. woodiana&lt;/jats:italic&gt; was geographically widespread throughout Bavaria, indicating great invasion potential. In one fish pond, &lt;jats:italic&gt;S.&lt;/jats:italic&gt; &lt;jats:italic&gt;woodiana&lt;/jats:italic&gt; was the only mussel species occurring with the highest mean biomass (1286.0 ± 1067.7 g m&lt;jats:sup&gt;−2&lt;/jats:sup&gt;) and with the biggest specimen (25.0 cm and 1616.0 g). The wide range of habitat variables matched the expectation of a wide ecological niche for the species. This study provides evidence that &lt;jats:italic&gt;S. woodiana&lt;/jats:italic&gt; has already become established in many water systems in Bavaria, with fish ponds and fisheries management practises being a likely vector. To counteract this species and to conserve native mussel species, it is important to implement effective legislation, to take measures to eradicate this invasive mussel transnationally, and to raise public awareness.&lt;/jats:p&gt;</dc:description>
</oai_dc:dc>