<?xml version="1.0" encoding="UTF-8" standalone="yes"?>
<oai_dc:dc xmlns:dc="http://purl.org/dc/elements/1.1/" xmlns:oai_dc="http://www.openarchives.org/OAI/2.0/oai_dc/" xmlns:xsi="http://www.w3.org/2001/XMLSchema-instance" xsi:schemaLocation="http://www.openarchives.org/OAI/2.0/oai_dc/ http://www.openarchives.org/OAI/2.0/oai_dc.xsd">
  <dc:identifier>http://www.wikidata.org/entity/Q106190135</dc:identifier>
  <dc:identifier>doi:10.3897/NEOBIOTA.58.49358</dc:identifier>
  <dc:title>Simultaneous detection of native and invasive crayfish and Aphanomyces astaci from environmental DNA samples in a wide range of habitats in Central Europe</dc:title>
  <dc:creator>Rusch, Johannes C.</dc:creator>
  <dc:creator>Mojžišová, Michaela</dc:creator>
  <dc:creator>Strand, David A.</dc:creator>
  <dc:creator>Svobodová, Jitka</dc:creator>
  <dc:creator>Vrålstad, Trude</dc:creator>
  <dc:creator>Petrusek, Adam</dc:creator>
  <dc:type>journal article</dc:type>
  <dc:date>2020-06-19</dc:date>
  <dc:language>en</dc:language>
  <dc:subject>aquatic science</dc:subject>
  <dc:subject>Aphanomyces astaci</dc:subject>
  <dc:subject>invasion biology</dc:subject>
  <dc:subject>environmental DNA</dc:subject>
  <dc:subject>invasive species</dc:subject>
  <dc:subject>invasive crayfish</dc:subject>
  <dc:subject>biological invasion</dc:subject>
</oai_dc:dc>