<?xml version="1.0" encoding="UTF-8" standalone="yes"?>
<oai_dc:dc xmlns:dc="http://purl.org/dc/elements/1.1/" xmlns:oai_dc="http://www.openarchives.org/OAI/2.0/oai_dc/" xmlns:xsi="http://www.w3.org/2001/XMLSchema-instance" xsi:schemaLocation="http://www.openarchives.org/OAI/2.0/oai_dc/ http://www.openarchives.org/OAI/2.0/oai_dc.xsd">
  <dc:identifier>http://www.wikidata.org/entity/Q110530445</dc:identifier>
  <dc:identifier>doi:10.3390/W13213064</dc:identifier>
  <dc:title>Status of Freshwater Mussels (Unionidae) in the French Creek Watershed, USA at the Onset of Invasion by Round Goby, Neogobius melanostomus</dc:title>
  <dc:creator>Clark, Kyle H.</dc:creator>
  <dc:creator>Wisor, Joshua M.</dc:creator>
  <dc:creator>Mueller, Sara J.</dc:creator>
  <dc:creator>Bradshaw-Wilson, Casey</dc:creator>
  <dc:creator>Boyer, Elizabeth W.</dc:creator>
  <dc:creator>Stauffer, Jay R.</dc:creator>
  <dc:type>journal article</dc:type>
  <dc:date>2021-11-02</dc:date>
  <dc:language>en</dc:language>
  <dc:subject>aquatic invasion</dc:subject>
  <dc:subject>Neogobius melanostomus</dc:subject>
  <dc:subject>invasive species</dc:subject>
  <dc:subject>Unionidae</dc:subject>
</oai_dc:dc>