<?xml version="1.0" encoding="UTF-8" standalone="yes"?>
<oai_dc:dc xmlns:dc="http://purl.org/dc/elements/1.1/" xmlns:oai_dc="http://www.openarchives.org/OAI/2.0/oai_dc/" xmlns:xsi="http://www.w3.org/2001/XMLSchema-instance" xsi:schemaLocation="http://www.openarchives.org/OAI/2.0/oai_dc/ http://www.openarchives.org/OAI/2.0/oai_dc.xsd">
  <dc:identifier>http://www.wikidata.org/entity/Q111148413</dc:identifier>
  <dc:identifier>doi:10.3390/W13162306</dc:identifier>
  <dc:title>Rapid Spread of the Invasive Brown Alga Rugulopteryx okamurae in a National Park in Provence (France, Mediterranean Sea)</dc:title>
  <dc:creator>Ruitton, Sandrine</dc:creator>
  <dc:creator>Blanfuné, Aurélie</dc:creator>
  <dc:creator>Boudouresque, Charles-François</dc:creator>
  <dc:creator>Guillemain, Dorian</dc:creator>
  <dc:creator>Michotey, Valérie</dc:creator>
  <dc:creator>Roblet, Sylvain</dc:creator>
  <dc:creator>Thibault, Delphine</dc:creator>
  <dc:creator>Thibaut, Thierry</dc:creator>
  <dc:creator>Verlaque, Marc</dc:creator>
  <dc:type>journal article</dc:type>
  <dc:date>2021-08-24</dc:date>
  <dc:language>en</dc:language>
  <dc:subject>Rugulopteryx okamurae</dc:subject>
  <dc:subject>invasive species</dc:subject>
  <dc:subject>Mediterranean Sea</dc:subject>
</oai_dc:dc>