<?xml version="1.0" encoding="UTF-8" standalone="yes"?>
<oai_dc:dc xmlns:dc="http://purl.org/dc/elements/1.1/" xmlns:oai_dc="http://www.openarchives.org/OAI/2.0/oai_dc/" xmlns:xsi="http://www.w3.org/2001/XMLSchema-instance" xsi:schemaLocation="http://www.openarchives.org/OAI/2.0/oai_dc/ http://www.openarchives.org/OAI/2.0/oai_dc.xsd">
  <dc:identifier>http://www.wikidata.org/entity/Q110531706</dc:identifier>
  <dc:identifier>doi:10.1111/AEC.12973</dc:identifier>
  <dc:title>Freshwater input drives invasion success of exotic plants in saltmarsh communities</dc:title>
  <dc:creator>Geedicke, Ina</dc:creator>
  <dc:creator>Manea, Anthony</dc:creator>
  <dc:creator>Oldeland, Jens</dc:creator>
  <dc:creator>Leishman, Michelle R.</dc:creator>
  <dc:type>journal article</dc:type>
  <dc:date>2021-02-23</dc:date>
  <dc:subject>invasion success</dc:subject>
  <dc:subject>aquatic invasion</dc:subject>
  <dc:subject>salt marsh</dc:subject>
</oai_dc:dc>