<?xml version="1.0" encoding="UTF-8" standalone="yes"?>
<oai_dc:dc xmlns:dc="http://purl.org/dc/elements/1.1/" xmlns:oai_dc="http://www.openarchives.org/OAI/2.0/oai_dc/" xmlns:xsi="http://www.w3.org/2001/XMLSchema-instance" xsi:schemaLocation="http://www.openarchives.org/OAI/2.0/oai_dc/ http://www.openarchives.org/OAI/2.0/oai_dc.xsd">
  <dc:identifier>http://www.wikidata.org/entity/Q56441496</dc:identifier>
  <dc:identifier>doi:10.14411/EJE.2015.018</dc:identifier>
  <dc:title>Azalea sawfly Nematus lipovskyi (Hymenoptera: Tenthredinidae), a new invasive species in Europe</dc:title>
  <dc:creator>MACEK, Jan</dc:creator>
  <dc:creator>SIPEK, Petr</dc:creator>
  <dc:type>journal article</dc:type>
  <dc:date>2014-11-11</dc:date>
  <dc:language>en</dc:language>
  <dc:subject>Nematus lipovskyi</dc:subject>
  <dc:subject>invasive species</dc:subject>
  <dc:subject>Hymenoptera</dc:subject>
  <dc:subject>Tenthredinidae</dc:subject>
</oai_dc:dc>