<?xml version="1.0" encoding="UTF-8" standalone="yes"?>
<oai_dc:dc xmlns:dc="http://purl.org/dc/elements/1.1/" xmlns:oai_dc="http://www.openarchives.org/OAI/2.0/oai_dc/" xmlns:xsi="http://www.w3.org/2001/XMLSchema-instance" xsi:schemaLocation="http://www.openarchives.org/OAI/2.0/oai_dc/ http://www.openarchives.org/OAI/2.0/oai_dc.xsd">
  <dc:identifier>http://www.wikidata.org/entity/Q110829318</dc:identifier>
  <dc:identifier>doi:10.1016/J.JEMBE.2021.151627</dc:identifier>
  <dc:title>Invasion risk to Yangtze River Estuary posed by resting eggs in ballast sediments from transoceanic ships</dc:title>
  <dc:creator>Dong, Ying</dc:creator>
  <dc:creator>Zhang, Haoran</dc:creator>
  <dc:creator>Wu, Huixian</dc:creator>
  <dc:creator>Xue, Junzeng</dc:creator>
  <dc:creator>Liu, Yanan</dc:creator>
  <dc:creator>Jiang, Xiaodong</dc:creator>
  <dc:type>journal article</dc:type>
  <dc:date>2021-12</dc:date>
  <dc:language>en</dc:language>
  <dc:rights>https://www.elsevier.com/tdm/userlicense/1.0/</dc:rights>
  <dc:subject>hypothesis:propagule pressure hypothesis</dc:subject>
  <dc:subject>hypothesis:wikidata.org/entity/Q110620464</dc:subject>
  <dc:subject>estuary</dc:subject>
  <dc:subject>ecological invasion risk</dc:subject>
  <dc:subject>aquatic invasion</dc:subject>
  <dc:subject>estuarine invasion</dc:subject>
  <dc:publisher>Elsevier BV</dc:publisher>
</oai_dc:dc>