<?xml version="1.0" encoding="UTF-8" standalone="yes"?>
<oai_dc:dc xmlns:dc="http://purl.org/dc/elements/1.1/" xmlns:oai_dc="http://www.openarchives.org/OAI/2.0/oai_dc/" xmlns:xsi="http://www.w3.org/2001/XMLSchema-instance" xsi:schemaLocation="http://www.openarchives.org/OAI/2.0/oai_dc/ http://www.openarchives.org/OAI/2.0/oai_dc.xsd">
  <dc:identifier>http://www.wikidata.org/entity/Q110663862</dc:identifier>
  <dc:identifier>doi:10.3897/NEOBIOTA.69.67708</dc:identifier>
  <dc:title>First successful hybridization experiment between native European weatherfish (Misgurnus fossilis) and non-native Oriental weatherfish (M. anguillicaudatus) reveals no evidence for postzygotic barriers</dc:title>
  <dc:creator>Wanzenböck, Josef</dc:creator>
  <dc:creator>Hopfinger, Mathias</dc:creator>
  <dc:creator>Wanzenböck, Sylvia</dc:creator>
  <dc:creator>Fuxjäger, Lukas</dc:creator>
  <dc:creator>Rund, Hans</dc:creator>
  <dc:creator>Lamatsch, Dunja K.</dc:creator>
  <dc:type>journal article</dc:type>
  <dc:date>2021-10-07</dc:date>
  <dc:language>en</dc:language>
  <dc:subject>Misgurnus fossilis</dc:subject>
</oai_dc:dc>