<?xml version="1.0" encoding="UTF-8" standalone="yes"?>
<oai_dc:dc xmlns:dc="http://purl.org/dc/elements/1.1/" xmlns:oai_dc="http://www.openarchives.org/OAI/2.0/oai_dc/" xmlns:xsi="http://www.w3.org/2001/XMLSchema-instance" xsi:schemaLocation="http://www.openarchives.org/OAI/2.0/oai_dc/ http://www.openarchives.org/OAI/2.0/oai_dc.xsd">
  <dc:identifier>http://www.wikidata.org/entity/Q92164940</dc:identifier>
  <dc:identifier>doi:10.3390/S19102308</dc:identifier>
  <dc:title>Rapid Invasion of Spartina Alterniflora in the Coastal Zone of Mainland China: Spatiotemporal Patterns and Human Prevention</dc:title>
  <dc:creator>Mao, Dehua</dc:creator>
  <dc:creator>Liu, Mingyue</dc:creator>
  <dc:creator>Wang, Zongming</dc:creator>
  <dc:creator>Li, Lin</dc:creator>
  <dc:creator>Man, Weidong</dc:creator>
  <dc:creator>Jia, Mingming</dc:creator>
  <dc:creator>Zhang, Yuanzhi</dc:creator>
  <dc:type>journal article</dc:type>
  <dc:date>2019-05-19</dc:date>
  <dc:language>en</dc:language>
  <dc:subject>Spartina alterniflora</dc:subject>
  <dc:subject>invasive species</dc:subject>
  <dc:subject>coastal invasion</dc:subject>
  <dc:subject>coast</dc:subject>
  <dc:description>Given the extensive spread and ecological consequences of exotic Spartina alterniflora (S. alterniflora) over the coast of mainland China, monitoring its spatiotemporal invasion patterns is important for the sake of coastal ecosystem management and ecological security. In this study, Landsat series images from 1990 to 2015 were used to establish multi-temporal datasets for documenting the temporal dynamics of S. alterniflora invasion. Our observations revealed that S. alterniflora had a continuous expansion with the area increasing by 50,204 ha during the considered 25 years. The largest expansion was identified in Jiangsu Province during the period of 1990-2000, and in Zhejiang Province during the periods 2000-2010 and 2010-2015. Three noticeable hotspots for S. alterniflora invasion were Yancheng of Jiangsu, Chongming of Shanghai, and Ningbo of Zhejiang, and each had a net area increase larger than 5000 ha. Moreover, an obvious shrinkage of S. alterniflora was identified in three coastal cities including the city of Cangzhou of Hebei, Dongguan, and Jiangmen of Guangdong. S. alterniflora invaded mostly into mudflats (&gt;93%) and shrank primarily due to aquaculture (55.5%). This study sheds light on the historical spatial patterns in S. alterniflora distribution and thus is helpful for understanding its invasion mechanism and invasive species management.</dc:description>
</oai_dc:dc>