<?xml version="1.0" encoding="UTF-8" standalone="yes"?>
<oai_dc:dc xmlns:dc="http://purl.org/dc/elements/1.1/" xmlns:oai_dc="http://www.openarchives.org/OAI/2.0/oai_dc/" xmlns:xsi="http://www.w3.org/2001/XMLSchema-instance" xsi:schemaLocation="http://www.openarchives.org/OAI/2.0/oai_dc/ http://www.openarchives.org/OAI/2.0/oai_dc.xsd">
  <dc:identifier>http://www.wikidata.org/entity/Q35790562</dc:identifier>
  <dc:identifier>doi:10.1371/JOURNAL.PONE.0136680</dc:identifier>
  <dc:title>Production of Early Diploid Males by European Colonies of the Invasive Hornet Vespa velutina nigrithorax</dc:title>
  <dc:creator>Darrouzet, Eric</dc:creator>
  <dc:creator>Gévar, Jérémy</dc:creator>
  <dc:creator>Guignard, Quentin</dc:creator>
  <dc:creator>Aron, Serge</dc:creator>
  <dc:type>journal article</dc:type>
  <dc:date>2015-09-28</dc:date>
  <dc:language>en</dc:language>
  <dc:subject>Vespa velutina</dc:subject>
  <dc:subject>Vespa velutina nigrithorax</dc:subject>
  <dc:subject>invasive species</dc:subject>
  <dc:subject>invasion success</dc:subject>
  <dc:description>The invasive yellow-legged hornet Vespa velutina nigrithorax was accidentally introduced in Europe in the early 2000s. As is the case in colonies of other wasp and hornet species, V. velutina colonies are known to produce sexuals (males and new queens) at the end of the summer. We show that early-stage colonies in French populations frequently produce males well before the usual reproductive period. The vast majority of the males produced are diploid, which is consistent with the loss of genetic diversity previously reported in introduced populations in France. Since males do not participate in colony activities, the production of early diploid males at the expense of workers is expected to hamper colony growth and, ultimately, decrease the expansion of the species in its invasive range in Europe.</dc:description>
</oai_dc:dc>