<?xml version="1.0" encoding="UTF-8" standalone="yes"?>
<oai_dc:dc xmlns:dc="http://purl.org/dc/elements/1.1/" xmlns:oai_dc="http://www.openarchives.org/OAI/2.0/oai_dc/" xmlns:xsi="http://www.w3.org/2001/XMLSchema-instance" xsi:schemaLocation="http://www.openarchives.org/OAI/2.0/oai_dc/ http://www.openarchives.org/OAI/2.0/oai_dc.xsd">
  <dc:identifier>http://www.wikidata.org/entity/Q56781787</dc:identifier>
  <dc:identifier>doi:10.1016/J.BIOCON.2005.07.014</dc:identifier>
  <dc:title>The impacts of forest clearance on lizard, small mammal and bird communities in the arid spiny forest, southern Madagascar</dc:title>
  <dc:creator>Scott, Dawn M.</dc:creator>
  <dc:creator>Brown, Daniel</dc:creator>
  <dc:creator>Mahood, Simon</dc:creator>
  <dc:creator>Denton, Buck</dc:creator>
  <dc:creator>Silburn, Anastasia</dc:creator>
  <dc:creator>Rakotondraparany, Felix</dc:creator>
  <dc:type>journal article</dc:type>
  <dc:date>2006-01</dc:date>
  <dc:language>en</dc:language>
  <dc:subject>Madagascar</dc:subject>
  <dc:subject>invasion impact</dc:subject>
  <dc:subject>micromammal</dc:subject>
</oai_dc:dc>