<?xml version="1.0" encoding="UTF-8" standalone="yes"?>
<oai_dc:dc xmlns:dc="http://purl.org/dc/elements/1.1/" xmlns:oai_dc="http://www.openarchives.org/OAI/2.0/oai_dc/" xmlns:xsi="http://www.w3.org/2001/XMLSchema-instance" xsi:schemaLocation="http://www.openarchives.org/OAI/2.0/oai_dc/ http://www.openarchives.org/OAI/2.0/oai_dc.xsd">
  <dc:identifier>http://www.wikidata.org/entity/Q111159292</dc:identifier>
  <dc:identifier>doi:10.1007/S10530-017-1581-3</dc:identifier>
  <dc:title>Potential spread of the invasive North American termite, Reticulitermes flavipes, and the impact of climate warming</dc:title>
  <dc:creator>Suppo, Christelle</dc:creator>
  <dc:creator>Robinet, Christelle</dc:creator>
  <dc:creator>Perdereau, Elfie</dc:creator>
  <dc:creator>Andrieu, Dominique</dc:creator>
  <dc:creator>Bagnères, Anne-Geneviève</dc:creator>
  <dc:type>journal article</dc:type>
  <dc:date>2017-10-12</dc:date>
  <dc:language>en</dc:language>
  <dc:subject>eastern subterranean termite</dc:subject>
  <dc:subject>invasion impact</dc:subject>
</oai_dc:dc>