<?xml version="1.0" encoding="UTF-8" standalone="yes"?>
<oai_dc:dc xmlns:dc="http://purl.org/dc/elements/1.1/" xmlns:oai_dc="http://www.openarchives.org/OAI/2.0/oai_dc/" xmlns:xsi="http://www.w3.org/2001/XMLSchema-instance" xsi:schemaLocation="http://www.openarchives.org/OAI/2.0/oai_dc/ http://www.openarchives.org/OAI/2.0/oai_dc.xsd">
  <dc:identifier>http://www.wikidata.org/entity/Q111159401</dc:identifier>
  <dc:identifier>doi:10.1007/S10530-018-1709-0</dc:identifier>
  <dc:title>Population genetic analyses of complex global insect invasions in managed landscapes: a Leptocybe invasa (Hymenoptera) case study</dc:title>
  <dc:creator>Dittrich-Schröder, G.</dc:creator>
  <dc:creator>Hoareau, T. B.</dc:creator>
  <dc:creator>Hurley, B. P.</dc:creator>
  <dc:creator>Wingfield, M. J.</dc:creator>
  <dc:creator>Lawson, S.</dc:creator>
  <dc:creator>Nahrung, H. F.</dc:creator>
  <dc:creator>Slippers, B.</dc:creator>
  <dc:type>journal article</dc:type>
  <dc:date>2018-03-24</dc:date>
  <dc:subject>Leptocybe invasa</dc:subject>
  <dc:subject>population genetics</dc:subject>
  <dc:subject>insect invasion</dc:subject>
  <dc:subject>invasive species</dc:subject>
  <dc:subject>Hymenoptera</dc:subject>
  <dc:subject>invasion management</dc:subject>
</oai_dc:dc>