<?xml version="1.0" encoding="UTF-8" standalone="yes"?>
<oai_dc:dc xmlns:dc="http://purl.org/dc/elements/1.1/" xmlns:oai_dc="http://www.openarchives.org/OAI/2.0/oai_dc/" xmlns:xsi="http://www.w3.org/2001/XMLSchema-instance" xsi:schemaLocation="http://www.openarchives.org/OAI/2.0/oai_dc/ http://www.openarchives.org/OAI/2.0/oai_dc.xsd">
  <dc:identifier>http://www.wikidata.org/entity/Q33989192</dc:identifier>
  <dc:identifier>doi:10.1890/10-0638.1</dc:identifier>
  <dc:title>Long-term impacts of invasive grasses and subsequent fire in seasonally dry Hawaiian woodlands</dc:title>
  <dc:creator>D'Antonio, Carla M</dc:creator>
  <dc:creator>Hughes, R F</dc:creator>
  <dc:creator>Tunison, J T</dc:creator>
  <dc:type>journal article</dc:type>
  <dc:date>2011-07-01</dc:date>
  <dc:language>en</dc:language>
  <dc:subject>invasive grass</dc:subject>
  <dc:subject>invasion impact</dc:subject>
  <dc:description>Invasive nonnative grasses have altered the composition of seasonally dry shrublands and woodlands throughout the world. In many areas they coexist with native woody species until fire occurs, after which they become dominant. Yet it is not clear how long their impacts persist in the absence of further fire. We evaluated the long-term impacts of grass invasions and subsequent fire in seasonally dry submontane habitats on Hawai'i, USA. We recensused transects in invaded unburned woodland and woodland that had burned in exotic grass-fueled fires in 1970 and 1987 and had last been censused in 1991. In the unburned woodlands, we found that the dominant understory grass invader, Schizachyrium condensatum, had declined by  40%, while native understory species were abundant and largely unchanged from measurements 17 years ago. In burned woodland, exotic grass cover also declined, but overall values remained high and recruitment of native species was poor. Sites that had converted to exotic grassland after a 1970 fire remained dominated by exotic grasses with no increase in native cover despite 37 years without fire. Grass-dominated sites that had burned twice also showed limited recovery despite 20 years of fire suppression. We found limited evidence for "invasional meltdown": Exotic richness remained low across burned sites, and the dominant species in 1991, Melinis minutiflora, is still dominant today. Twice-burned sites are, however, being invaded by the nitrogen-fixing tree Morella faya, an introduced species with the potential to greatly alter the successional trajectory on young volcanic soils. In summary, despite decades of fire suppression, native species show little recovery in burned Hawaiian woodlands. Thus, burned sites appear to be beyond a threshold for "natural recovery" (e.g., passive restoration).</dc:description>
</oai_dc:dc>