<?xml version="1.0" encoding="UTF-8" standalone="yes"?>
<oai_dc:dc xmlns:dc="http://purl.org/dc/elements/1.1/" xmlns:oai_dc="http://www.openarchives.org/OAI/2.0/oai_dc/" xmlns:xsi="http://www.w3.org/2001/XMLSchema-instance" xsi:schemaLocation="http://www.openarchives.org/OAI/2.0/oai_dc/ http://www.openarchives.org/OAI/2.0/oai_dc.xsd">
  <dc:identifier>http://www.wikidata.org/entity/Q97556633</dc:identifier>
  <dc:identifier>https://www.ncbi.nlm.nih.gov/pmc/articles/PMC7496498</dc:identifier>
  <dc:identifier>doi:10.1111/GCB.15199</dc:identifier>
  <dc:title>Drivers of future alien species impacts: An expert-based assessment</dc:title>
  <dc:creator>Essl, Franz</dc:creator>
  <dc:creator>Lenzner, Bernd</dc:creator>
  <dc:creator>Bacher, Sven</dc:creator>
  <dc:creator>Bailey, Sarah A</dc:creator>
  <dc:creator>Capinha, Cesar</dc:creator>
  <dc:creator>Daehler, Curtis</dc:creator>
  <dc:creator>Dullinger, Stefan</dc:creator>
  <dc:creator>Genovesi, Piero</dc:creator>
  <dc:creator>Hui, Cang</dc:creator>
  <dc:creator>Hulme, Philip E</dc:creator>
  <dc:creator>Jeschke, Jonathan</dc:creator>
  <dc:creator>Katsanevakis, Stelios</dc:creator>
  <dc:creator>Kühn, Ingolf</dc:creator>
  <dc:creator>Leung, Brian</dc:creator>
  <dc:creator>Liebhold, Andrew</dc:creator>
  <dc:creator>Liu, Chunlong</dc:creator>
  <dc:creator>MacIsaac, Hugh J</dc:creator>
  <dc:creator>Meyerson, Laura A</dc:creator>
  <dc:creator>Nuñez, Martin A.</dc:creator>
  <dc:creator>Pauchard, Aníbal</dc:creator>
  <dc:creator>Pyšek, Petr</dc:creator>
  <dc:creator>Rabitsch, Wolfgang</dc:creator>
  <dc:creator>Richardson, David Mark</dc:creator>
  <dc:creator>Roy, Helen E.</dc:creator>
  <dc:creator>Ruiz, Gregory M</dc:creator>
  <dc:creator>Russell, James C</dc:creator>
  <dc:creator>Sanders, Nathan J</dc:creator>
  <dc:creator>Sax, Dov F</dc:creator>
  <dc:creator>Scalera, Riccardo</dc:creator>
  <dc:creator>Seebens, Hanno</dc:creator>
  <dc:creator>Springborn, Michael</dc:creator>
  <dc:creator>Turbelin, Anna</dc:creator>
  <dc:creator>Kleunen, Mark</dc:creator>
  <dc:creator>Holle, Betsy</dc:creator>
  <dc:creator>Winter, Marten</dc:creator>
  <dc:creator>Zenni, Rafael D</dc:creator>
  <dc:creator>Mattsson, Brady J</dc:creator>
  <dc:creator>Roura-Pascual, Nuria</dc:creator>
  <dc:type>journal article</dc:type>
  <dc:date>2020-07-14</dc:date>
  <dc:language>en</dc:language>
  <dc:rights>http://creativecommons.org/licenses/by/4.0/</dc:rights>
  <dc:subject>invasive species</dc:subject>
  <dc:subject>introduced species</dc:subject>
  <dc:subject>invasion impact</dc:subject>
  <dc:publisher>Wiley</dc:publisher>
  <dc:description>Understanding the likely future impacts of biological invasions is crucial yet highly challenging given the multiple relevant environmental, socio-economic and societal contexts and drivers. In the absence of quantitative models, methods based on expert knowledge are the best option for assessing future invasion trajectories. Here, we present an expert assessment of the drivers of potential alien species impacts under contrasting scenarios and socioecological contexts through the mid-21st century. Based on responses from 36 experts in biological invasions, moderate (20%-30%) increases in invasions, compared to the current conditions, are expected to cause major impacts on biodiversity in most socioecological contexts. Three main drivers of biological invasions-transport, climate change and socio-economic change-were predicted to significantly affect future impacts of alien species on biodiversity even under a best-case scenario. Other drivers (e.g. human demography and migration in tropical and subtropical regions) were also of high importance in specific global contexts (e.g. for individual taxonomic groups or biomes). We show that some best-case scenarios can substantially reduce potential future impacts of biological invasions. However, rapid and comprehensive actions are necessary to use this potential and achieve the goals of the Post-2020 Framework of the Convention on Biological Diversity.</dc:description>
</oai_dc:dc>