<?xml version="1.0" encoding="UTF-8" standalone="yes"?>
<oai_dc:dc xmlns:dc="http://purl.org/dc/elements/1.1/" xmlns:oai_dc="http://www.openarchives.org/OAI/2.0/oai_dc/" xmlns:xsi="http://www.w3.org/2001/XMLSchema-instance" xsi:schemaLocation="http://www.openarchives.org/OAI/2.0/oai_dc/ http://www.openarchives.org/OAI/2.0/oai_dc.xsd">
  <dc:identifier>http://www.wikidata.org/entity/Q110829173</dc:identifier>
  <dc:identifier>doi:10.1051/KMAE/2019021</dc:identifier>
  <dc:title>Summer microhabitat use and overlap by the invasive Round Goby (Neogobius melanostomus) and native darters in the Trent River (Ontario, Canada)</dc:title>
  <dc:creator>Reid, Scott M.</dc:creator>
  <dc:type>journal article</dc:type>
  <dc:date>2019</dc:date>
  <dc:language>en</dc:language>
  <dc:subject>Neogobius melanostomus</dc:subject>
  <dc:subject>invasion biology</dc:subject>
  <dc:subject>ecological niche</dc:subject>
  <dc:subject>invasive species</dc:subject>
  <dc:subject>aquatic invasion</dc:subject>
  <dc:subject>microhabitat</dc:subject>
</oai_dc:dc>