<?xml version="1.0" encoding="UTF-8" standalone="yes"?>
<oai_dc:dc xmlns:dc="http://purl.org/dc/elements/1.1/" xmlns:oai_dc="http://www.openarchives.org/OAI/2.0/oai_dc/" xmlns:xsi="http://www.w3.org/2001/XMLSchema-instance" xsi:schemaLocation="http://www.openarchives.org/OAI/2.0/oai_dc/ http://www.openarchives.org/OAI/2.0/oai_dc.xsd">
  <dc:identifier>http://www.wikidata.org/entity/Q97108664</dc:identifier>
  <dc:identifier>doi:10.1007/S10530-019-02194-4</dc:identifier>
  <dc:title>Systematic prey preference by introduced mice exhausts the ecosystem on Antipodes Island</dc:title>
  <dc:creator>Russell, James C.</dc:creator>
  <dc:creator>Peace, Joanne E.</dc:creator>
  <dc:creator>Houghton, Melissa J.</dc:creator>
  <dc:creator>Bury, Sarah J.</dc:creator>
  <dc:creator>Bodey, Thomas W.</dc:creator>
  <dc:type>journal article</dc:type>
  <dc:date>2020-01-14</dc:date>
  <dc:language>en</dc:language>
  <dc:subject>Antipodes Island</dc:subject>
  <dc:subject>house mouse</dc:subject>
  <dc:subject>prey</dc:subject>
  <dc:subject>invasive species</dc:subject>
</oai_dc:dc>