<?xml version="1.0" encoding="UTF-8" standalone="yes"?>
<oai_dc:dc xmlns:dc="http://purl.org/dc/elements/1.1/" xmlns:oai_dc="http://www.openarchives.org/OAI/2.0/oai_dc/" xmlns:xsi="http://www.w3.org/2001/XMLSchema-instance" xsi:schemaLocation="http://www.openarchives.org/OAI/2.0/oai_dc/ http://www.openarchives.org/OAI/2.0/oai_dc.xsd">
  <dc:identifier>http://www.wikidata.org/entity/Q110829930</dc:identifier>
  <dc:identifier>doi:10.1111/J.1752-1688.2004.TB04456.X</dc:identifier>
  <dc:title>WATER QUALITY IMPACTS AND INDICATORS OF METABOLIC ACTIVITY OF THE ZEBRA MUSSEL INVASION OF THE SENECA RIVER</dc:title>
  <dc:creator>Effler, Steven W.</dc:creator>
  <dc:creator>Matthews, David A.</dc:creator>
  <dc:creator>Brooks-Matthews, Carol M.</dc:creator>
  <dc:creator>Perkins, Mary Gail</dc:creator>
  <dc:creator>Siegfried, Clifford A.</dc:creator>
  <dc:creator>Hassett, James M.</dc:creator>
  <dc:type>journal article</dc:type>
  <dc:date>2004-06</dc:date>
  <dc:language>en</dc:language>
  <dc:rights>http://doi.wiley.com/10.1002/tdm_license_1.1</dc:rights>
  <dc:subject>aquatic invasion</dc:subject>
  <dc:subject>invasion impact</dc:subject>
  <dc:publisher>Wiley</dc:publisher>
</oai_dc:dc>