<?xml version="1.0" encoding="UTF-8" standalone="yes"?>
<oai_dc:dc xmlns:dc="http://purl.org/dc/elements/1.1/" xmlns:oai_dc="http://www.openarchives.org/OAI/2.0/oai_dc/" xmlns:xsi="http://www.w3.org/2001/XMLSchema-instance" xsi:schemaLocation="http://www.openarchives.org/OAI/2.0/oai_dc/ http://www.openarchives.org/OAI/2.0/oai_dc.xsd">
  <dc:identifier>http://www.wikidata.org/entity/Q51146431</dc:identifier>
  <dc:identifier>doi:10.3897/NEOBIOTA.9.1469</dc:identifier>
  <dc:title>Secondary wind dispersal enhances long-distance dispersal of an invasive species in urban road corridors</dc:title>
  <dc:creator>Kowarik, Ingo</dc:creator>
  <dc:creator>Lippe, Moritz</dc:creator>
  <dc:type>journal article</dc:type>
  <dc:date>2011-08-11</dc:date>
  <dc:language>en</dc:language>
  <dc:subject>aquatic science</dc:subject>
  <dc:subject>invasion biology</dc:subject>
  <dc:subject>invasive species</dc:subject>
</oai_dc:dc>