<?xml version="1.0" encoding="UTF-8" standalone="yes"?>
<oai_dc:dc xmlns:dc="http://purl.org/dc/elements/1.1/" xmlns:oai_dc="http://www.openarchives.org/OAI/2.0/oai_dc/" xmlns:xsi="http://www.w3.org/2001/XMLSchema-instance" xsi:schemaLocation="http://www.openarchives.org/OAI/2.0/oai_dc/ http://www.openarchives.org/OAI/2.0/oai_dc.xsd">
  <dc:identifier>http://www.wikidata.org/entity/Q56441303</dc:identifier>
  <dc:identifier>doi:10.13080/Z-A.2015.102.010</dc:identifier>
  <dc:title>Plum (Prunus spp.) aphid guild (Hemiptera: Sternorrhyncha, Aphididae) structure in Lithuania: any impact of an alien aphid species?</dc:title>
  <dc:creator>Rakauskas, Rimantas</dc:creator>
  <dc:creator>Havelka, Jekaterina</dc:creator>
  <dc:creator>Zaremba, Audrius</dc:creator>
  <dc:type>journal article</dc:type>
  <dc:date>2015-03-13</dc:date>
  <dc:language>en</dc:language>
  <dc:subject>Sternorrhyncha</dc:subject>
  <dc:subject>invasion biology</dc:subject>
  <dc:subject>guild</dc:subject>
  <dc:subject>Hemiptera</dc:subject>
  <dc:subject>Aphididae</dc:subject>
  <dc:subject>invasion impact</dc:subject>
  <dc:publisher>Lithuanian Research Centre for Agriculture and Forestry</dc:publisher>
</oai_dc:dc>