<?xml version="1.0" encoding="UTF-8" standalone="yes"?>
<oai_dc:dc xmlns:dc="http://purl.org/dc/elements/1.1/" xmlns:oai_dc="http://www.openarchives.org/OAI/2.0/oai_dc/" xmlns:xsi="http://www.w3.org/2001/XMLSchema-instance" xsi:schemaLocation="http://www.openarchives.org/OAI/2.0/oai_dc/ http://www.openarchives.org/OAI/2.0/oai_dc.xsd">
  <dc:identifier>http://www.wikidata.org/entity/Q110530363</dc:identifier>
  <dc:identifier>doi:10.3389/FEVO.2020.583670</dc:identifier>
  <dc:title>Consistent Behavioral Syndrome Across Seasons in an Invasive Freshwater Fish</dc:title>
  <dc:creator>Lukas, Juliane</dc:creator>
  <dc:creator>Kalinkat, Gregor</dc:creator>
  <dc:creator>Miesen, Friedrich Wilhelm</dc:creator>
  <dc:creator>Landgraf, Tim</dc:creator>
  <dc:creator>Krause, Jens</dc:creator>
  <dc:creator>Bierbach, David</dc:creator>
  <dc:type>journal article</dc:type>
  <dc:date>2021-01-07</dc:date>
  <dc:rights>https://creativecommons.org/licenses/by/4.0/</dc:rights>
  <dc:subject>aquatic invasion</dc:subject>
  <dc:subject>invasive fish</dc:subject>
  <dc:publisher>Frontiers Media SA</dc:publisher>
  <dc:description>&lt;jats:p&gt;Understanding the linkage between behavioral types and dispersal tendency has become a pressing issue in light of global change and biological invasions. Here, we explore whether dispersing individuals exhibit behavioral types that differ from those remaining in the source population. We investigated a feral population of guppies (&lt;jats:italic&gt;Poecilia reticulata&lt;/jats:italic&gt;) that undergoes a yearly range shift cycle. Guppies are among the most widespread invasive species in the world, but in temperate regions these tropical fish can only survive in winter-warm freshwaters. Established in a thermally-altered stream in Germany, guppies are confined to a warm-water influx in winter, but can spread to peripheral parts as these become thermally accessible. We sampled fish from the source population and a winter-abandoned site in March, June and August. Fish were tested for boldness, sociability and activity involving open-field tests including interactions with a robotic social partner. Guppies differed consistently among each other in all three traits within each sample. Average trait expression in the source population differed across seasons, however, we could not detect differences between source and downstream population. Instead, all populations exhibited a remarkably stable behavioral syndrome between boldness and activity despite strong seasonal changes in water temperature and associated environmental factors. We conclude that random drift (opposed to personality-biased dispersal) is a more likely dispersal mode for guppies, at least in the investigated stream. In the face of fluctuating environments, guppies seem to be extremely effective in keeping behavioral expressions constant, which could help explain their successful invasion and adaptation to new and disturbed habitats.&lt;/jats:p&gt;</dc:description>
</oai_dc:dc>