<?xml version="1.0" encoding="UTF-8" standalone="yes"?>
<oai_dc:dc xmlns:dc="http://purl.org/dc/elements/1.1/" xmlns:oai_dc="http://www.openarchives.org/OAI/2.0/oai_dc/" xmlns:xsi="http://www.w3.org/2001/XMLSchema-instance" xsi:schemaLocation="http://www.openarchives.org/OAI/2.0/oai_dc/ http://www.openarchives.org/OAI/2.0/oai_dc.xsd">
  <dc:identifier>http://www.wikidata.org/entity/Q110829925</dc:identifier>
  <dc:identifier>doi:10.1134/S0032945221030024</dc:identifier>
  <dc:title>Finding of Arcrtic Charr Salvelinus alpinus (Salmonidae) and Sculpin Cottus cf. poecilopus (Cottidae) in the Verkhnyaya Angara basin Near the Divide with the Lena River System: New Data About the Invasion Routes of the Representatives of Lena Ichthyo</dc:title>
  <dc:creator>Alekseyev, S. S.</dc:creator>
  <dc:creator>Samusenok, V. P.</dc:creator>
  <dc:creator>Matveev, A. N.</dc:creator>
  <dc:creator>Andreev, R. S.</dc:creator>
  <dc:creator>Samusenok, I. V.</dc:creator>
  <dc:creator>Vokin, A. I.</dc:creator>
  <dc:creator>Yur’ev, A. L.</dc:creator>
  <dc:type>journal article</dc:type>
  <dc:date>2021-05</dc:date>
  <dc:language>en</dc:language>
  <dc:rights>https://www.springer.com/tdm</dc:rights>
  <dc:subject>Arctic char</dc:subject>
  <dc:subject>drainage system</dc:subject>
  <dc:subject>Cottidae</dc:subject>
  <dc:subject>Salmonidae</dc:subject>
  <dc:subject>aquatic invasion</dc:subject>
  <dc:subject>invasion pathway</dc:subject>
  <dc:publisher>Pleiades Publishing Ltd</dc:publisher>
</oai_dc:dc>