<?xml version="1.0" encoding="UTF-8" standalone="yes"?>
<oai_dc:dc xmlns:dc="http://purl.org/dc/elements/1.1/" xmlns:oai_dc="http://www.openarchives.org/OAI/2.0/oai_dc/" xmlns:xsi="http://www.w3.org/2001/XMLSchema-instance" xsi:schemaLocation="http://www.openarchives.org/OAI/2.0/oai_dc/ http://www.openarchives.org/OAI/2.0/oai_dc.xsd">
  <dc:identifier>http://www.wikidata.org/entity/Q56752166</dc:identifier>
  <dc:identifier>doi:10.3897/NEOBIOTA.30.9594</dc:identifier>
  <dc:title>EMAPi 2015: Highlighting links between science and management of alien plant invasions</dc:title>
  <dc:creator>Daehler, Curtis C.</dc:creator>
  <dc:creator>Kleunen, Mark</dc:creator>
  <dc:creator>Pyšek, Petr</dc:creator>
  <dc:creator>Richardson, David M.</dc:creator>
  <dc:type>journal article</dc:type>
  <dc:date>2016-06-23</dc:date>
  <dc:language>en</dc:language>
  <dc:subject>plant invasion</dc:subject>
  <dc:subject>invasion management</dc:subject>
</oai_dc:dc>