<?xml version="1.0" encoding="UTF-8" standalone="yes"?>
<oai_dc:dc xmlns:dc="http://purl.org/dc/elements/1.1/" xmlns:oai_dc="http://www.openarchives.org/OAI/2.0/oai_dc/" xmlns:xsi="http://www.w3.org/2001/XMLSchema-instance" xsi:schemaLocation="http://www.openarchives.org/OAI/2.0/oai_dc/ http://www.openarchives.org/OAI/2.0/oai_dc.xsd">
  <dc:identifier>http://www.wikidata.org/entity/Q110809461</dc:identifier>
  <dc:identifier>doi:10.3390/DATA4040133</dc:identifier>
  <dc:title>A Lack of “Environmental Earth Data” at the Microhabitat Scale Impacts Efforts to Control Invasive Arthropods That Vector Pathogens</dc:title>
  <dc:creator>Pascoe, Emily L.</dc:creator>
  <dc:creator>Pareeth, Sajid</dc:creator>
  <dc:creator>Rocchini, Duccio</dc:creator>
  <dc:creator>Marcantonio, Matteo</dc:creator>
  <dc:type>journal article</dc:type>
  <dc:date>2019-09-29</dc:date>
  <dc:language>en</dc:language>
  <dc:subject>invasion biology</dc:subject>
  <dc:subject>ecological niche</dc:subject>
  <dc:subject>invasion impact</dc:subject>
  <dc:subject>microhabitat</dc:subject>
</oai_dc:dc>