<?xml version="1.0" encoding="UTF-8" standalone="yes"?>
<oai_dc:dc xmlns:dc="http://purl.org/dc/elements/1.1/" xmlns:oai_dc="http://www.openarchives.org/OAI/2.0/oai_dc/" xmlns:xsi="http://www.w3.org/2001/XMLSchema-instance" xsi:schemaLocation="http://www.openarchives.org/OAI/2.0/oai_dc/ http://www.openarchives.org/OAI/2.0/oai_dc.xsd">
  <dc:identifier>http://www.wikidata.org/entity/Q111147549</dc:identifier>
  <dc:identifier>doi:10.3390/D14020061</dc:identifier>
  <dc:title>Alien Invasive Plant Effect on Soil Fauna Is Habitat Dependent</dc:title>
  <dc:creator>De Almeida, Tania</dc:creator>
  <dc:creator>Forey, Estelle</dc:creator>
  <dc:creator>Chauvat, Matthieu</dc:creator>
  <dc:type>journal article</dc:type>
  <dc:date>2022-01-18</dc:date>
  <dc:subject>invasive plant</dc:subject>
  <dc:subject>biological invasion</dc:subject>
</oai_dc:dc>