<?xml version="1.0" encoding="UTF-8" standalone="yes"?>
<oai_dc:dc xmlns:dc="http://purl.org/dc/elements/1.1/" xmlns:oai_dc="http://www.openarchives.org/OAI/2.0/oai_dc/" xmlns:xsi="http://www.w3.org/2001/XMLSchema-instance" xsi:schemaLocation="http://www.openarchives.org/OAI/2.0/oai_dc/ http://www.openarchives.org/OAI/2.0/oai_dc.xsd">
  <dc:identifier>http://www.wikidata.org/entity/Q111147555</dc:identifier>
  <dc:identifier>doi:10.3390/W13182549</dc:identifier>
  <dc:title>Spoiled for Choice during Cold Season? Habitat Use and Potential Impacts of the Invasive Silurus glanis L. in a Deep, Large, and Oligotrophic Lake (Lake Maggiore, North Italy)</dc:title>
  <dc:creator>De Santis, Vanessa</dc:creator>
  <dc:type>journal article</dc:type>
  <dc:date>2021-09-22</dc:date>
  <dc:language>en</dc:language>
  <dc:subject>Wels catfish</dc:subject>
  <dc:subject>invasive species</dc:subject>
  <dc:subject>habitat use</dc:subject>
  <dc:subject>aquatic invasion</dc:subject>
  <dc:subject>biological invasion</dc:subject>
  <dc:subject>invasion impact</dc:subject>
</oai_dc:dc>