<?xml version="1.0" encoding="UTF-8" standalone="yes"?>
<oai_dc:dc xmlns:dc="http://purl.org/dc/elements/1.1/" xmlns:oai_dc="http://www.openarchives.org/OAI/2.0/oai_dc/" xmlns:xsi="http://www.w3.org/2001/XMLSchema-instance" xsi:schemaLocation="http://www.openarchives.org/OAI/2.0/oai_dc/ http://www.openarchives.org/OAI/2.0/oai_dc.xsd">
  <dc:identifier>http://www.wikidata.org/entity/Q111322858</dc:identifier>
  <dc:identifier>doi:10.3390/BIOLOGY10121320</dc:identifier>
  <dc:title>Risk Management Assessment Improves the Cost-Effectiveness of Invasive Species Prioritisation</dc:title>
  <dc:creator>Robertson, Peter A</dc:creator>
  <dc:creator>Mill, Aileen C</dc:creator>
  <dc:creator>Adriaens, Tim</dc:creator>
  <dc:creator>Moore, Niall</dc:creator>
  <dc:creator>Vanderhoeven, Sonia</dc:creator>
  <dc:creator>Essl, Franz</dc:creator>
  <dc:creator>Booy, Olaf</dc:creator>
  <dc:type>journal article</dc:type>
  <dc:date>2021-12-12</dc:date>
  <dc:language>en</dc:language>
  <dc:subject>invasive species</dc:subject>
  <dc:subject>invasive species management</dc:subject>
  <dc:subject>invasion management</dc:subject>
  <dc:description>International agreements commit nations to control or eradicate invasive alien species. The scale of this challenge exceeds available resources and so it is essential to prioritise the management of invasive alien species. Species prioritisation for management typically involves a hierarchy of processes that consider the likelihood and scale of impact (risk assessment) and the feasibility, costs and effectiveness of management (risk management). Risk assessment processes are widely used, risk management less so, but are a crucial component of resource decision making. To assess the cost-effectiveness of prioritisation, we considered 26 high-risk species considered for eradication from Great Britain (GB) with pre-existing risk assessment and risk management outputs. We extracted scores to reflect the overall risk to GB posed by the species, together with the estimated cost and the overall feasibility of eradication. We used these to consider the relative reduction in risk per unit cost when managing prioritised species based on different criteria. We showed that the cost-effectiveness of prioritisation within our sample using risk assessment scores alone, performed no better than a random ranking of the species. In contrast, prioritisation including management feasibility produced nearly two orders of magnitude improvement compared to random. We conclude that basing management actions on priorities based solely on risk assessment without considering management feasibility risks the inefficient use of limited resources. In this study, the cost-effectiveness of species prioritisation for action was greatly increased by the inclusion of risk management assessment.</dc:description>
</oai_dc:dc>