<?xml version="1.0" encoding="UTF-8" standalone="yes"?>
<oai_dc:dc xmlns:dc="http://purl.org/dc/elements/1.1/" xmlns:oai_dc="http://www.openarchives.org/OAI/2.0/oai_dc/" xmlns:xsi="http://www.w3.org/2001/XMLSchema-instance" xsi:schemaLocation="http://www.openarchives.org/OAI/2.0/oai_dc/ http://www.openarchives.org/OAI/2.0/oai_dc.xsd">
  <dc:identifier>http://www.wikidata.org/entity/Q113904664</dc:identifier>
  <dc:identifier>doi:10.1007/S10340-022-01559-4</dc:identifier>
  <dc:title>Prevalence and drivers of a tree-killing bark beetle, Ips typographus (Coleoptera, Scolytinae), in international invasion pathways into the USA</dc:title>
  <dc:creator>Ward, Samuel F</dc:creator>
  <dc:creator>Brockerhoff, Eckehard G.</dc:creator>
  <dc:creator>Turner, Rebecca M.</dc:creator>
  <dc:creator>Yamanaka, Takehiko</dc:creator>
  <dc:creator>Marini, Lorenzo</dc:creator>
  <dc:creator>Fei, Songlin</dc:creator>
  <dc:creator>Liebhold, Andrew M</dc:creator>
  <dc:type>journal article</dc:type>
  <dc:date>2022-09-02</dc:date>
  <dc:language>en</dc:language>
  <dc:rights>https://www.springer.com/tdm</dc:rights>
  <dc:subject>european spruce bark beetle</dc:subject>
  <dc:subject>invasion pathway</dc:subject>
  <dc:publisher>Springer Science and Business Media LLC</dc:publisher>
</oai_dc:dc>