<?xml version="1.0" encoding="UTF-8" standalone="yes"?>
<oai_dc:dc xmlns:dc="http://purl.org/dc/elements/1.1/" xmlns:oai_dc="http://www.openarchives.org/OAI/2.0/oai_dc/" xmlns:xsi="http://www.w3.org/2001/XMLSchema-instance" xsi:schemaLocation="http://www.openarchives.org/OAI/2.0/oai_dc/ http://www.openarchives.org/OAI/2.0/oai_dc.xsd">
  <dc:identifier>http://www.wikidata.org/entity/Q110663942</dc:identifier>
  <dc:identifier>doi:10.3897/NEOBIOTA.56.34261</dc:identifier>
  <dc:title>Emerging invasion threat of the liana Celastrus orbiculatus (Celastraceae) in Europe</dc:title>
  <dc:creator>Gudžinskas, Zigmantas</dc:creator>
  <dc:creator>Petrulaitis, Lukas</dc:creator>
  <dc:creator>Žalneravičius, Egidijus</dc:creator>
  <dc:type>journal article</dc:type>
  <dc:date>2020-04-10</dc:date>
  <dc:language>en</dc:language>
  <dc:subject>Celastrus orbiculatus</dc:subject>
  <dc:subject>invasive species</dc:subject>
  <dc:subject>Celastraceae</dc:subject>
</oai_dc:dc>