<?xml version="1.0" encoding="UTF-8" standalone="yes"?>
<oai_dc:dc xmlns:dc="http://purl.org/dc/elements/1.1/" xmlns:oai_dc="http://www.openarchives.org/OAI/2.0/oai_dc/" xmlns:xsi="http://www.w3.org/2001/XMLSchema-instance" xsi:schemaLocation="http://www.openarchives.org/OAI/2.0/oai_dc/ http://www.openarchives.org/OAI/2.0/oai_dc.xsd">
  <dc:identifier>http://www.wikidata.org/entity/Q108549762</dc:identifier>
  <dc:identifier>doi:10.3897/AFRINVERTEBR.62.62842</dc:identifier>
  <dc:title>Identity of parasitoid wasps (Hymenoptera, Braconidae and Eulophidae) reared from aquatic leaf-mining flies (Diptera, Ephydridae) on invasive Brazilian waterweed Egeria densa in South Africa</dc:title>
  <dc:creator>Noort, Simon</dc:creator>
  <dc:creator>Smith, Rosali</dc:creator>
  <dc:creator>Coetzee, Julie A.</dc:creator>
  <dc:type>journal article</dc:type>
  <dc:date>2021-03-09</dc:date>
  <dc:language>en</dc:language>
  <dc:subject>Hymenoptera</dc:subject>
  <dc:subject>aquatic invasion</dc:subject>
  <dc:subject>invasive species</dc:subject>
  <dc:subject>Egeria densa</dc:subject>
  <dc:subject>Diptera</dc:subject>
  <dc:subject>Eulophidae</dc:subject>
  <dc:subject>Braconidae</dc:subject>
  <dc:subject>Ephydridae</dc:subject>
  <dc:subject>invasive plant</dc:subject>
</oai_dc:dc>