<?xml version="1.0" encoding="UTF-8" standalone="yes"?>
<oai_dc:dc xmlns:dc="http://purl.org/dc/elements/1.1/" xmlns:oai_dc="http://www.openarchives.org/OAI/2.0/oai_dc/" xmlns:xsi="http://www.w3.org/2001/XMLSchema-instance" xsi:schemaLocation="http://www.openarchives.org/OAI/2.0/oai_dc/ http://www.openarchives.org/OAI/2.0/oai_dc.xsd">
  <dc:identifier>http://www.wikidata.org/entity/Q107461626</dc:identifier>
  <dc:identifier>doi:10.3897/NEOTROPICAL.16.E56427</dc:identifier>
  <dc:title>Invasive alien plants in Sergipe, north-eastern Brazil</dc:title>
  <dc:creator>Fabricante, Juliano Ricardo</dc:creator>
  <dc:creator>Araújo, Kelianne Carolina Targino</dc:creator>
  <dc:creator>Almeida, Thieres Santos</dc:creator>
  <dc:creator>Santos, João Paulo Bispo</dc:creator>
  <dc:creator>Reis, Daniel Oliveira</dc:creator>
  <dc:type>journal article</dc:type>
  <dc:date>2021-01-29</dc:date>
  <dc:subject>invasive species</dc:subject>
</oai_dc:dc>