<?xml version="1.0" encoding="UTF-8" standalone="yes"?>
<oai_dc:dc xmlns:dc="http://purl.org/dc/elements/1.1/" xmlns:oai_dc="http://www.openarchives.org/OAI/2.0/oai_dc/" xmlns:xsi="http://www.w3.org/2001/XMLSchema-instance" xsi:schemaLocation="http://www.openarchives.org/OAI/2.0/oai_dc/ http://www.openarchives.org/OAI/2.0/oai_dc.xsd">
  <dc:identifier>http://www.wikidata.org/entity/Q106606443</dc:identifier>
  <dc:identifier>doi:10.3897/NEOBIOTA.64.60050</dc:identifier>
  <dc:title>Urban host plant utilisation by the invasive Halyomorpha halys (Stål) (Hemiptera, Pentatomidae) in northern Utah</dc:title>
  <dc:creator>Holthouse, Mark Cody</dc:creator>
  <dc:creator>Spears, Lori R.</dc:creator>
  <dc:creator>Alston, Diane G.</dc:creator>
  <dc:type>journal article</dc:type>
  <dc:date>2021-01-28</dc:date>
  <dc:language>en</dc:language>
  <dc:subject>aquatic science</dc:subject>
  <dc:subject>brown marmorated stink bug</dc:subject>
  <dc:subject>invasive species</dc:subject>
  <dc:subject>Hemiptera</dc:subject>
  <dc:subject>Pentatomidae</dc:subject>
</oai_dc:dc>