<?xml version="1.0" encoding="UTF-8" standalone="yes"?>
<oai_dc:dc xmlns:dc="http://purl.org/dc/elements/1.1/" xmlns:oai_dc="http://www.openarchives.org/OAI/2.0/oai_dc/" xmlns:xsi="http://www.w3.org/2001/XMLSchema-instance" xsi:schemaLocation="http://www.openarchives.org/OAI/2.0/oai_dc/ http://www.openarchives.org/OAI/2.0/oai_dc.xsd">
  <dc:identifier>http://www.wikidata.org/entity/Q27317456</dc:identifier>
  <dc:identifier>doi:10.1371/JOURNAL.PPAT.1000322</dc:identifier>
  <dc:title>Functional analysis of the leading malaria vaccine candidate AMA-1 reveals an essential role for the cytoplasmic domain in the invasion process</dc:title>
  <dc:creator>Treeck, Moritz</dc:creator>
  <dc:creator>Zacherl, Sonja</dc:creator>
  <dc:creator>Herrmann, Susann</dc:creator>
  <dc:creator>Cabrera, Ana</dc:creator>
  <dc:creator>Kono, Maya</dc:creator>
  <dc:creator>Struck, Nicole S</dc:creator>
  <dc:creator>Engelberg, Klemens</dc:creator>
  <dc:creator>Haase, Silvia</dc:creator>
  <dc:creator>Frischknecht, Friedrich</dc:creator>
  <dc:creator>Miura, Kota</dc:creator>
  <dc:creator>Spielmann, Tobias</dc:creator>
  <dc:creator>Gilberger, Tim W</dc:creator>
  <dc:type>journal article</dc:type>
  <dc:date>2009-03</dc:date>
  <dc:language>en</dc:language>
  <dc:subject>malaria</dc:subject>
  <dc:subject>vaccine</dc:subject>
  <dc:subject>malaria vaccine</dc:subject>
  <dc:description>A key process in the lifecycle of the malaria parasite Plasmodium falciparum is the fast invasion of human erythrocytes. Entry into the host cell requires the apical membrane antigen 1 (AMA-1), a type I transmembrane protein located in the micronemes of the merozoite. Although AMA-1 is evolving into the leading blood-stage malaria vaccine candidate, its precise role in invasion is still unclear. We investigate AMA-1 function using live video microscopy in the absence and presence of an AMA-1 inhibitory peptide. This data reveals a crucial function of AMA-1 during the primary contact period upstream of the entry process at around the time of moving junction formation. We generate a Plasmodium falciparum cell line that expresses a functional GFP-tagged AMA-1. This allows the visualization of the dynamics of AMA-1 in live parasites. We functionally validate the ectopically expressed AMA-1 by establishing a complementation assay based on strain-specific inhibition. This method provides the basis for the functional analysis of essential genes that are refractory to any genetic manipulation. Using the complementation assay, we show that the cytoplasmic domain of AMA-1 is not required for correct trafficking and surface translocation but is essential for AMA-1 function. Although this function can be mimicked by the highly conserved cytoplasmic domains of P. vivax and P. berghei, the exchange with the heterologous domain of the microneme protein EBA-175 or the rhoptry protein Rh2b leads to a loss of function. We identify several residues in the cytoplasmic tail that are essential for AMA-1 function. We validate this data using additional transgenic parasite lines expressing AMA-1 mutants with TY1 epitopes. We show that the cytoplasmic domain of AMA-1 is phosphorylated. Mutational analysis suggests an important role for the phosphorylation in the invasion process, which might translate into novel therapeutic strategies.</dc:description>
</oai_dc:dc>