<?xml version="1.0" encoding="UTF-8" standalone="yes"?>
<oai_dc:dc xmlns:dc="http://purl.org/dc/elements/1.1/" xmlns:oai_dc="http://www.openarchives.org/OAI/2.0/oai_dc/" xmlns:xsi="http://www.w3.org/2001/XMLSchema-instance" xsi:schemaLocation="http://www.openarchives.org/OAI/2.0/oai_dc/ http://www.openarchives.org/OAI/2.0/oai_dc.xsd">
  <dc:identifier>http://www.wikidata.org/entity/Q102386598</dc:identifier>
  <dc:identifier>https://www.ncbi.nlm.nih.gov/pmc/articles/PMC7700408</dc:identifier>
  <dc:identifier>doi:10.3390/INSECTS11110826</dc:identifier>
  <dc:title>Invasive Agricultural Pest Drosophila suzukii (Diptera, Drosophilidae) Appeared in the Russian Caucasus</dc:title>
  <dc:creator>O Bieńkowski, Andrzej</dc:creator>
  <dc:creator>Orlova-Bienkowskaja, Marina J.</dc:creator>
  <dc:type>journal article</dc:type>
  <dc:date>2020-11-23</dc:date>
  <dc:language>en</dc:language>
  <dc:subject>Drosophila suzukii</dc:subject>
  <dc:subject>invasive species</dc:subject>
  <dc:subject>Diptera</dc:subject>
  <dc:subject>Drosophilidae</dc:subject>
  <dc:description>Spotted-wing drosophila Drosophila suzukii (Matsumura) is one of the most important invasive pests of fruit and wine production worldwide. This species feeds on Prunus spp., Rubus spp., Fragaria spp. (Rosaceae), Vaccinium spp. (Ericaceae), Vitis spp. (Vitaceae), and other soft fruits. It causes significant damage because, unlike most other Drosophila species, it oviposits and feeds on healthy fruits. Drosophila suzukii is a quarantine pest that is included on the European and Mediterranean Plant Protection Organization (EPPO) A2 List. This species is native to East Asia and has been rapidly spreading through Europe since 2008. Herein, we report the first records of D. suzukii in European Russia. In 2017 and 2020, we placed baited traps in different districts of the resort city of Sochi (Black sea Coast of the Caucasus, Krasnodar Territory, Russia). Three specimens of D. suzukii were collected in June 2017, two specimens in September 2017, and 44 specimens in September 2020. Specimens were identified by the typical female ovipositor, spotted wings of the males, and other morphological characters. Krasnodar Territory is one of the main fruit-producing regions of Russia. Therefore, populations of this pest should be monitored and measures to minimize economic damage should be taken.</dc:description>
</oai_dc:dc>