<?xml version="1.0" encoding="UTF-8" standalone="yes"?>
<oai_dc:dc xmlns:dc="http://purl.org/dc/elements/1.1/" xmlns:oai_dc="http://www.openarchives.org/OAI/2.0/oai_dc/" xmlns:xsi="http://www.w3.org/2001/XMLSchema-instance" xsi:schemaLocation="http://www.openarchives.org/OAI/2.0/oai_dc/ http://www.openarchives.org/OAI/2.0/oai_dc.xsd">
  <dc:identifier>http://www.wikidata.org/entity/Q27304352</dc:identifier>
  <dc:identifier>https://www.ncbi.nlm.nih.gov/pmc/articles/PMC3796538</dc:identifier>
  <dc:identifier>doi:10.1371/JOURNAL.PONE.0077136</dc:identifier>
  <dc:title>Aspergillus fumigatus invasion increases with progressive airway ischemia</dc:title>
  <dc:creator>Hsu, Joe L</dc:creator>
  <dc:creator>Khan, Mohammad A</dc:creator>
  <dc:creator>Sobel, Raymond A</dc:creator>
  <dc:creator>Jiang, Xinguo</dc:creator>
  <dc:creator>Clemons, Karl V</dc:creator>
  <dc:creator>Nguyen, Tom T</dc:creator>
  <dc:creator>Stevens, David A</dc:creator>
  <dc:creator>Martinez, Marife</dc:creator>
  <dc:creator>Nicolls, Mark R</dc:creator>
  <dc:type>journal article</dc:type>
  <dc:date>2013</dc:date>
  <dc:language>en</dc:language>
  <dc:subject>Aspergillus fumigatus</dc:subject>
  <dc:subject>invasive species</dc:subject>
  <dc:subject>Joe Le Hsu</dc:subject>
  <dc:description>Despite the prevalence of Aspergillus-related disease in immune suppressed lung transplant patients, little is known of the host-pathogen interaction. Because of the mould's angiotropic nature and because of its capacity to thrive in hypoxic conditions, we hypothesized that the degree of Aspergillus invasion would increase with progressive rejection-mediated ischemia of the allograft. To study this relationship, we utilized a novel orthotopic tracheal transplant model of Aspergillus infection, in which it was possible to assess the effects of tissue hypoxia and ischemia on airway infectivity. Laser Doppler flowmetry and FITC-lectin were used to determine blood perfusion, and a fiber optic microsensor was used to measure airway tissue oxygen tension. Fungal burden and depth of invasion were graded using histopathology. We demonstrated a high efficacy (80%) for producing a localized fungal tracheal infection with the majority of infection occurring at the donor-recipient anastomosis; Aspergillus was more invasive in allogeneic compared to syngeneic groups. During the study period, the overall kinetics of both non-infected and infected allografts was similar, demonstrating a progressive loss of perfusion and oxygenation, which reached a nadir by days 10-12 post-transplantation. The extent of Aspergillus invasion directly correlated with the degree of graft hypoxia and ischemia. Compared to the midtrachea, the donor-recipient anastomotic site exhibited lower perfusion and more invasive disease; a finding consistent with clinical experience. For the first time, we identify ischemia as a putative risk factor for Aspergillus invasion. Therapeutic approaches focused on preserving vascular health may play an important role in limiting Aspergillus infections.</dc:description>
</oai_dc:dc>