<?xml version="1.0" encoding="UTF-8" standalone="yes"?>
<oai_dc:dc xmlns:dc="http://purl.org/dc/elements/1.1/" xmlns:oai_dc="http://www.openarchives.org/OAI/2.0/oai_dc/" xmlns:xsi="http://www.w3.org/2001/XMLSchema-instance" xsi:schemaLocation="http://www.openarchives.org/OAI/2.0/oai_dc/ http://www.openarchives.org/OAI/2.0/oai_dc.xsd">
  <dc:identifier>http://www.wikidata.org/entity/Q51146424</dc:identifier>
  <dc:identifier>doi:10.3897/NEOBIOTA.11.1349</dc:identifier>
  <dc:title>Ploidy levels and reproductive behaviour in invasive Hieracium pilosella in Patagonia</dc:title>
  <dc:creator>Krahulec, František</dc:creator>
  <dc:creator>Krahulcova, Anna</dc:creator>
  <dc:type>journal article</dc:type>
  <dc:date>2011-11-30</dc:date>
  <dc:language>en</dc:language>
  <dc:subject>aquatic science</dc:subject>
  <dc:subject>Hieracium pilosella</dc:subject>
  <dc:subject>invasive species</dc:subject>
</oai_dc:dc>