<?xml version="1.0" encoding="UTF-8" standalone="yes"?>
<oai_dc:dc xmlns:dc="http://purl.org/dc/elements/1.1/" xmlns:oai_dc="http://www.openarchives.org/OAI/2.0/oai_dc/" xmlns:xsi="http://www.w3.org/2001/XMLSchema-instance" xsi:schemaLocation="http://www.openarchives.org/OAI/2.0/oai_dc/ http://www.openarchives.org/OAI/2.0/oai_dc.xsd">
  <dc:identifier>http://www.wikidata.org/entity/Q111159185</dc:identifier>
  <dc:identifier>doi:10.1007/S10530-017-1506-1</dc:identifier>
  <dc:title>Stakeholders and social networks identify potential roles of communities in sustainable management of invasive species</dc:title>
  <dc:creator>Omondiagbe, Harriet A.</dc:creator>
  <dc:creator>Towns, David R.</dc:creator>
  <dc:creator>Wood, Jay K.</dc:creator>
  <dc:creator>Bollard-Breen, Barbara</dc:creator>
  <dc:type>journal article</dc:type>
  <dc:date>2017-07-20</dc:date>
  <dc:language>en</dc:language>
  <dc:subject>invasive species</dc:subject>
  <dc:subject>invasive species management</dc:subject>
  <dc:subject>invasion management</dc:subject>
  <dc:subject>sustainable management</dc:subject>
</oai_dc:dc>