<?xml version="1.0" encoding="UTF-8" standalone="yes"?>
<oai_dc:dc xmlns:dc="http://purl.org/dc/elements/1.1/" xmlns:oai_dc="http://www.openarchives.org/OAI/2.0/oai_dc/" xmlns:xsi="http://www.w3.org/2001/XMLSchema-instance" xsi:schemaLocation="http://www.openarchives.org/OAI/2.0/oai_dc/ http://www.openarchives.org/OAI/2.0/oai_dc.xsd">
  <dc:identifier>http://www.wikidata.org/entity/Q97432298</dc:identifier>
  <dc:identifier>doi:10.1590/0037-8682-0401-2020</dc:identifier>
  <dc:title>Confirmed Invasive Pulmonary Aspergillosis and COVID-19: the value of postmortem findings to support antemortem management</dc:title>
  <dc:creator>Santana, Monique Freire</dc:creator>
  <dc:creator>Pivoto, Guilherme</dc:creator>
  <dc:creator>Alexandre, Márcia A Araujo</dc:creator>
  <dc:creator>Baía-da-Silva, Djane Clarys</dc:creator>
  <dc:creator>Silva Borba, Mayla Gabriela</dc:creator>
  <dc:creator>Val, Fernando Almeida</dc:creator>
  <dc:creator>Brito-Sousa, Jose Diego</dc:creator>
  <dc:creator>Melo, Gisely Cardoso</dc:creator>
  <dc:creator>Monteiro, Wuelton Marcelo</dc:creator>
  <dc:creator>Souza, João Vicente Braga</dc:creator>
  <dc:creator>Pinheiro, Silviane Bezerra</dc:creator>
  <dc:creator>Ferreira, Luiz Carlos Lima</dc:creator>
  <dc:creator>Naveca, Felipe Gomes</dc:creator>
  <dc:creator>Nascimento, Valdinete Alves</dc:creator>
  <dc:creator>Corado, André Lima Guerra</dc:creator>
  <dc:creator>Hajjar, Ludhmila Abrahão</dc:creator>
  <dc:creator>Neto, João Ricardo Silva</dc:creator>
  <dc:creator>Siva, George Alan Villarouco</dc:creator>
  <dc:creator>Pasqualotto, Alessandro C</dc:creator>
  <dc:creator>Lacerda, Marcus Vinícius Guimarães</dc:creator>
  <dc:type>journal article</dc:type>
  <dc:date>2020-07-03</dc:date>
  <dc:language>en</dc:language>
  <dc:subject>COVID-19</dc:subject>
  <dc:subject>invasive pulmonary aspergillosis</dc:subject>
  <dc:subject>invasion management</dc:subject>
  <dc:description>We present postmortem evidence of invasive pulmonary aspergillosis (IPA) in a patient with severe COVID-19. Autopsies of COVID-19 confirmed cases were performed. The patient died despite antimicrobials, mechanical ventilation, and vasopressor support. Histopathology and peripheral blood galactomannan antigen testing confirmed IPA. Aspergillus penicillioides infection was confirmed by nucleotide sequencing and BLAST analysis. Further reports are needed to assess the occurrence and frequency of IPA in SARS-CoV-2 infections, and how they interact clinically.</dc:description>
</oai_dc:dc>