<?xml version="1.0" encoding="UTF-8" standalone="yes"?>
<oai_dc:dc xmlns:dc="http://purl.org/dc/elements/1.1/" xmlns:oai_dc="http://www.openarchives.org/OAI/2.0/oai_dc/" xmlns:xsi="http://www.w3.org/2001/XMLSchema-instance" xsi:schemaLocation="http://www.openarchives.org/OAI/2.0/oai_dc/ http://www.openarchives.org/OAI/2.0/oai_dc.xsd">
  <dc:identifier>http://www.wikidata.org/entity/Q110530365</dc:identifier>
  <dc:identifier>doi:10.3389/FEVO.2021.631214</dc:identifier>
  <dc:title>Non-indigenous and Invasive Freshwater Species on the Atlantic Islands of the Azores Archipelago</dc:title>
  <dc:creator>Costa, Ana C.</dc:creator>
  <dc:creator>Balibrea, Ana</dc:creator>
  <dc:creator>Raposeiro, Pedro M.</dc:creator>
  <dc:creator>Santos, Sofia</dc:creator>
  <dc:creator>Souto, Martin</dc:creator>
  <dc:creator>Gonçalves, Vítor</dc:creator>
  <dc:type>journal article</dc:type>
  <dc:date>2021-04-13</dc:date>
  <dc:language>en</dc:language>
  <dc:subject>aquatic invasion</dc:subject>
</oai_dc:dc>