<?xml version="1.0" encoding="UTF-8" standalone="yes"?>
<oai_dc:dc xmlns:dc="http://purl.org/dc/elements/1.1/" xmlns:oai_dc="http://www.openarchives.org/OAI/2.0/oai_dc/" xmlns:xsi="http://www.w3.org/2001/XMLSchema-instance" xsi:schemaLocation="http://www.openarchives.org/OAI/2.0/oai_dc/ http://www.openarchives.org/OAI/2.0/oai_dc.xsd">
  <dc:identifier>http://www.wikidata.org/entity/Q33318546</dc:identifier>
  <dc:identifier>https://www.ncbi.nlm.nih.gov/pmc/articles/PMC2225436</dc:identifier>
  <dc:identifier>doi:10.1371/JOURNAL.PBIO.0060028</dc:identifier>
  <dc:title>Fish invasions in the world's river systems: when natural processes are blurred by human activities</dc:title>
  <dc:creator>Leprieur, Fabien</dc:creator>
  <dc:creator>Beauchard, Olivier</dc:creator>
  <dc:creator>Blanchet, Simon</dc:creator>
  <dc:creator>Oberdorff, Thierry</dc:creator>
  <dc:creator>Brosse, Sébastien</dc:creator>
  <dc:type>journal article</dc:type>
  <dc:date>2008-02-01</dc:date>
  <dc:language>en</dc:language>
  <dc:subject>hypothesis:propagule pressure hypothesis</dc:subject>
  <dc:subject>hypothesis:wikidata.org/entity/Q110620464</dc:subject>
  <dc:subject>hypothesis:disturbance hypothesis</dc:subject>
  <dc:subject>hypothesis:wikidata.org/entity/Q115794757</dc:subject>
  <dc:subject>hypothesis:biotic resistance hypothesis</dc:subject>
  <dc:subject>hypothesis:wikidata.org/entity/Q108374968</dc:subject>
  <dc:subject>fish</dc:subject>
  <dc:subject>aquatic invasion</dc:subject>
  <dc:subject>invasive species</dc:subject>
  <dc:subject>drainage system</dc:subject>
  <dc:subject>fish invasion</dc:subject>
  <dc:description>Because species invasions are a principal driver of the human-induced biodiversity crisis, the identification of the major determinants of global invasions is a prerequisite for adopting sound conservation policies. Three major hypotheses, which are not necessarily mutually exclusive, have been proposed to explain the establishment of non-native species: the "human activity" hypothesis, which argues that human activities facilitate the establishment of non-native species by disturbing natural landscapes and by increasing propagule pressure; the "biotic resistance" hypothesis, predicting that species-rich communities will readily impede the establishment of non-native species; and the "biotic acceptance" hypothesis, predicting that environmentally suitable habitats for native species are also suitable for non-native species. We tested these hypotheses and report here a global map of fish invasions (i.e., the number of non-native fish species established per river basin) using an original worldwide dataset of freshwater fish occurrences, environmental variables, and human activity indicators for 1,055 river basins covering more than 80% of Earth's surface. First, we identified six major invasion hotspots where non-native species represent more than a quarter of the total number of species. According to the World Conservation Union, these areas are also characterised by the highest proportion of threatened fish species. Second, we show that the human activity indicators account for most of the global variation in non-native species richness, which is highly consistent with the "human activity" hypothesis. In contrast, our results do not provide support for either the "biotic acceptance" or the "biotic resistance" hypothesis. We show that the biogeography of fish invasions matches the geography of human impact at the global scale, which means that natural processes are blurred by human activities in driving fish invasions in the world's river systems. In view of our findings, we fear massive invasions in developing countries with a growing economy as already experienced in developed countries. Anticipating such potential biodiversity threats should therefore be a priority.</dc:description>
</oai_dc:dc>