<?xml version="1.0" encoding="UTF-8" standalone="yes"?>
<oai_dc:dc xmlns:dc="http://purl.org/dc/elements/1.1/" xmlns:oai_dc="http://www.openarchives.org/OAI/2.0/oai_dc/" xmlns:xsi="http://www.w3.org/2001/XMLSchema-instance" xsi:schemaLocation="http://www.openarchives.org/OAI/2.0/oai_dc/ http://www.openarchives.org/OAI/2.0/oai_dc.xsd">
  <dc:identifier>http://www.wikidata.org/entity/Q56782255</dc:identifier>
  <dc:identifier>doi:10.1111/J.1365-2664.2005.01105.X</dc:identifier>
  <dc:title>Evaluating the impact of a biological control agentCarmenta mimosaon the woody wetland weedMimosa pigrain Australia</dc:title>
  <dc:creator>PAYNTER, QUENTIN</dc:creator>
  <dc:type>journal article</dc:type>
  <dc:date>2005-11-23</dc:date>
  <dc:language>en</dc:language>
  <dc:subject>Australia</dc:subject>
  <dc:subject>invasion impact</dc:subject>
</oai_dc:dc>