<?xml version="1.0" encoding="UTF-8" standalone="yes"?>
<oai_dc:dc xmlns:dc="http://purl.org/dc/elements/1.1/" xmlns:oai_dc="http://www.openarchives.org/OAI/2.0/oai_dc/" xmlns:xsi="http://www.w3.org/2001/XMLSchema-instance" xsi:schemaLocation="http://www.openarchives.org/OAI/2.0/oai_dc/ http://www.openarchives.org/OAI/2.0/oai_dc.xsd">
  <dc:identifier>http://www.wikidata.org/entity/Q106606442</dc:identifier>
  <dc:identifier>doi:10.3897/NEOBIOTA.64.60004</dc:identifier>
  <dc:title>Predicting terrestrial dispersal corridors of the invasive African clawed frog Xenopus laevis in Portugal</dc:title>
  <dc:creator>Ginal, Philipp</dc:creator>
  <dc:creator>Moreira, Francisco D.</dc:creator>
  <dc:creator>Marques, Raquel</dc:creator>
  <dc:creator>Rebelo, Rui</dc:creator>
  <dc:creator>Rödder, Dennis</dc:creator>
  <dc:type>journal article</dc:type>
  <dc:date>2021-01-28</dc:date>
  <dc:language>en</dc:language>
  <dc:subject>aquatic science</dc:subject>
  <dc:subject>African clawed frog</dc:subject>
  <dc:subject>invasive species</dc:subject>
</oai_dc:dc>