<?xml version="1.0" encoding="UTF-8" standalone="yes"?>
<oai_dc:dc xmlns:dc="http://purl.org/dc/elements/1.1/" xmlns:oai_dc="http://www.openarchives.org/OAI/2.0/oai_dc/" xmlns:xsi="http://www.w3.org/2001/XMLSchema-instance" xsi:schemaLocation="http://www.openarchives.org/OAI/2.0/oai_dc/ http://www.openarchives.org/OAI/2.0/oai_dc.xsd">
  <dc:identifier>http://www.wikidata.org/entity/Q111159508</dc:identifier>
  <dc:identifier>doi:10.1007/S10530-018-1800-6</dc:identifier>
  <dc:title>Impact of invasive grasses on Cerrado under natural regeneration</dc:title>
  <dc:creator>Damasceno, Gabriella</dc:creator>
  <dc:creator>Souza, Lara</dc:creator>
  <dc:creator>Pivello, Vânia Regina</dc:creator>
  <dc:creator>Gorgone-Barbosa, Elizabeth</dc:creator>
  <dc:creator>Giroldo, Paula Z.</dc:creator>
  <dc:creator>Fidelis, Alessandra Tomaselli</dc:creator>
  <dc:type>journal article</dc:type>
  <dc:date>2018-07-28</dc:date>
  <dc:subject>invasive grass</dc:subject>
  <dc:subject>invasion impact</dc:subject>
</oai_dc:dc>