<?xml version="1.0" encoding="UTF-8" standalone="yes"?>
<oai_dc:dc xmlns:dc="http://purl.org/dc/elements/1.1/" xmlns:oai_dc="http://www.openarchives.org/OAI/2.0/oai_dc/" xmlns:xsi="http://www.w3.org/2001/XMLSchema-instance" xsi:schemaLocation="http://www.openarchives.org/OAI/2.0/oai_dc/ http://www.openarchives.org/OAI/2.0/oai_dc.xsd">
  <dc:identifier>http://www.wikidata.org/entity/Q64923938</dc:identifier>
  <dc:identifier>https://www.ncbi.nlm.nih.gov/pmc/articles/PMC6534307</dc:identifier>
  <dc:identifier>doi:10.1371/JOURNAL.PONE.0210849</dc:identifier>
  <dc:title>Maintaining close canopy cover prevents the invasion of Pinus radiata: Basic ecology to manage native forest invasibility</dc:title>
  <dc:creator>Gómez, Persy</dc:creator>
  <dc:creator>Murúa, Maureen</dc:creator>
  <dc:creator>Martín, José San</dc:creator>
  <dc:creator>Goncalves, Estefany</dc:creator>
  <dc:creator>O Bustamante, Ramiro</dc:creator>
  <dc:type>journal article</dc:type>
  <dc:date>2019-05-24</dc:date>
  <dc:language>en</dc:language>
  <dc:subject>forest canopy ecology</dc:subject>
  <dc:subject>Pinus radiata</dc:subject>
  <dc:subject>invasion biology</dc:subject>
  <dc:subject>invasive species</dc:subject>
  <dc:subject>invasibility</dc:subject>
  <dc:subject>canopy cover</dc:subject>
  <dc:subject>invasion management</dc:subject>
  <dc:description>Pine invasion is a global threat that is occurring in native forests of diverse regions of the world. This process is arising in a scenario of rapid forest deforestation and degradation. Therefore, elucidate which forests attributes explain invasibility is a central issue in forest ecology. The Coastal Maulino forest is an endemic forest of central Chile, which has suffered a large history of disturbance, being replaced by large extensions of Pinus radiata plantations. This land transformation conveys high rates of pines invasion into native remnants. In this study we examined to what extent structural features of forest patches explains invasibility of this forest-type. Within eight forest fragments, we sampled 162 plots (10 x 10 m2 each). We quantified seedling pine density and related these estimates with tree cover, litter depth, PAR radiation, and diversity of the resident community. Our results indicate that canopy cover was the most important variable to determine seedling pine density within forest fragments. Our investigation highlights the importance to conserve the forests cover to reduce significantly their invasibility. This action can be effective even if we cannot avoid pine plantations in the region as a source of a massive seed dispersal to forests with well conserved canopy.</dc:description>
</oai_dc:dc>