<?xml version="1.0" encoding="UTF-8" standalone="yes"?>
<oai_dc:dc xmlns:dc="http://purl.org/dc/elements/1.1/" xmlns:oai_dc="http://www.openarchives.org/OAI/2.0/oai_dc/" xmlns:xsi="http://www.w3.org/2001/XMLSchema-instance" xsi:schemaLocation="http://www.openarchives.org/OAI/2.0/oai_dc/ http://www.openarchives.org/OAI/2.0/oai_dc.xsd">
  <dc:identifier>http://www.wikidata.org/entity/Q57023055</dc:identifier>
  <dc:identifier>doi:10.1658/1100-9233(2007)18[281:FATISO]2.0.CO;2</dc:identifier>
  <dc:title>Factors affecting the invasion success of Senecio inaequidens and S. pterophorus in Mediterranean plant communities</dc:title>
  <dc:creator>Caño, L.</dc:creator>
  <dc:creator>Escarré, J.</dc:creator>
  <dc:creator>Sans, F.X.</dc:creator>
  <dc:type>journal article</dc:type>
  <dc:date>2007</dc:date>
  <dc:language>en</dc:language>
  <dc:subject>invasion success</dc:subject>
  <dc:subject>Senecio inaequidens</dc:subject>
  <dc:subject>invasive species</dc:subject>
</oai_dc:dc>