<?xml version="1.0" encoding="UTF-8" standalone="yes"?>
<oai_dc:dc xmlns:dc="http://purl.org/dc/elements/1.1/" xmlns:oai_dc="http://www.openarchives.org/OAI/2.0/oai_dc/" xmlns:xsi="http://www.w3.org/2001/XMLSchema-instance" xsi:schemaLocation="http://www.openarchives.org/OAI/2.0/oai_dc/ http://www.openarchives.org/OAI/2.0/oai_dc.xsd">
  <dc:identifier>http://www.wikidata.org/entity/Q56350414</dc:identifier>
  <dc:identifier>doi:10.3897/JHR.57.12517</dc:identifier>
  <dc:title>First record of Aphidius ericaphidis (Hymenoptera, Braconidae) in Europe: North American hitchhiker or overlooked Holarctic citizen?</dc:title>
  <dc:creator>Petrović, Andjeljko</dc:creator>
  <dc:creator>Čkrkić, Jelisaveta</dc:creator>
  <dc:creator>Jamhour, Aiman</dc:creator>
  <dc:creator>Petrović-Obradović, Olivera</dc:creator>
  <dc:creator>Mitrović, Milana</dc:creator>
  <dc:creator>Starý, Petr</dc:creator>
  <dc:creator>Nedstam, Barbro</dc:creator>
  <dc:creator>Tomanović, Željko</dc:creator>
  <dc:type>journal article</dc:type>
  <dc:date>2017-03-30</dc:date>
  <dc:language>en</dc:language>
  <dc:subject>oversight</dc:subject>
  <dc:subject>Hymenoptera</dc:subject>
  <dc:subject>Braconidae</dc:subject>
  <dc:subject>Aphidius ericaphidis</dc:subject>
</oai_dc:dc>