<?xml version="1.0" encoding="UTF-8" standalone="yes"?>
<oai_dc:dc xmlns:dc="http://purl.org/dc/elements/1.1/" xmlns:oai_dc="http://www.openarchives.org/OAI/2.0/oai_dc/" xmlns:xsi="http://www.w3.org/2001/XMLSchema-instance" xsi:schemaLocation="http://www.openarchives.org/OAI/2.0/oai_dc/ http://www.openarchives.org/OAI/2.0/oai_dc.xsd">
  <dc:identifier>http://www.wikidata.org/entity/Q100436224</dc:identifier>
  <dc:identifier>https://www.ncbi.nlm.nih.gov/pmc/articles/PMC7503347</dc:identifier>
  <dc:identifier>doi:10.3389/FPLS.2020.556039</dc:identifier>
  <dc:title>Genetic Diversity of Invasive Spartina alterniflora Loisel. (Poaceae) Introduced Unintentionally Into Japan and Its Invasion Pathway</dc:title>
  <dc:creator>Maebara, Yu</dc:creator>
  <dc:creator>Tamaoki, Masanori</dc:creator>
  <dc:creator>Iguchi, Yuka</dc:creator>
  <dc:creator>Nakahama, Naoyuki</dc:creator>
  <dc:creator>Hanai, Takaaki</dc:creator>
  <dc:creator>Nishino, Atsushi</dc:creator>
  <dc:creator>Hayasaka, Daisuke</dc:creator>
  <dc:type>journal article</dc:type>
  <dc:date>2020-09-07</dc:date>
  <dc:language>en</dc:language>
  <dc:subject>invasion biology</dc:subject>
  <dc:subject>Spartina alterniflora</dc:subject>
  <dc:subject>invasive species</dc:subject>
  <dc:subject>invasion genetics</dc:subject>
  <dc:subject>invasion pathway</dc:subject>
  <dc:subject>genetic diversity</dc:subject>
  <dc:subject>Poaceae</dc:subject>
  <dc:description>Among invasive species, aquatic plants pose serious threats to local biodiversity and ecosystem functions. &lt;i&gt;Spartina alterniflora&lt;/i&gt; Loisel. (Poaceae), native to the eastern United States, was introduced unintentionally into Japan (Aichi and Kumamoto Prefectures) at around 2010. This invasive species could easily and rapidly spread to estuarine areas of Japan &lt;i&gt;via&lt;/i&gt; vigorous trade and transport, making the prediction of its future invasion necessary. Here, the distribution and structure of the genetic variation of &lt;i&gt;S. alterniflora&lt;/i&gt; in Japan were examined using chloroplast DNA (cpDNA) and microsatellite genotyping analyses for clarifying its invasion route and process. According to the cpDNA analysis, &lt;i&gt;S. alterniflora&lt;/i&gt; populations in Japan had a single haplotype (haplotype C4) that is the most dominant genotype around the Florida Peninsula, the region of its origin, and is also widely found in the introduced populations in the East Asia. Microsatellite analysis also showed a loss of genetic diversity in Japanese &lt;i&gt;S. alterniflora&lt;/i&gt; populations (allelic richness (&lt;i&gt;A&lt;/i&gt; &lt;sub&gt;R&lt;/sub&gt;) = 1.20-1.39) compared with that in its native region (&lt;i&gt;A&lt;/i&gt; &lt;sub&gt;R&lt;/sub&gt; = 4.58-4.59), suggesting a founder effect on &lt;i&gt;S. alterniflora&lt;/i&gt; that might have occurred after invasion of the species into Japan. The principal coordinate analysis and The STRUCTURE analysis indicated that no gene mixing among Japanese local populations (Aichi, northern and southern Kumamoto) was observed, indicating that &lt;i&gt;Spartina&lt;/i&gt; invasion occurred independently into these regions. Among the three regions, trading between the ports of northern Kumamoto and the U.S. was obviously lower than trading with China. We concluded that invasive &lt;i&gt;S. alterniflora&lt;/i&gt; might have independently invaded Japan at different times through an East Asia route, particularly &lt;i&gt;via&lt;/i&gt; China (i.e., secondary introduction). Therefore, it is important to strengthen the quarantine control on the importation of commodities, especially of transport vehicles at potential donor spots (i.e., border control/border biosecurity system), and to share information networks on invasive species between each region/port for minimizing further risks of biological species such as &lt;i&gt;Spartina&lt;/i&gt;.</dc:description>
</oai_dc:dc>