<?xml version="1.0" encoding="UTF-8" standalone="yes"?>
<oai_dc:dc xmlns:dc="http://purl.org/dc/elements/1.1/" xmlns:oai_dc="http://www.openarchives.org/OAI/2.0/oai_dc/" xmlns:xsi="http://www.w3.org/2001/XMLSchema-instance" xsi:schemaLocation="http://www.openarchives.org/OAI/2.0/oai_dc/ http://www.openarchives.org/OAI/2.0/oai_dc.xsd">
  <dc:identifier>http://www.wikidata.org/entity/Q56458370</dc:identifier>
  <dc:identifier>doi:10.1016/J.FLORA.2014.06.010</dc:identifier>
  <dc:title>Early recovery signs of an Australian grassland following the management of Parthenium hysterophorus L</dc:title>
  <dc:creator>Belgeri, Amalia</dc:creator>
  <dc:creator>Navie, Sheldon C.</dc:creator>
  <dc:creator>Vivian-Smith, Gabrielle</dc:creator>
  <dc:creator>Adkins, Steve W.</dc:creator>
  <dc:type>journal article</dc:type>
  <dc:date>2014-10</dc:date>
  <dc:language>en</dc:language>
  <dc:rights>https://www.elsevier.com/tdm/userlicense/1.0/</dc:rights>
  <dc:subject>grassland</dc:subject>
  <dc:subject>Parthenium hysterophorus</dc:subject>
  <dc:subject>invasion management</dc:subject>
  <dc:publisher>Elsevier BV</dc:publisher>
</oai_dc:dc>