<?xml version="1.0" encoding="UTF-8" standalone="yes"?>
<oai_dc:dc xmlns:dc="http://purl.org/dc/elements/1.1/" xmlns:oai_dc="http://www.openarchives.org/OAI/2.0/oai_dc/" xmlns:xsi="http://www.w3.org/2001/XMLSchema-instance" xsi:schemaLocation="http://www.openarchives.org/OAI/2.0/oai_dc/ http://www.openarchives.org/OAI/2.0/oai_dc.xsd">
  <dc:identifier>http://www.wikidata.org/entity/Q56502024</dc:identifier>
  <dc:identifier>doi:10.1111/J.1600-0587.2012.07758.X</dc:identifier>
  <dc:title>Ecophysiological plasticity and local differentiation help explain the invasion success ofTaraxacum officinale(dandelion) in South America</dc:title>
  <dc:creator>Molina-Montenegro, Marco A.</dc:creator>
  <dc:creator>Palma-Rojas, Claudio</dc:creator>
  <dc:creator>Alcayaga-Olivares, Yulinka</dc:creator>
  <dc:creator>Oses, Rómulo</dc:creator>
  <dc:creator>Corcuera, Luis J.</dc:creator>
  <dc:creator>Cavieres, Lohengrin A.</dc:creator>
  <dc:creator>Gianoli, Ernesto</dc:creator>
  <dc:type>journal article</dc:type>
  <dc:date>2012-12-10</dc:date>
  <dc:language>en</dc:language>
  <dc:subject>invasion success</dc:subject>
  <dc:subject>ecophysiology</dc:subject>
</oai_dc:dc>