<?xml version="1.0" encoding="UTF-8" standalone="yes"?>
<oai_dc:dc xmlns:dc="http://purl.org/dc/elements/1.1/" xmlns:oai_dc="http://www.openarchives.org/OAI/2.0/oai_dc/" xmlns:xsi="http://www.w3.org/2001/XMLSchema-instance" xsi:schemaLocation="http://www.openarchives.org/OAI/2.0/oai_dc/ http://www.openarchives.org/OAI/2.0/oai_dc.xsd">
  <dc:identifier>http://www.wikidata.org/entity/Q110531292</dc:identifier>
  <dc:identifier>doi:10.1051/KMAE/2020018</dc:identifier>
  <dc:title>Population dynamics and feeding ecology of the invasive Caucasian dwarf goby, Knipowitschia caucasica, in a freshwater habitat in Ukraine</dc:title>
  <dc:creator>Didenko, Alexander</dc:creator>
  <dc:creator>Buzevych, Igor</dc:creator>
  <dc:creator>Volikov, Yuriy</dc:creator>
  <dc:creator>Kruzhylina, Svitlana</dc:creator>
  <dc:creator>Gurbyk, Alexander</dc:creator>
  <dc:type>journal article</dc:type>
  <dc:date>2020</dc:date>
  <dc:language>en</dc:language>
  <dc:subject>aquatic invasion</dc:subject>
  <dc:subject>Ukraine</dc:subject>
  <dc:subject>Caucasian dwarf goby</dc:subject>
  <dc:subject>invasive species</dc:subject>
  <dc:subject>population dynamics</dc:subject>
  <dc:subject>freshwater ecology</dc:subject>
  <dc:subject>biological invasion</dc:subject>
</oai_dc:dc>