<?xml version="1.0" encoding="UTF-8" standalone="yes"?>
<oai_dc:dc xmlns:dc="http://purl.org/dc/elements/1.1/" xmlns:oai_dc="http://www.openarchives.org/OAI/2.0/oai_dc/" xmlns:xsi="http://www.w3.org/2001/XMLSchema-instance" xsi:schemaLocation="http://www.openarchives.org/OAI/2.0/oai_dc/ http://www.openarchives.org/OAI/2.0/oai_dc.xsd">
  <dc:identifier>http://www.wikidata.org/entity/Q56400235</dc:identifier>
  <dc:identifier>doi:10.1007/S10530-016-1097-2</dc:identifier>
  <dc:title>The impacts of a toxic invasive prey species (the cane toad, Rhinella marina) on a vulnerable predator (the lace monitor, Varanus varius)</dc:title>
  <dc:creator>Jolly, Christopher J.</dc:creator>
  <dc:creator>Shine, Richard</dc:creator>
  <dc:creator>Greenlees, Matthew J.</dc:creator>
  <dc:type>journal article</dc:type>
  <dc:date>2016-03-10</dc:date>
  <dc:language>en</dc:language>
  <dc:subject>invasive species</dc:subject>
  <dc:subject>predator–prey system</dc:subject>
  <dc:subject>Rhinella marina</dc:subject>
  <dc:subject>invasive prey</dc:subject>
  <dc:subject>Varanus varius</dc:subject>
  <dc:subject>invasion impact</dc:subject>
</oai_dc:dc>