<?xml version="1.0" encoding="UTF-8" standalone="yes"?>
<oai_dc:dc xmlns:dc="http://purl.org/dc/elements/1.1/" xmlns:oai_dc="http://www.openarchives.org/OAI/2.0/oai_dc/" xmlns:xsi="http://www.w3.org/2001/XMLSchema-instance" xsi:schemaLocation="http://www.openarchives.org/OAI/2.0/oai_dc/ http://www.openarchives.org/OAI/2.0/oai_dc.xsd">
  <dc:identifier>http://www.wikidata.org/entity/Q34517809</dc:identifier>
  <dc:identifier>doi:10.1111/NPH.12071</dc:identifier>
  <dc:title>The evolution of increased competitive ability, innate competitive advantages, and novel biochemical weapons act in concert for a tropical invader</dc:title>
  <dc:creator>Qin, Rui-Min</dc:creator>
  <dc:creator>Zheng, Yu-Long</dc:creator>
  <dc:creator>Valiente-Banuet, Alfonso</dc:creator>
  <dc:creator>Callaway, Ragan M</dc:creator>
  <dc:creator>Barclay, Gregor F</dc:creator>
  <dc:creator>Pereyra, Carlos Silva</dc:creator>
  <dc:creator>Feng, Yu-Long</dc:creator>
  <dc:type>journal article</dc:type>
  <dc:date>2012-12-17</dc:date>
  <dc:language>en</dc:language>
  <dc:subject>hypothesis:novel weapons hypothesis</dc:subject>
  <dc:subject>hypothesis:wikidata.org/entity/Q109996900</dc:subject>
  <dc:subject>competitive ability</dc:subject>
  <dc:description>There are many non-mutually exclusive mechanisms for exotic invasions but few studies have concurrently tested more than one hypothesis for the same species. Here, we tested the evolution of increased competitive ability (EICA) hypothesis in two common garden experiments in which Chromolaena odorata plants originating from native and nonnative ranges were grown in competition with natives from each range, and the novel weapons hypothesis in laboratory experiments with leachates from C. odorata. Compared with conspecifics originating from the native range, C. odorata plants from the nonnative range were stronger competitors at high nutrient concentrations in the nonnative range in China and experienced far more herbivore damage in the native range in Mexico. In both China and Mexico, C. odorata was more suppressed by species native to Mexico than by species native to China. Species native to China were much more inhibited by leaf extracts from C. odorata than species from Mexico, and this difference in allelopathic effects may provide a possible explanation for the biogeographic differences in competitive ability. Our results indicate that EICA, innate competitive advantages, and novel biochemical weapons may act in concert to promote invasion by C. odorata, and emphasize the importance of exploring multiple, non-mutually exclusive mechanisms for invasions.</dc:description>
</oai_dc:dc>