<?xml version="1.0" encoding="UTF-8" standalone="yes"?>
<oai_dc:dc xmlns:dc="http://purl.org/dc/elements/1.1/" xmlns:oai_dc="http://www.openarchives.org/OAI/2.0/oai_dc/" xmlns:xsi="http://www.w3.org/2001/XMLSchema-instance" xsi:schemaLocation="http://www.openarchives.org/OAI/2.0/oai_dc/ http://www.openarchives.org/OAI/2.0/oai_dc.xsd">
  <dc:identifier>http://www.wikidata.org/entity/Q56441374</dc:identifier>
  <dc:identifier>doi:10.5586/ASBP.2015.008</dc:identifier>
  <dc:title>The influence of invasive Fallopia taxa on resident plant species in two river valleys (southern Poland)</dc:title>
  <dc:creator>Chmura, Damian</dc:creator>
  <dc:creator>Tokarska-Guzik, Barbara</dc:creator>
  <dc:creator>Nowak, Teresa</dc:creator>
  <dc:creator>Woźniak, Gabriela</dc:creator>
  <dc:creator>Bzdęga, Katarzyna</dc:creator>
  <dc:creator>Koszela, Katarzyna</dc:creator>
  <dc:creator>Gancarek, Małgorzata</dc:creator>
  <dc:type>journal article</dc:type>
  <dc:date>2015</dc:date>
  <dc:language>en</dc:language>
  <dc:subject>invasive species</dc:subject>
  <dc:subject>Poland</dc:subject>
  <dc:subject>aquatic invasion</dc:subject>
</oai_dc:dc>