<?xml version="1.0" encoding="UTF-8" standalone="yes"?>
<oai_dc:dc xmlns:dc="http://purl.org/dc/elements/1.1/" xmlns:oai_dc="http://www.openarchives.org/OAI/2.0/oai_dc/" xmlns:xsi="http://www.w3.org/2001/XMLSchema-instance" xsi:schemaLocation="http://www.openarchives.org/OAI/2.0/oai_dc/ http://www.openarchives.org/OAI/2.0/oai_dc.xsd">
  <dc:identifier>http://www.wikidata.org/entity/Q59402256</dc:identifier>
  <dc:identifier>doi:10.1186/S13717-015-0034-0</dc:identifier>
  <dc:title>A cross-city molecular biogeographic investigation of arbuscular mycorrhizas in Conyza canadensis rhizosphere across native and non-native regions</dc:title>
  <dc:creator>Shah, Manzoor A</dc:creator>
  <dc:creator>Beaulieu, Marie-Eve</dc:creator>
  <dc:creator>Reshi, Zafar A</dc:creator>
  <dc:creator>Qureshi, Salman</dc:creator>
  <dc:creator>Khasa, Damase P</dc:creator>
  <dc:type>journal article</dc:type>
  <dc:date>2015-03-17</dc:date>
  <dc:language>en</dc:language>
  <dc:subject>biogeography</dc:subject>
  <dc:subject>rhizosphere</dc:subject>
  <dc:subject>mycorrhiza</dc:subject>
  <dc:subject>Erigeron canadensis</dc:subject>
  <dc:subject>urban ecology</dc:subject>
</oai_dc:dc>