<?xml version="1.0" encoding="UTF-8" standalone="yes"?>
<oai_dc:dc xmlns:dc="http://purl.org/dc/elements/1.1/" xmlns:oai_dc="http://www.openarchives.org/OAI/2.0/oai_dc/" xmlns:xsi="http://www.w3.org/2001/XMLSchema-instance" xsi:schemaLocation="http://www.openarchives.org/OAI/2.0/oai_dc/ http://www.openarchives.org/OAI/2.0/oai_dc.xsd">
  <dc:identifier>http://www.wikidata.org/entity/Q92445402</dc:identifier>
  <dc:identifier>https://www.ncbi.nlm.nih.gov/pmc/articles/PMC7022974</dc:identifier>
  <dc:identifier>doi:10.3390/INSECTS11010035</dc:identifier>
  <dc:title>Competitive Displacement between Bemisia tabaci MEAM1 and MED and Evidence for Multiple Invasions of MED</dc:title>
  <dc:creator>Tang, Xiao-Tian</dc:creator>
  <dc:creator>Cai, Li</dc:creator>
  <dc:creator>Shen, Yuan</dc:creator>
  <dc:creator>Xu, Li-Li</dc:creator>
  <dc:creator>Du, Yu-Zhou</dc:creator>
  <dc:type>journal article</dc:type>
  <dc:date>2019-12-31</dc:date>
  <dc:language>en</dc:language>
  <dc:subject>competitive displacement</dc:subject>
  <dc:subject>Silverleaf whitefly</dc:subject>
  <dc:subject>cryptic species complex</dc:subject>
  <dc:subject>invasion biology</dc:subject>
  <dc:subject>invasive species</dc:subject>
  <dc:description>Despite the severe ecological damage and economic loss caused by invasive species, the factors contributing to successful invasion or displacement remain elusive. The whitefly, Bemisia tabaci (Gennadius), is an important invasive agricultural pest worldwide, causing severe damage to numerous crops by feeding or transmitting plant viruses. In this study, we monitored the dynamics of two invasive whitefly cryptic species, Middle East-Asia Minor 1 (MEAM1) and Mediterranean (MED), in Jiangsu, China, from 2005-2016. We found that B. tabaci MED quickly established and asserted dominance over MEAM1, resulting in their population displacement in Jiangsu in only three years (from 2005 to 2008). We further investigated the possible mechanisms underlying the successful invasion and competitive displacement from a genetic perspective. Based on sequencing of mitochondrial gene sequences from large numbers of whitefly samples, multiple invasion events of MED were validated by our genetic analyses. MED invaded Jiangsu starting from multiple introduction sites with secondary and/or subsequent invasive events. This may favor their invasion and displacement of MEAM1. This study advances our understanding of the mechanisms that enabled the successful invasion of MED.</dc:description>
</oai_dc:dc>