<?xml version="1.0" encoding="UTF-8" standalone="yes"?>
<oai_dc:dc xmlns:dc="http://purl.org/dc/elements/1.1/" xmlns:oai_dc="http://www.openarchives.org/OAI/2.0/oai_dc/" xmlns:xsi="http://www.w3.org/2001/XMLSchema-instance" xsi:schemaLocation="http://www.openarchives.org/OAI/2.0/oai_dc/ http://www.openarchives.org/OAI/2.0/oai_dc.xsd">
  <dc:identifier>http://www.wikidata.org/entity/Q21189484</dc:identifier>
  <dc:identifier>doi:10.3897/ZOOKEYS.4.27</dc:identifier>
  <dc:title>New data on distribution and biology of the invasive species Hydrotaea aenescens (Wiedemann, 1830) (Diptera, Muscidae)</dc:title>
  <dc:creator>Vikhrev, Nikita</dc:creator>
  <dc:type>journal article</dc:type>
  <dc:date>2008-12-17</dc:date>
  <dc:language>en</dc:language>
  <dc:subject>invasion biology</dc:subject>
  <dc:subject>invasive species</dc:subject>
  <dc:subject>Diptera</dc:subject>
  <dc:subject>Hydrotaea aenescens</dc:subject>
  <dc:subject>Muscidae</dc:subject>
</oai_dc:dc>