<?xml version="1.0" encoding="UTF-8" standalone="yes"?>
<oai_dc:dc xmlns:dc="http://purl.org/dc/elements/1.1/" xmlns:oai_dc="http://www.openarchives.org/OAI/2.0/oai_dc/" xmlns:xsi="http://www.w3.org/2001/XMLSchema-instance" xsi:schemaLocation="http://www.openarchives.org/OAI/2.0/oai_dc/ http://www.openarchives.org/OAI/2.0/oai_dc.xsd">
  <dc:identifier>http://www.wikidata.org/entity/Q111148716</dc:identifier>
  <dc:identifier>doi:10.3390/SU12155951</dc:identifier>
  <dc:title>Identifying Sustainable Grassland Management Approaches in Response to the Invasive Legume Lespedeza cuneata: A Functional Group Approach</dc:title>
  <dc:creator>Garrett, Erin M.</dc:creator>
  <dc:creator>Gibson, David J</dc:creator>
  <dc:type>journal article</dc:type>
  <dc:date>2020-07-23</dc:date>
  <dc:language>en</dc:language>
  <dc:subject>Lespedeza cuneata</dc:subject>
  <dc:subject>invasive species</dc:subject>
  <dc:subject>invasion management</dc:subject>
</oai_dc:dc>