<?xml version="1.0" encoding="UTF-8" standalone="yes"?>
<oai_dc:dc xmlns:dc="http://purl.org/dc/elements/1.1/" xmlns:oai_dc="http://www.openarchives.org/OAI/2.0/oai_dc/" xmlns:xsi="http://www.w3.org/2001/XMLSchema-instance" xsi:schemaLocation="http://www.openarchives.org/OAI/2.0/oai_dc/ http://www.openarchives.org/OAI/2.0/oai_dc.xsd">
  <dc:identifier>http://www.wikidata.org/entity/Q64979184</dc:identifier>
  <dc:identifier>https://www.ncbi.nlm.nih.gov/pmc/articles/PMC6563794</dc:identifier>
  <dc:identifier>doi:10.7717/PEERJ.6965</dc:identifier>
  <dc:title>A comparison of impact and risk assessment methods based on the IMO Guidelines and EU invasive alien species risk assessment frameworks.</dc:title>
  <dc:creator>Srėbalienė, Greta</dc:creator>
  <dc:creator>Olenin, Sergej</dc:creator>
  <dc:creator>Minchin, Dan</dc:creator>
  <dc:creator>Narščius, Aleksas</dc:creator>
  <dc:type>journal article</dc:type>
  <dc:date>2019-06-10</dc:date>
  <dc:language>en</dc:language>
  <dc:subject>invasive species</dc:subject>
  <dc:subject>introduced species</dc:subject>
  <dc:subject>invasion impact</dc:subject>
  <dc:description>A comparative analysis of two risk assessment (RA) frameworks developed to support the implementation of the international Ballast Water Management Convention (BWMC) and European Regulation on Invasive Alien Species (IAS) was performed. This analysis revealed both differences and similarities between the IMO Risk Assessment Guidelines (IMO, 2007) and EU Regulation supplement on RA of IAS (EU, 2018) in RA approaches, key principles, RA components and categories of IAS impacts recommended for assessment. The results of this analysis were used to produce a common procedure for the evaluation of the bioinvasion risk and impact assessment methods intended to support international, regional and/or national policy on IAS. The procedure includes a scoring scheme to assess compliance with the key principles, RA components and categories of bioinvasion impacts taken into account by the methods. In these methods the categories of impacts on human health and economy are underrepresented comparing with impacts on environment.</dc:description>
</oai_dc:dc>