<?xml version="1.0" encoding="UTF-8" standalone="yes"?>
<oai_dc:dc xmlns:dc="http://purl.org/dc/elements/1.1/" xmlns:oai_dc="http://www.openarchives.org/OAI/2.0/oai_dc/" xmlns:xsi="http://www.w3.org/2001/XMLSchema-instance" xsi:schemaLocation="http://www.openarchives.org/OAI/2.0/oai_dc/ http://www.openarchives.org/OAI/2.0/oai_dc.xsd">
  <dc:identifier>http://www.wikidata.org/entity/Q56765737</dc:identifier>
  <dc:identifier>doi:10.1016/J.JGLR.2010.07.004</dc:identifier>
  <dc:title>Use of chemosensory cues as repellents for sea lamprey: Potential directions for population management</dc:title>
  <dc:creator>Imre, István</dc:creator>
  <dc:creator>Brown, Grant E.</dc:creator>
  <dc:creator>Bergstedt, Roger A.</dc:creator>
  <dc:creator>McDonald, Rodney</dc:creator>
  <dc:type>journal article</dc:type>
  <dc:date>2010-12</dc:date>
  <dc:language>en</dc:language>
  <dc:rights>https://www.elsevier.com/tdm/userlicense/1.0/</dc:rights>
  <dc:subject>invasion management</dc:subject>
  <dc:publisher>Elsevier BV</dc:publisher>
</oai_dc:dc>