<?xml version="1.0" encoding="UTF-8" standalone="yes"?>
<oai_dc:dc xmlns:dc="http://purl.org/dc/elements/1.1/" xmlns:oai_dc="http://www.openarchives.org/OAI/2.0/oai_dc/" xmlns:xsi="http://www.w3.org/2001/XMLSchema-instance" xsi:schemaLocation="http://www.openarchives.org/OAI/2.0/oai_dc/ http://www.openarchives.org/OAI/2.0/oai_dc.xsd">
  <dc:identifier>http://www.wikidata.org/entity/Q55023994</dc:identifier>
  <dc:identifier>https://www.ncbi.nlm.nih.gov/pmc/articles/PMC5997759</dc:identifier>
  <dc:identifier>doi:10.3897/ZOOKEYS.764.24168</dc:identifier>
  <dc:title>Descriptions of immature stages of Octodonta nipae (Maulik) (Coleoptera, Chrysomelidae, Cassidinae, Cryptonychini)</dc:title>
  <dc:creator>Peng, Ling-Fei</dc:creator>
  <dc:creator>Li, Jin-Lei</dc:creator>
  <dc:creator>Hou, You-Ming</dc:creator>
  <dc:creator>Zhang, Xiang</dc:creator>
  <dc:type>journal article</dc:type>
  <dc:date>2018-06-05</dc:date>
  <dc:language>en</dc:language>
  <dc:subject>invasive species</dc:subject>
  <dc:subject>Octodonta nipae</dc:subject>
  <dc:subject>description</dc:subject>
  <dc:subject>Coleoptera</dc:subject>
  <dc:subject>leaf beetle</dc:subject>
  <dc:description>Octodonta nipae (Maulik, 1921), a hispid that damages several species of palm trees, was introduced accidently into China in 2001. The egg, larva, prepupa and pupa of O. nipae are illustrated and described in detail and compared with another invasive species, Brontispa longissima (Gestro, 1885); the scanning electron micrographs of the head capsule, antenna, maxilla, labium and lateral scoli are provided, as well as photos of body of all larval instars and pupa. It is the second description of immature stages in the genus Octodonta Chapuis.</dc:description>
</oai_dc:dc>