<?xml version="1.0" encoding="UTF-8" standalone="yes"?>
<oai_dc:dc xmlns:dc="http://purl.org/dc/elements/1.1/" xmlns:oai_dc="http://www.openarchives.org/OAI/2.0/oai_dc/" xmlns:xsi="http://www.w3.org/2001/XMLSchema-instance" xsi:schemaLocation="http://www.openarchives.org/OAI/2.0/oai_dc/ http://www.openarchives.org/OAI/2.0/oai_dc.xsd">
  <dc:identifier>http://www.wikidata.org/entity/Q106606434</dc:identifier>
  <dc:identifier>doi:10.3897/NEOBIOTA.63.57925</dc:identifier>
  <dc:title>Native and non-native sources of carbohydrate correlate with abundance of an invasive ant</dc:title>
  <dc:creator>Lach, Lori</dc:creator>
  <dc:creator>Hoffmann, Benjamin D.</dc:creator>
  <dc:creator>Moir, Melinda L.</dc:creator>
  <dc:type>journal article</dc:type>
  <dc:date>2020-12-17</dc:date>
  <dc:language>en</dc:language>
  <dc:subject>aquatic science</dc:subject>
  <dc:subject>invasive ant</dc:subject>
</oai_dc:dc>