<?xml version="1.0" encoding="UTF-8" standalone="yes"?>
<oai_dc:dc xmlns:dc="http://purl.org/dc/elements/1.1/" xmlns:oai_dc="http://www.openarchives.org/OAI/2.0/oai_dc/" xmlns:xsi="http://www.w3.org/2001/XMLSchema-instance" xsi:schemaLocation="http://www.openarchives.org/OAI/2.0/oai_dc/ http://www.openarchives.org/OAI/2.0/oai_dc.xsd">
  <dc:identifier>http://www.wikidata.org/entity/Q111159538</dc:identifier>
  <dc:identifier>doi:10.1007/S10530-018-1814-0</dc:identifier>
  <dc:title>Citizen engagement in the management of non-native invasive pines: Does it make a difference?</dc:title>
  <dc:creator>Sá Dechoum, Michele</dc:creator>
  <dc:creator>Giehl, Eduardo Luís Hettwer</dc:creator>
  <dc:creator>Sühs, Rafael Barbizan</dc:creator>
  <dc:creator>Silveira, Thiago Cesar Lima</dc:creator>
  <dc:creator>Ziller, Silvia R</dc:creator>
  <dc:type>journal article</dc:type>
  <dc:date>2018-08-13</dc:date>
  <dc:language>en</dc:language>
  <dc:subject>invasion management</dc:subject>
</oai_dc:dc>