<?xml version="1.0" encoding="UTF-8" standalone="yes"?>
<oai_dc:dc xmlns:dc="http://purl.org/dc/elements/1.1/" xmlns:oai_dc="http://www.openarchives.org/OAI/2.0/oai_dc/" xmlns:xsi="http://www.w3.org/2001/XMLSchema-instance" xsi:schemaLocation="http://www.openarchives.org/OAI/2.0/oai_dc/ http://www.openarchives.org/OAI/2.0/oai_dc.xsd">
  <dc:identifier>http://www.wikidata.org/entity/Q110829414</dc:identifier>
  <dc:identifier>doi:10.1007/S10530-013-0589-6</dc:identifier>
  <dc:title>Impacts of invasive riparian knotweed on litter decomposition, aquatic fungi, and macroinvertebrates</dc:title>
  <dc:creator>Claeson, Shannon M.</dc:creator>
  <dc:creator>LeRoy, Carri J.</dc:creator>
  <dc:creator>Barry, Jacob R.</dc:creator>
  <dc:creator>Kuehn, Kevin A.</dc:creator>
  <dc:type>journal article</dc:type>
  <dc:date>2013-11-21</dc:date>
  <dc:language>en</dc:language>
  <dc:rights>http://www.springer.com/tdm</dc:rights>
  <dc:subject>macroinvertebrate</dc:subject>
  <dc:subject>aquatic invasion</dc:subject>
  <dc:subject>invasion impact</dc:subject>
  <dc:subject>litter decomposition</dc:subject>
  <dc:publisher>Springer Science and Business Media LLC</dc:publisher>
</oai_dc:dc>