<?xml version="1.0" encoding="UTF-8" standalone="yes"?>
<oai_dc:dc xmlns:dc="http://purl.org/dc/elements/1.1/" xmlns:oai_dc="http://www.openarchives.org/OAI/2.0/oai_dc/" xmlns:xsi="http://www.w3.org/2001/XMLSchema-instance" xsi:schemaLocation="http://www.openarchives.org/OAI/2.0/oai_dc/ http://www.openarchives.org/OAI/2.0/oai_dc.xsd">
  <dc:identifier>http://www.wikidata.org/entity/Q110531547</dc:identifier>
  <dc:identifier>doi:10.1007/S10530-017-1402-8</dc:identifier>
  <dc:title>Erratum to: Can enemy release explain the invasion success of the diploid Leucanthemum vulgare in North America?</dc:title>
  <dc:creator>Stutz, Sonja</dc:creator>
  <dc:creator>Štajerová, Kateřina</dc:creator>
  <dc:creator>Hinz, Hariet L.</dc:creator>
  <dc:creator>Müller-Schärer, Heinz</dc:creator>
  <dc:creator>Schaffner, Urs</dc:creator>
  <dc:type>journal article</dc:type>
  <dc:date>2017-03-28</dc:date>
  <dc:language>en</dc:language>
  <dc:subject>hypothesis:enemy release hypothesis</dc:subject>
  <dc:subject>hypothesis:wikidata.org/entity/Q85759287</dc:subject>
  <dc:subject>invasion success</dc:subject>
  <dc:subject>Leucanthemum vulgare</dc:subject>
  <dc:subject>invasive species</dc:subject>
</oai_dc:dc>