<?xml version="1.0" encoding="UTF-8" standalone="yes"?>
<oai_dc:dc xmlns:dc="http://purl.org/dc/elements/1.1/" xmlns:oai_dc="http://www.openarchives.org/OAI/2.0/oai_dc/" xmlns:xsi="http://www.w3.org/2001/XMLSchema-instance" xsi:schemaLocation="http://www.openarchives.org/OAI/2.0/oai_dc/ http://www.openarchives.org/OAI/2.0/oai_dc.xsd">
  <dc:identifier>http://www.wikidata.org/entity/Q34555634</dc:identifier>
  <dc:identifier>https://www.ncbi.nlm.nih.gov/pmc/articles/PMC4240229</dc:identifier>
  <dc:identifier>doi:10.1093/AOBPLA/PLU056</dc:identifier>
  <dc:title>Belowground legacies of Pinus contorta invasion and removal result in multiple mechanisms of invasional meltdown</dc:title>
  <dc:creator>Dickie, Ian A</dc:creator>
  <dc:creator>St John, Mark G</dc:creator>
  <dc:creator>Yeates, Gregor W</dc:creator>
  <dc:creator>Morse, Chris W</dc:creator>
  <dc:creator>Bonner, Karen I</dc:creator>
  <dc:creator>Orwin, Kate</dc:creator>
  <dc:creator>Peltzer, Duane A</dc:creator>
  <dc:type>journal article</dc:type>
  <dc:date>2014-09-16</dc:date>
  <dc:language>en</dc:language>
  <dc:subject>invasional meltdown</dc:subject>
  <dc:subject>Pinus contorta</dc:subject>
  <dc:subject>invasive species</dc:subject>
  <dc:subject>invasive plant</dc:subject>
  <dc:description>Plant invasions can change soil biota and nutrients in ways that drive subsequent plant communities, particularly when co-invading with belowground mutualists such as ectomycorrhizal fungi. These effects can persist following removal of the invasive plant and, combined with effects of removal per se, influence subsequent plant communities and ecosystem functioning. We used field observations and a soil bioassay with multiple plant species to determine the belowground effects and post-removal legacy caused by invasion of the non-native tree Pinus contorta into a native plant community. Pinus facilitated ectomycorrhizal infection of the co-occurring invasive tree, Pseudotsuga menziesii, but not conspecific Pinus (which always had ectomycorrhizas) nor the native pioneer Kunzea ericoides (which never had ectomycorrhizas). Pinus also caused a major shift in soil nutrient cycling as indicated by increased bacterial dominance, NO3-N (17-fold increase) and available phosphorus (3.2-fold increase) in soils, which in turn promoted increased growth of graminoids. These results parallel field observations, where Pinus removal is associated with invasion by non-native grasses and herbs, and suggest that legacies of Pinus on soil nutrient cycling thus indirectly promote invasion of other non-native plant species. Our findings demonstrate that multi-trophic belowground legacies are an important but hitherto largely unconsidered factor in plant community reassembly following invasive plant removal.</dc:description>
</oai_dc:dc>