<?xml version="1.0" encoding="UTF-8" standalone="yes"?>
<oai_dc:dc xmlns:dc="http://purl.org/dc/elements/1.1/" xmlns:oai_dc="http://www.openarchives.org/OAI/2.0/oai_dc/" xmlns:xsi="http://www.w3.org/2001/XMLSchema-instance" xsi:schemaLocation="http://www.openarchives.org/OAI/2.0/oai_dc/ http://www.openarchives.org/OAI/2.0/oai_dc.xsd">
  <dc:identifier>http://www.wikidata.org/entity/Q111323048</dc:identifier>
  <dc:identifier>doi:10.3389/FPLS.2021.738769</dc:identifier>
  <dc:title>Species Distribution Models of the &lt;i&gt;Spartina alterniflora&lt;/i&gt; Loisel in Its Origin and Invasive Country Reveal an Ecological Niche Shift</dc:title>
  <dc:creator>Yuan, Yingdan</dc:creator>
  <dc:creator>Tang, Xinggang</dc:creator>
  <dc:creator>Liu, Mingyue</dc:creator>
  <dc:creator>Liu, Xiaofei</dc:creator>
  <dc:creator>Tao, Jun</dc:creator>
  <dc:type>journal article</dc:type>
  <dc:date>2021-10-12</dc:date>
  <dc:language>en</dc:language>
  <dc:subject>Spartina alterniflora</dc:subject>
  <dc:subject>niche shift</dc:subject>
  <dc:subject>invasive species</dc:subject>
  <dc:subject>species distribution</dc:subject>
  <dc:subject>invasion biology</dc:subject>
  <dc:subject>ecological niche</dc:subject>
  <dc:description>&lt;i&gt;Spartina alterniflora&lt;/i&gt; is a perennial herb native to the American Atlantic coast and is the dominant plant in coastal intertidal wetlands. Since its introduction to China in 1979, it has quickly spread along the coast and has caused various hazards. To control the further spread of &lt;i&gt;S. alterniflora&lt;/i&gt; in China, we first reconstructed the history of the spread of &lt;i&gt;S. alterniflora&lt;/i&gt; in its invasion and origin countries. We found that &lt;i&gt;S. alterniflora&lt;/i&gt; spreads from the central coast to both sides of the coast in China, while it spreads from the west coast to the east coast in America. Furthermore, by comparing 19 environmental variables of &lt;i&gt;S. alterniflora&lt;/i&gt; in its invasion and origin countries, it was found that &lt;i&gt;S. alterniflora&lt;/i&gt; is more and more adaptable to the high temperature and dry environment in the invasion country. Finally, we predicted the suitable areas for this species in China and America using the maximum entropy (MaxEnt) model and ArcGIS. Overall, through analysis on the dynamic and trend of environmental characteristics during the invasion of &lt;i&gt;S. alterniflora&lt;/i&gt; and predicting its suitable area in the invasion area, it guides preventing its reintroduction and preventing its further spread of the species has been found. It has reference significance for studying other similar alien plants and essential enlightening relevance to its invasion and spread in similar areas.</dc:description>
</oai_dc:dc>