<?xml version="1.0" encoding="UTF-8" standalone="yes"?>
<oai_dc:dc xmlns:dc="http://purl.org/dc/elements/1.1/" xmlns:oai_dc="http://www.openarchives.org/OAI/2.0/oai_dc/" xmlns:xsi="http://www.w3.org/2001/XMLSchema-instance" xsi:schemaLocation="http://www.openarchives.org/OAI/2.0/oai_dc/ http://www.openarchives.org/OAI/2.0/oai_dc.xsd">
  <dc:identifier>http://www.wikidata.org/entity/Q35009229</dc:identifier>
  <dc:identifier>doi:10.1371/JOURNAL.PONE.0076076</dc:identifier>
  <dc:title>Matrix matters: differences of grand skink metapopulation parameters in native tussock grasslands and exotic pasture grasslands</dc:title>
  <dc:creator>Gebauer, Konstanze</dc:creator>
  <dc:creator>Dickinson, Katharine J M</dc:creator>
  <dc:creator>Whigham, Peter A</dc:creator>
  <dc:creator>Seddon, Philip J</dc:creator>
  <dc:type>journal article</dc:type>
  <dc:date>2013-10-02</dc:date>
  <dc:language>en</dc:language>
  <dc:subject>grassland</dc:subject>
  <dc:subject>metapopulation</dc:subject>
  <dc:description>Modelling metapopulation dynamics is a potentially very powerful tool for conservation biologists. In recent years, scientists have broadened the range of variables incorporated into metapopulation modelling from using almost exclusively habitat patch size and isolation, to the inclusion of attributes of the matrix and habitat patch quality. We investigated the influence of habitat patch and matrix characteristics on the metapopulation parameters of a highly endangered lizard species, the New Zealand endemic grand skink (Oligosoma grande) taking into account incomplete detectability. The predictive ability of the developed zxmetapopulation model was assessed through cross-validation of the data and with an independent data-set. Grand skinks occur on scattered rock-outcrops surrounded by indigenous tussock (bunch) and pasture grasslands therefore implying a metapopulation structure. We found that the type of matrix surrounding the habitat patch was equally as important as the size of habitat patch for estimating occupancy, colonisation and extinction probabilities. Additionally, the type of matrix was more important than the physical distance between habitat patches for colonisation probabilities. Detection probability differed between habitat patches in the two matrix types and between habitat patches with different attributes such as habitat patch composition and abundance of vegetation on the outcrop. The developed metapopulation models can now be used for management decisions on area protection, monitoring, and the selection of translocation sites for the grand skink. Our study showed that it is important to incorporate not only habitat patch size and distance between habitat patches, but also those matrix type and habitat patch attributes which are vital in the ecology of the target species.</dc:description>
</oai_dc:dc>