<?xml version="1.0" encoding="UTF-8" standalone="yes"?>
<oai_dc:dc xmlns:dc="http://purl.org/dc/elements/1.1/" xmlns:oai_dc="http://www.openarchives.org/OAI/2.0/oai_dc/" xmlns:xsi="http://www.w3.org/2001/XMLSchema-instance" xsi:schemaLocation="http://www.openarchives.org/OAI/2.0/oai_dc/ http://www.openarchives.org/OAI/2.0/oai_dc.xsd">
  <dc:identifier>http://www.wikidata.org/entity/Q112765894</dc:identifier>
  <dc:identifier>doi:10.3390/SU14020746</dc:identifier>
  <dc:title>Interaction between Nitrogen, Phosphorus, and Invasive Alien Plants</dc:title>
  <dc:creator>Zhang, Youli</dc:creator>
  <dc:creator>Leng, Zhanrui</dc:creator>
  <dc:creator>Wu, Yueming</dc:creator>
  <dc:creator>Jia, Hui</dc:creator>
  <dc:creator>Yan, Chongling</dc:creator>
  <dc:creator>Wang, Xinhong</dc:creator>
  <dc:creator>Ren, Guangqian</dc:creator>
  <dc:creator>Wu, Guirong</dc:creator>
  <dc:creator>Li, Jian</dc:creator>
  <dc:type>journal article</dc:type>
  <dc:date>2022-01-11</dc:date>
  <dc:language>en</dc:language>
  <dc:subject>invasive species</dc:subject>
</oai_dc:dc>