<?xml version="1.0" encoding="UTF-8" standalone="yes"?>
<oai_dc:dc xmlns:dc="http://purl.org/dc/elements/1.1/" xmlns:oai_dc="http://www.openarchives.org/OAI/2.0/oai_dc/" xmlns:xsi="http://www.w3.org/2001/XMLSchema-instance" xsi:schemaLocation="http://www.openarchives.org/OAI/2.0/oai_dc/ http://www.openarchives.org/OAI/2.0/oai_dc.xsd">
  <dc:identifier>http://www.wikidata.org/entity/Q112669361</dc:identifier>
  <dc:identifier>doi:10.1111/J.1365-2664.2010.01881.X</dc:identifier>
  <dc:title>Phenology as a basis for management of exotic annual plants in desert invasions</dc:title>
  <dc:creator>Marushia, Robin G.</dc:creator>
  <dc:creator>Cadotte, Marc W.</dc:creator>
  <dc:creator>Holt, Jodie S.</dc:creator>
  <dc:type>journal article</dc:type>
  <dc:date>2010-10-07</dc:date>
  <dc:rights>http://doi.wiley.com/10.1002/tdm_license_1.1</dc:rights>
  <dc:subject>invasion management</dc:subject>
  <dc:subject>phenology</dc:subject>
  <dc:publisher>Wiley</dc:publisher>
</oai_dc:dc>