<?xml version="1.0" encoding="UTF-8" standalone="yes"?>
<oai_dc:dc xmlns:dc="http://purl.org/dc/elements/1.1/" xmlns:oai_dc="http://www.openarchives.org/OAI/2.0/oai_dc/" xmlns:xsi="http://www.w3.org/2001/XMLSchema-instance" xsi:schemaLocation="http://www.openarchives.org/OAI/2.0/oai_dc/ http://www.openarchives.org/OAI/2.0/oai_dc.xsd">
  <dc:identifier>http://www.wikidata.org/entity/Q92455176</dc:identifier>
  <dc:identifier>https://www.ncbi.nlm.nih.gov/pmc/articles/PMC6695791</dc:identifier>
  <dc:identifier>doi:10.3390/MOLECULES24152847</dc:identifier>
  <dc:title>Phytotoxic Effects of Commercial Eucalyptus citriodora, Lavandula angustifolia, and Pinus sylvestris Essential Oils on Weeds, Crops, and Invasive Species</dc:title>
  <dc:creator>Ibáñez, María Dolores</dc:creator>
  <dc:creator>Blázquez, María Amparo</dc:creator>
  <dc:type>journal article</dc:type>
  <dc:date>2019-08-05</dc:date>
  <dc:language>en</dc:language>
  <dc:subject>invasive species</dc:subject>
  <dc:subject>Pinus sylvestris</dc:subject>
  <dc:subject>Lavandula angustifolia</dc:subject>
  <dc:subject>Eucalyptus citriodora</dc:subject>
  <dc:subject>essential oil</dc:subject>
  <dc:description>essential oils are well known for their pharmacological effectiveness as well as their repellent, insecticide, and herbicide activities. The emergence of resistant weeds, due to the overuse of synthetic herbicides, makes it necessary to find natural alternatives for weed control. The aim of this study was to evaluate the phytotoxic effects of Eucalyptus citriodora, Lavandulaangustifolia, and Pinus sylvestris, three common commercial essential oils, on weeds (Portulaca oleracea, Lolium multiflorum, and Echinochloa crus-galli), food crops (tomato and cucumber), and the invasive species Nicotiana glauca. Methods: to determine herbicidal effects, essential oils were tested at different concentrations (0.125-1µL/mL). The index of germination and seedling length data were recorded over 14 days. the in vitro assays showed that L. angustifolia with linalool (38.7 ± 0.1%), 1,8-cineole (26.5 ± 0.1%), and camphor (14.2 ± 0.1%) as the main compounds showed the most phytotoxic effects affecting seed germination in weeds and tomato, and the aforementioned invasive species. L. multiflorum was the most sensitive weed, particularly to lavender essential oil, which decreased the growth of its hypocotyl and radicle by 87.8% and 76.7%, respectively, at a dose of 1 µL/mL. Cucumber was the most resistant food crop, with no significant reduction observed in seed germination and hypocotyl growth with E. citriodora and L. angustifolia essential oils. lavender essential oil represents a promising candidate for the development of effective and safe herbicides in the management of L. multiflorum affecting cucumber crops.</dc:description>
</oai_dc:dc>