<?xml version="1.0" encoding="UTF-8" standalone="yes"?>
<oai_dc:dc xmlns:dc="http://purl.org/dc/elements/1.1/" xmlns:oai_dc="http://www.openarchives.org/OAI/2.0/oai_dc/" xmlns:xsi="http://www.w3.org/2001/XMLSchema-instance" xsi:schemaLocation="http://www.openarchives.org/OAI/2.0/oai_dc/ http://www.openarchives.org/OAI/2.0/oai_dc.xsd">
  <dc:identifier>http://www.wikidata.org/entity/Q61807501</dc:identifier>
  <dc:identifier>https://www.ncbi.nlm.nih.gov/pmc/articles/PMC6357871</dc:identifier>
  <dc:identifier>doi:10.7717/PEERJ.6308</dc:identifier>
  <dc:title>Improving the efficiency of the Fukui trap as a capture tool for the invasive European green crab () in Newfoundland, Canada</dc:title>
  <dc:creator>Bergshoeff, Jonathan A</dc:creator>
  <dc:creator>McKenzie, Cynthia H</dc:creator>
  <dc:creator>Favaro, Brett</dc:creator>
  <dc:type>journal article</dc:type>
  <dc:date>2019</dc:date>
  <dc:language>en</dc:language>
  <dc:subject>Fishing Gear</dc:subject>
  <dc:subject>invasive species</dc:subject>
  <dc:subject>Portunidae</dc:subject>
  <dc:subject>Modification</dc:subject>
  <dc:subject>Canada</dc:subject>
  <dc:description>The European green crab (Carcinus maenas) is a crustacean species native to European and North African coastlines that has become one of the world's most successful marine invasive species. Targeted fishing programs aimed at removing green crabs from invaded ecosystems commonly use Fukui multi-species marine traps. Improving the efficiency of these traps would improve the ability to respond to green crab invasions. In this study, we developed four distinct trap modifications that were designed to facilitate the successful capture of green crabs, with the goal of improving the performance of the Fukui trap. We tested these modifications in situ during the summer of 2016 at two locations in Placentia Bay, Newfoundland. We discovered that three of our modified Fukui trap designs caught significantly more green crabs than the standard Fukui trap, increasing catch-per-unit-effort (CPUE) by as much as 81%. We conclude that our top-performing modifications have great potential for widespread use with existing Fukui traps that are being used for green crab removal efforts.</dc:description>
</oai_dc:dc>