<?xml version="1.0" encoding="UTF-8" standalone="yes"?>
<oai_dc:dc xmlns:dc="http://purl.org/dc/elements/1.1/" xmlns:oai_dc="http://www.openarchives.org/OAI/2.0/oai_dc/" xmlns:xsi="http://www.w3.org/2001/XMLSchema-instance" xsi:schemaLocation="http://www.openarchives.org/OAI/2.0/oai_dc/ http://www.openarchives.org/OAI/2.0/oai_dc.xsd">
  <dc:identifier>http://www.wikidata.org/entity/Q110663927</dc:identifier>
  <dc:identifier>doi:10.3897/NEOBIOTA.53.38183</dc:identifier>
  <dc:title>A preliminary field trial to compare control techniques for invasive Berberis aquifolium in Belgian coastal dunes</dc:title>
  <dc:creator>Adriaens, Tim</dc:creator>
  <dc:creator>Verschelde, Pieter</dc:creator>
  <dc:creator>Cartuyvels, Emma</dc:creator>
  <dc:creator>D'hondt, Bram</dc:creator>
  <dc:creator>Vercruysse, Edward</dc:creator>
  <dc:creator>Gompel, Wouter</dc:creator>
  <dc:creator>Dewulf, Evy</dc:creator>
  <dc:creator>Provoost, Sam</dc:creator>
  <dc:type>journal article</dc:type>
  <dc:date>2019-12-11</dc:date>
  <dc:rights>http://creativecommons.org/licenses/by/4.0/</dc:rights>
  <dc:subject>coastal invasion</dc:subject>
  <dc:publisher>Pensoft Publishers</dc:publisher>
  <dc:description>&lt;jats:p&gt;Non-native &lt;jats:italic&gt;Berberis aquifolium&lt;/jats:italic&gt; is an invasive species in Belgian coastal dunes. With its strong clonal growth through suckers, this evergreen shrub outcompetes native species and affects dune succession. To prevent further secondary spread and mitigate its impact, there was an urgent need for knowledge on the effectiveness of control measures, both at the plant and habitat level. Here, we report on a first control experiment. Individual &lt;jats:italic&gt;B. aquifolium&lt;/jats:italic&gt; clones were subjected to one of four treatments (manual uprooting, foliar herbicide application, stem cutting followed by herbicide or salt application), with regrowth being measured up to one year after treatment. We analyzed the relationship between kill rate, treatment, dune area, plant volume and number of plant stems using a generalized linear model. &lt;jats:italic&gt;Berberis aquifolium&lt;/jats:italic&gt; plants proved most susceptible to foliar herbicide application (5% glyphosate solution), resulting in 88% (64%–97%) of the clones dying after treatment. The predicted kill rate decreased with an increasing number of stems under all treatments. We discuss the limitations of our experiment and the potential for actual field application of the different treatments. We present some guidelines for future control that may become further refined as experience builds up and we provide some recommendations for tackling invasive alien species in Atlantic dune ecosystems.&lt;/jats:p&gt;</dc:description>
</oai_dc:dc>