<?xml version="1.0" encoding="UTF-8" standalone="yes"?>
<oai_dc:dc xmlns:dc="http://purl.org/dc/elements/1.1/" xmlns:oai_dc="http://www.openarchives.org/OAI/2.0/oai_dc/" xmlns:xsi="http://www.w3.org/2001/XMLSchema-instance" xsi:schemaLocation="http://www.openarchives.org/OAI/2.0/oai_dc/ http://www.openarchives.org/OAI/2.0/oai_dc.xsd">
  <dc:identifier>http://www.wikidata.org/entity/Q56354360</dc:identifier>
  <dc:identifier>doi:10.18352/IJC.676</dc:identifier>
  <dc:title>De jure versus de facto institutions: trust, information, and collective efforts to manage the invasive mile-a-minute weed (Mikania micrantha)</dc:title>
  <dc:creator>Sullivan, Abigail</dc:creator>
  <dc:creator>York, Abigail M.</dc:creator>
  <dc:creator>White, Dave D.</dc:creator>
  <dc:creator>Hall, Sharon J.</dc:creator>
  <dc:creator>Yabiku, Scott T.</dc:creator>
  <dc:type>journal article</dc:type>
  <dc:date>2017-03-06</dc:date>
  <dc:language>en</dc:language>
  <dc:subject>Mikania micrantha</dc:subject>
  <dc:subject>invasive species</dc:subject>
  <dc:subject>invasion management</dc:subject>
</oai_dc:dc>