<?xml version="1.0" encoding="UTF-8" standalone="yes"?>
<oai_dc:dc xmlns:dc="http://purl.org/dc/elements/1.1/" xmlns:oai_dc="http://www.openarchives.org/OAI/2.0/oai_dc/" xmlns:xsi="http://www.w3.org/2001/XMLSchema-instance" xsi:schemaLocation="http://www.openarchives.org/OAI/2.0/oai_dc/ http://www.openarchives.org/OAI/2.0/oai_dc.xsd">
  <dc:identifier>http://www.wikidata.org/entity/Q56505466</dc:identifier>
  <dc:identifier>doi:10.1894/0038-4909-58.2.150</dc:identifier>
  <dc:title>Projecting Avian Responses to Landscape Management Along the Middle Rio Grande, New Mexico</dc:title>
  <dc:creator>Brand, L. Arriana</dc:creator>
  <dc:creator>Dixon, Mark D.</dc:creator>
  <dc:creator>Fetz, Trevor</dc:creator>
  <dc:creator>Stromberg, Juliet C.</dc:creator>
  <dc:creator>Stewart, Steven</dc:creator>
  <dc:creator>Garber, Gail</dc:creator>
  <dc:creator>Goodrich, David C.</dc:creator>
  <dc:creator>Brookshire, David S.</dc:creator>
  <dc:creator>Broadbent, Craig D.</dc:creator>
  <dc:creator>Benedict, Karl</dc:creator>
  <dc:type>journal article</dc:type>
  <dc:date>2013-06</dc:date>
  <dc:language>en</dc:language>
  <dc:subject>invasion management</dc:subject>
</oai_dc:dc>