<?xml version="1.0" encoding="UTF-8" standalone="yes"?>
<oai_dc:dc xmlns:dc="http://purl.org/dc/elements/1.1/" xmlns:oai_dc="http://www.openarchives.org/OAI/2.0/oai_dc/" xmlns:xsi="http://www.w3.org/2001/XMLSchema-instance" xsi:schemaLocation="http://www.openarchives.org/OAI/2.0/oai_dc/ http://www.openarchives.org/OAI/2.0/oai_dc.xsd">
  <dc:identifier>http://www.wikidata.org/entity/Q111159347</dc:identifier>
  <dc:identifier>doi:10.1007/S10530-017-1655-2</dc:identifier>
  <dc:title>Impacts of an invasive virus (CyHV-3) on established invasive populations of common carp (Cyprinus carpio) in North America</dc:title>
  <dc:creator>Thresher, Ronald E.</dc:creator>
  <dc:creator>Allman, Jake</dc:creator>
  <dc:creator>Stremick-Thompson, Laura</dc:creator>
  <dc:type>journal article</dc:type>
  <dc:date>2018-01-06</dc:date>
  <dc:subject>common carp</dc:subject>
  <dc:subject>invasive species</dc:subject>
  <dc:subject>invasion impact</dc:subject>
</oai_dc:dc>