<?xml version="1.0" encoding="UTF-8" standalone="yes"?>
<oai_dc:dc xmlns:dc="http://purl.org/dc/elements/1.1/" xmlns:oai_dc="http://www.openarchives.org/OAI/2.0/oai_dc/" xmlns:xsi="http://www.w3.org/2001/XMLSchema-instance" xsi:schemaLocation="http://www.openarchives.org/OAI/2.0/oai_dc/ http://www.openarchives.org/OAI/2.0/oai_dc.xsd">
  <dc:identifier>http://www.wikidata.org/entity/Q35789251</dc:identifier>
  <dc:identifier>doi:10.1016/S1473-3099(04)01045-X</dc:identifier>
  <dc:title>Detection of circulating galactomannan for the diagnosis and management of invasive aspergillosis</dc:title>
  <dc:creator>Mennink-Kersten, Monique A S H</dc:creator>
  <dc:creator>Donnelly, J Peter</dc:creator>
  <dc:creator>Verweij, Paul E</dc:creator>
  <dc:type>journal article</dc:type>
  <dc:date>2004-06-01</dc:date>
  <dc:language>en</dc:language>
  <dc:subject>aspergillosis</dc:subject>
  <dc:subject>invasion management</dc:subject>
  <dc:description>The availability of the Platelia Aspergillus, a sandwich ELISA kit that detects circulating galactomannan, has been a major advance for managing patients at risk for invasive aspergillosis because of the early detection of the antigen. The assay is now widely used throughout the world, including the USA. Although initial studies that assessed the performance characteristics of this assay reported high sensitivity and specificity, more recent studies show significant variation in performance. The causes of this variability are multifactorial and, in large part, cannot be explained because there is insufficient understanding of the kinetics of galactomannan in vivo. We explored some of the factors that affect the release of the aspergillus antigen that bears the epitope that reacts with the monoclonal antibody used in the ELISA, its leakage from the site of infection into the blood, and its binding to substances present in the blood. Factors that affect the detection of antigen in blood are also discussed, most notably the pretreatment procedure aimed at liberating the antigen from immune complexes. Understanding the biology of galactomannan release by aspergillus will greatly enhance our understanding of the kinetics of this and other surrogate markers and allow their optimum use in the management of invasive aspergillosis.</dc:description>
</oai_dc:dc>