<?xml version="1.0" encoding="UTF-8" standalone="yes"?>
<oai_dc:dc xmlns:dc="http://purl.org/dc/elements/1.1/" xmlns:oai_dc="http://www.openarchives.org/OAI/2.0/oai_dc/" xmlns:xsi="http://www.w3.org/2001/XMLSchema-instance" xsi:schemaLocation="http://www.openarchives.org/OAI/2.0/oai_dc/ http://www.openarchives.org/OAI/2.0/oai_dc.xsd">
  <dc:identifier>http://www.wikidata.org/entity/Q114911689</dc:identifier>
  <dc:identifier>doi:10.4236/OJE.2016.611061</dc:identifier>
  <dc:title>The Invasive Species of Walhalla Area in Columbus, Ohio</dc:title>
  <dc:creator>Al-Saghir, Mohannad G.</dc:creator>
  <dc:type>journal article</dc:type>
  <dc:date>2016-07-02</dc:date>
  <dc:subject>invasive species</dc:subject>
  <dc:subject>invasion management</dc:subject>
</oai_dc:dc>