<?xml version="1.0" encoding="UTF-8" standalone="yes"?>
<oai_dc:dc xmlns:dc="http://purl.org/dc/elements/1.1/" xmlns:oai_dc="http://www.openarchives.org/OAI/2.0/oai_dc/" xmlns:xsi="http://www.w3.org/2001/XMLSchema-instance" xsi:schemaLocation="http://www.openarchives.org/OAI/2.0/oai_dc/ http://www.openarchives.org/OAI/2.0/oai_dc.xsd">
  <dc:identifier>http://www.wikidata.org/entity/Q56355242</dc:identifier>
  <dc:identifier>doi:10.4102/ABC.V47I2.2157</dc:identifier>
  <dc:title>The balance of trade in alien species between South Africa and the rest of Africa</dc:title>
  <dc:creator>Faulkner, Katelyn T.</dc:creator>
  <dc:creator>Hurley, Brett P.</dc:creator>
  <dc:creator>Robertson, Mark P.</dc:creator>
  <dc:creator>Rouget, Mathieu</dc:creator>
  <dc:creator>Wilson, John R.U.</dc:creator>
  <dc:type>journal article</dc:type>
  <dc:date>2017-03-31</dc:date>
  <dc:language>en</dc:language>
  <dc:subject>invasive species</dc:subject>
  <dc:subject>South Africa</dc:subject>
  <dc:subject>introduced species</dc:subject>
</oai_dc:dc>