<?xml version="1.0" encoding="UTF-8" standalone="yes"?>
<oai_dc:dc xmlns:dc="http://purl.org/dc/elements/1.1/" xmlns:oai_dc="http://www.openarchives.org/OAI/2.0/oai_dc/" xmlns:xsi="http://www.w3.org/2001/XMLSchema-instance" xsi:schemaLocation="http://www.openarchives.org/OAI/2.0/oai_dc/ http://www.openarchives.org/OAI/2.0/oai_dc.xsd">
  <dc:identifier>http://www.wikidata.org/entity/Q110829174</dc:identifier>
  <dc:identifier>doi:10.1051/KMAE/2020003</dc:identifier>
  <dc:title>Mass appearance of the Ponto-Caspian invader Pontogammarus robustoides in the River Tisza catchment: bypass in the southern invasion corridor?</dc:title>
  <dc:creator>Csabai, Zoltán</dc:creator>
  <dc:creator>Borza, Péter</dc:creator>
  <dc:creator>Rewicz, Tomasz</dc:creator>
  <dc:creator>Pernecker, Bálint</dc:creator>
  <dc:creator>Berta, Balázs J.</dc:creator>
  <dc:creator>Móra, Arnold</dc:creator>
  <dc:type>journal article</dc:type>
  <dc:date>2020</dc:date>
  <dc:language>en</dc:language>
  <dc:subject>aquatic invasion</dc:subject>
</oai_dc:dc>