<?xml version="1.0" encoding="UTF-8" standalone="yes"?>
<oai_dc:dc xmlns:dc="http://purl.org/dc/elements/1.1/" xmlns:oai_dc="http://www.openarchives.org/OAI/2.0/oai_dc/" xmlns:xsi="http://www.w3.org/2001/XMLSchema-instance" xsi:schemaLocation="http://www.openarchives.org/OAI/2.0/oai_dc/ http://www.openarchives.org/OAI/2.0/oai_dc.xsd">
  <dc:identifier>http://www.wikidata.org/entity/Q57023073</dc:identifier>
  <dc:identifier>doi:10.1186/S40663-016-0073-8</dc:identifier>
  <dc:title>A multi-scale modelling framework to guide management of plant invasions in a transboundary context</dc:title>
  <dc:creator>Martins, João</dc:creator>
  <dc:creator>Richardson, David M.</dc:creator>
  <dc:creator>Henriques, Renato</dc:creator>
  <dc:creator>Marchante, Elizabete</dc:creator>
  <dc:creator>Marchante, Hélia</dc:creator>
  <dc:creator>Alves, Paulo</dc:creator>
  <dc:creator>Gaertner, Mirijam</dc:creator>
  <dc:creator>Honrado, João P.</dc:creator>
  <dc:creator>Vicente, Joana R.</dc:creator>
  <dc:type>journal article</dc:type>
  <dc:date>2016-07-26</dc:date>
  <dc:subject>plant invasion</dc:subject>
  <dc:subject>invasion management</dc:subject>
</oai_dc:dc>