<?xml version="1.0" encoding="UTF-8" standalone="yes"?>
<oai_dc:dc xmlns:dc="http://purl.org/dc/elements/1.1/" xmlns:oai_dc="http://www.openarchives.org/OAI/2.0/oai_dc/" xmlns:xsi="http://www.w3.org/2001/XMLSchema-instance" xsi:schemaLocation="http://www.openarchives.org/OAI/2.0/oai_dc/ http://www.openarchives.org/OAI/2.0/oai_dc.xsd">
  <dc:identifier>http://www.wikidata.org/entity/Q35188694</dc:identifier>
  <dc:identifier>https://www.ncbi.nlm.nih.gov/pmc/articles/PMC4059692</dc:identifier>
  <dc:identifier>doi:10.1371/JOURNAL.PONE.0099786</dc:identifier>
  <dc:title>Effect of the internet commerce on dispersal modes of invasive alien species</dc:title>
  <dc:creator>Lenda, Magdalena</dc:creator>
  <dc:creator>Skórka, Piotr</dc:creator>
  <dc:creator>Knops, Johannes M H</dc:creator>
  <dc:creator>Moroń, Dawid</dc:creator>
  <dc:creator>Sutherland, William J</dc:creator>
  <dc:creator>Kuszewska, Karolina</dc:creator>
  <dc:creator>Woyciechowski, Michał</dc:creator>
  <dc:type>journal article</dc:type>
  <dc:date>2014-06-16</dc:date>
  <dc:language>en</dc:language>
  <dc:subject>invasion biology</dc:subject>
  <dc:subject>invasive species</dc:subject>
  <dc:subject>dispersal mode</dc:subject>
  <dc:subject>introduced species</dc:subject>
  <dc:subject>e-commerce</dc:subject>
  <dc:description>The spread of invasive alien plants has considerable environmental and economic consequences, and is one of the most challenging ecological problems. The spread of invasive alien plant species depends largely on long-distance dispersal, which is typically linked with human activity. The increasing domination of the internet will have impacts upon almost all components of our lives, including potential consequences for the spread of invasive species. To determine whether the rise of Internet commerce has any consequences for the spread of invasive alien plant species, we studied the sale of thirteen of some of the most harmful Europe invasive alien plant species sold as decorative plants from twenty-eight large, well known gardening shops in Poland that sold both via the Internet and through traditional customer sales. We also analyzed temporal changes in the number of invasive plants sold in the largest Polish internet auction portal. When sold through the Internet invasive alien plant species were transported considerably longer distances than for traditional sales. For internet sales, seeds of invasive alien plant species were transported further than were live plants saplings; this was not the case for traditional sales. Also, with e-commerce the shape of distance distribution were flattened with low skewness comparing with traditional sale where the distributions were peaked and right-skewed. Thus, e-commerce created novel modes of long-distance dispersal, while traditional sale resembled more natural dispersal modes. Moreover, analysis of sale in the biggest Polish internet auction portal showed that the number of alien specimens sold via the internet has increased markedly over recent years. Therefore internet commerce is likely to increase the rate at which ecological communities become homogenized and increase spread of invasive species by increasing the rate of long distance dispersal.</dc:description>
</oai_dc:dc>