<?xml version="1.0" encoding="UTF-8" standalone="yes"?>
<oai_dc:dc xmlns:dc="http://purl.org/dc/elements/1.1/" xmlns:oai_dc="http://www.openarchives.org/OAI/2.0/oai_dc/" xmlns:xsi="http://www.w3.org/2001/XMLSchema-instance" xsi:schemaLocation="http://www.openarchives.org/OAI/2.0/oai_dc/ http://www.openarchives.org/OAI/2.0/oai_dc.xsd">
  <dc:identifier>http://www.wikidata.org/entity/Q36868443</dc:identifier>
  <dc:identifier>https://www.ncbi.nlm.nih.gov/pmc/articles/PMC4856268</dc:identifier>
  <dc:identifier>doi:10.1371/JOURNAL.PONE.0154201</dc:identifier>
  <dc:title>Distribution and Localised Effects of the Invasive Ascidian Didemnum perlucidum (Monniot 1983) in an Urban Estuary</dc:title>
  <dc:creator>Simpson, Tiffany Schenk</dc:creator>
  <dc:creator>Wernberg, Thomas</dc:creator>
  <dc:creator>McDonald, Justin I</dc:creator>
  <dc:type>journal article</dc:type>
  <dc:date>2016-05-04</dc:date>
  <dc:language>en</dc:language>
  <dc:subject>estuary</dc:subject>
  <dc:subject>Didemnum perlucidum</dc:subject>
  <dc:subject>estuarine invasion</dc:subject>
  <dc:description>Didemnid ascidians are notorious marine invaders, fouling infrastructure in many ecosystems globally. However, there have been few reports of direct interactions with native species in their natural environment. The invasive colonial ascidian Didemnum perlucidum was discovered in the Swan River estuary (Western Australia) growing on the native seagrass Halophila ovalis. Given the known effects of other related Didemnum species it was expected that D. perlucidum could adversely affect the seagrass, with possible flow on effects to the rest of the ecosystem. This study aimed to document the distribution and abundance of D. perlucidum in the estuary, and to determine whether this species had a negative impact on H. ovalis or associated flora and fauna. D. perlucidum was largely present near areas of infrastructure, particularly mooring buoys, suggesting these were the source of D. perlucidum recruits on the seagrasses. It showed a clear seasonal pattern in abundance, with highly variable cover and colony size. D. perlucidum had a measurable effect on H. ovalis, with colonies enveloping all plant tissue, likely restricting the photosynthetic ability of individual leaves and total plant biomass. There were also significantly less seagrass-associated mud snails (Batillaria australis) where D. perlucidum cover was high. These results demonstrate the ability of invasive ascidians to colonise and affect native seagrasses and associated biota. Seagrasses are pivotal to the ecological function of many urban estuaries world-wide. Biodiversity in these systems is already vulnerable to multiple stressors from human activities but the potential stress of fouling ascidians may pose an additional and increasing threat in the future.</dc:description>
</oai_dc:dc>