<?xml version="1.0" encoding="UTF-8" standalone="yes"?>
<oai_dc:dc xmlns:dc="http://purl.org/dc/elements/1.1/" xmlns:oai_dc="http://www.openarchives.org/OAI/2.0/oai_dc/" xmlns:xsi="http://www.w3.org/2001/XMLSchema-instance" xsi:schemaLocation="http://www.openarchives.org/OAI/2.0/oai_dc/ http://www.openarchives.org/OAI/2.0/oai_dc.xsd">
  <dc:identifier>http://www.wikidata.org/entity/Q114909497</dc:identifier>
  <dc:identifier>doi:10.5539/ENRR.V7N4P52</dc:identifier>
  <dc:title>Trends in the Biodiversity and Invasive Species Dynamics: Local Implications on Forest, Grassland and Ruderal Vegetation in Bratislava City, Slovakia, Central Europe</dc:title>
  <dc:creator>Rendeková, Alena</dc:creator>
  <dc:creator>Randakova, Zuzana</dc:creator>
  <dc:creator>Miskovic, Jan</dc:creator>
  <dc:creator>Micieta, Karol</dc:creator>
  <dc:type>journal article</dc:type>
  <dc:date>2017-11-27</dc:date>
  <dc:subject>invasive species</dc:subject>
  <dc:subject>biodiversity</dc:subject>
</oai_dc:dc>