<?xml version="1.0" encoding="UTF-8" standalone="yes"?>
<oai_dc:dc xmlns:dc="http://purl.org/dc/elements/1.1/" xmlns:oai_dc="http://www.openarchives.org/OAI/2.0/oai_dc/" xmlns:xsi="http://www.w3.org/2001/XMLSchema-instance" xsi:schemaLocation="http://www.openarchives.org/OAI/2.0/oai_dc/ http://www.openarchives.org/OAI/2.0/oai_dc.xsd">
  <dc:identifier>http://www.wikidata.org/entity/Q35225380</dc:identifier>
  <dc:identifier>doi:10.1016/J.MARPOLBUL.2014.07.061</dc:identifier>
  <dc:title>ALien Biotic IndEX (ALEX) - a new index for assessing impacts of alien species on benthic communities</dc:title>
  <dc:creator>Cinar, Melih Ertan</dc:creator>
  <dc:creator>Bakir, Kerem</dc:creator>
  <dc:type>journal article</dc:type>
  <dc:date>2014-08-11</dc:date>
  <dc:language>en</dc:language>
  <dc:rights>https://www.elsevier.com/tdm/userlicense/1.0/</dc:rights>
  <dc:subject>invasive species</dc:subject>
  <dc:subject>introduced species</dc:subject>
  <dc:subject>invasion impact</dc:subject>
  <dc:publisher>Elsevier BV</dc:publisher>
  <dc:description>Biotic indices are mainly aimed at assessing levels of deterioration caused by chemical or organic pollution. However, no biotic index to date has been developed to detect impacts of alien species on benthic communities. In this paper, a new biotic index, namely ALEX, is proposed to address the objectives of the Water Framework Directive and was tested in Mersin Bay (Levantine Sea, Turkey). Species were divided into four biogeographic groups, namely native species, casual species, established species and invasive species, and the metric considers the relative importance of these groups in samples. The index classified the ecological status of some stations which are shallow, and close to harbor and river mouths as bad or poor in February and October. The ALEX values were positively and significantly correlated with total nitrogen, silicate and silt percentage in sediment, and negatively correlated with depth and the distance from the harbor.</dc:description>
</oai_dc:dc>