<?xml version="1.0" encoding="UTF-8" standalone="yes"?>
<oai_dc:dc xmlns:dc="http://purl.org/dc/elements/1.1/" xmlns:oai_dc="http://www.openarchives.org/OAI/2.0/oai_dc/" xmlns:xsi="http://www.w3.org/2001/XMLSchema-instance" xsi:schemaLocation="http://www.openarchives.org/OAI/2.0/oai_dc/ http://www.openarchives.org/OAI/2.0/oai_dc.xsd">
  <dc:identifier>http://www.wikidata.org/entity/Q109382989</dc:identifier>
  <dc:identifier>doi:10.3389/FENVS.2021.715350</dc:identifier>
  <dc:title>We Can Better Manage Ecosystems by Connecting Solutions to Constraints: Learning from Wetland Plant Invasions</dc:title>
  <dc:creator>Adams, Carrie Reinhardt</dc:creator>
  <dc:creator>Hovick, Stephen M.</dc:creator>
  <dc:creator>O. Anderson, Neil</dc:creator>
  <dc:creator>Kettenring, Karin M.</dc:creator>
  <dc:type>journal article</dc:type>
  <dc:date>2021-09-01</dc:date>
  <dc:language>en</dc:language>
  <dc:subject>plant invasion</dc:subject>
  <dc:subject>invasion management</dc:subject>
  <dc:subject>aquatic invasion</dc:subject>
</oai_dc:dc>