<?xml version="1.0" encoding="UTF-8" standalone="yes"?>
<oai_dc:dc xmlns:dc="http://purl.org/dc/elements/1.1/" xmlns:oai_dc="http://www.openarchives.org/OAI/2.0/oai_dc/" xmlns:xsi="http://www.w3.org/2001/XMLSchema-instance" xsi:schemaLocation="http://www.openarchives.org/OAI/2.0/oai_dc/ http://www.openarchives.org/OAI/2.0/oai_dc.xsd">
  <dc:identifier>http://www.wikidata.org/entity/Q33342852</dc:identifier>
  <dc:identifier>https://www.ncbi.nlm.nih.gov/pmc/articles/PMC2408967</dc:identifier>
  <dc:identifier>doi:10.1371/JOURNAL.PONE.0002408</dc:identifier>
  <dc:title>Disturbance of social hierarchy by an invasive species: a gene transcription study</dc:title>
  <dc:creator>Roberge, Christian</dc:creator>
  <dc:creator>Blanchet, Simon</dc:creator>
  <dc:creator>Dodson, Julian J</dc:creator>
  <dc:creator>Guderley, Helga</dc:creator>
  <dc:creator>Bernatchez, Louis</dc:creator>
  <dc:type>journal article</dc:type>
  <dc:date>2008-06-11</dc:date>
  <dc:language>en</dc:language>
  <dc:subject>invasion biology</dc:subject>
  <dc:subject>invasive species</dc:subject>
  <dc:subject>invasion genetics</dc:subject>
  <dc:description>&lt;h4&gt;Background&lt;/h4&gt;Ecological and evolutionary changes in native populations facing invasion by exotic species are increasingly reported. Recently, it has been shown that competition with exotic rainbow trout (Oncorhynchus mykiss) disrupts dominance hierarchies within groups of native Atlantic salmon (Salmo salar). The genetic and molecular actors underlying phenotypic plasticity are poorly understood.&lt;h4&gt;Methodology&lt;/h4&gt;Here, we aimed at identifying the genetic and molecular actors contributing to this plastic loss of dominance hierarchies as well as at identifying genes implicated in behaviours related to social dominance. By using microarrays, we compared the genome-wide gene transcription profiles in brains of dominant versus subordinate juvenile Atlantic salmon in presence or absence of a competitive rainbow trout.&lt;h4&gt;Principal findings&lt;/h4&gt;Adding the trout competitor resulted in dominant and subordinate salmon being more similar, both behaviourally and at the level of brain gene transcription patterns. Genes for which transcription levels differed between dominant and subordinate salmon in the absence of exotic trout were mainly over-expressed in dominant salmon and included genes implicated in protein turnover, neuronal structural change and oxygen transport.&lt;h4&gt;Conclusions/significance&lt;/h4&gt;Our study provides one of the few examples demonstrating a close interplay between behavioural plasticity and gene transcription, therefore contributing to the understanding of the molecular mechanisms underlying these processes in an ecologically relevant context.</dc:description>
</oai_dc:dc>