<?xml version="1.0" encoding="UTF-8" standalone="yes"?>
<oai_dc:dc xmlns:dc="http://purl.org/dc/elements/1.1/" xmlns:oai_dc="http://www.openarchives.org/OAI/2.0/oai_dc/" xmlns:xsi="http://www.w3.org/2001/XMLSchema-instance" xsi:schemaLocation="http://www.openarchives.org/OAI/2.0/oai_dc/ http://www.openarchives.org/OAI/2.0/oai_dc.xsd">
  <dc:identifier>http://www.wikidata.org/entity/Q26781258</dc:identifier>
  <dc:identifier>http://eprints.whiterose.ac.uk/106099/</dc:identifier>
  <dc:identifier>doi:10.1371/JOURNAL.PONE.0140833</dc:identifier>
  <dc:title>The Role of Tourism and Recreation in the Spread of Non-Native Species: A Systematic Review and Meta-Analysis</dc:title>
  <dc:creator>Anderson, Lucy G</dc:creator>
  <dc:creator>Rocliffe, Steve</dc:creator>
  <dc:creator>Haddaway, Neal R</dc:creator>
  <dc:creator>Dunn, Alison M</dc:creator>
  <dc:type>journal article</dc:type>
  <dc:date>2015-10-20</dc:date>
  <dc:language>en</dc:language>
  <dc:subject>hypothesis:propagule pressure hypothesis</dc:subject>
  <dc:subject>hypothesis:wikidata.org/entity/Q110620464</dc:subject>
  <dc:subject>tourism</dc:subject>
  <dc:subject>environment</dc:subject>
  <dc:subject>eukaryote</dc:subject>
  <dc:subject>travel</dc:subject>
  <dc:subject>invasive species</dc:subject>
  <dc:subject>systematic review</dc:subject>
  <dc:subject>meta-analysis</dc:subject>
  <dc:subject>introduced species</dc:subject>
  <dc:subject>invasion success</dc:subject>
  <dc:subject>invasion management</dc:subject>
  <dc:description>Managing the pathways by which non-native species are introduced and spread is considered the most effective way of preventing species invasions. Tourism and outdoor recreation involve the frequent congregation of people, vehicles and vessels from geographically diverse areas. They are therefore perceived to be major pathways for the movement of non-native species, and ones that will become increasingly important with the continued growth of these sectors. However, a global assessment of the relationship between tourism activities and the introduction of non-native species-particularly in freshwater and marine environments-is lacking. We conducted a systematic review and meta-analysis to determine the impact of tourism and outdoor recreation on non-native species in terrestrial, marine and freshwater environments. Our results provide quantitative evidence that the abundance and richness of non-native species are significantly higher in sites where tourist activities take place than in control sites. The pattern was consistent across terrestrial, freshwater and marine environments; across a variety of vectors (e.g. horses, hikers, yachts); and across a range of taxonomic groups. These results highlight the need for widespread biosecurity interventions to prevent the inadvertent introduction of invasive non-native species (INNS) as the tourism and outdoor recreation sectors grow.</dc:description>
</oai_dc:dc>