<?xml version="1.0" encoding="UTF-8" standalone="yes"?>
<oai_dc:dc xmlns:dc="http://purl.org/dc/elements/1.1/" xmlns:oai_dc="http://www.openarchives.org/OAI/2.0/oai_dc/" xmlns:xsi="http://www.w3.org/2001/XMLSchema-instance" xsi:schemaLocation="http://www.openarchives.org/OAI/2.0/oai_dc/ http://www.openarchives.org/OAI/2.0/oai_dc.xsd">
  <dc:identifier>http://www.wikidata.org/entity/Q48032936</dc:identifier>
  <dc:identifier>doi:10.1016/J.MOLBIOPARA.2006.05.011</dc:identifier>
  <dc:title>Associations between defined polymorphic variants in the PfRH ligand family and the invasion pathways used by P. falciparum field isolates from Brazil.</dc:title>
  <dc:creator>Lobo, Cheryl-Ann</dc:creator>
  <dc:creator>Rodriguez, Marilis</dc:creator>
  <dc:creator>Struchiner, Claudio J</dc:creator>
  <dc:creator>Zalis, Mariano G</dc:creator>
  <dc:creator>Lustigman, Sara</dc:creator>
  <dc:type>journal article</dc:type>
  <dc:date>2006-06-23</dc:date>
  <dc:language>en</dc:language>
  <dc:subject>Brazil</dc:subject>
  <dc:subject>invasion pathway</dc:subject>
</oai_dc:dc>