<?xml version="1.0" encoding="UTF-8" standalone="yes"?>
<oai_dc:dc xmlns:dc="http://purl.org/dc/elements/1.1/" xmlns:oai_dc="http://www.openarchives.org/OAI/2.0/oai_dc/" xmlns:xsi="http://www.w3.org/2001/XMLSchema-instance" xsi:schemaLocation="http://www.openarchives.org/OAI/2.0/oai_dc/ http://www.openarchives.org/OAI/2.0/oai_dc.xsd">
  <dc:identifier>http://www.wikidata.org/entity/Q110530502</dc:identifier>
  <dc:identifier>doi:10.3389/FEVO.2019.00355</dc:identifier>
  <dc:title>Shared Histories of Co-evolution May Affect Trophic Interactions in a Freshwater Community Dominated by Alien Species</dc:title>
  <dc:creator>Haubrock, Phillip J.</dc:creator>
  <dc:creator>Balzani, Paride</dc:creator>
  <dc:creator>Azzini, Martina</dc:creator>
  <dc:creator>Inghilesi, Alberto F.</dc:creator>
  <dc:creator>Veselý, Lukáš</dc:creator>
  <dc:creator>Guo, Wei</dc:creator>
  <dc:creator>Tricarico, Elena</dc:creator>
  <dc:type>journal article</dc:type>
  <dc:date>2019-09-24</dc:date>
  <dc:subject>invasive species</dc:subject>
  <dc:subject>introduced species</dc:subject>
  <dc:subject>trophic interaction</dc:subject>
</oai_dc:dc>