<?xml version="1.0" encoding="UTF-8" standalone="yes"?>
<oai_dc:dc xmlns:dc="http://purl.org/dc/elements/1.1/" xmlns:oai_dc="http://www.openarchives.org/OAI/2.0/oai_dc/" xmlns:xsi="http://www.w3.org/2001/XMLSchema-instance" xsi:schemaLocation="http://www.openarchives.org/OAI/2.0/oai_dc/ http://www.openarchives.org/OAI/2.0/oai_dc.xsd">
  <dc:identifier>http://www.wikidata.org/entity/Q21191853</dc:identifier>
  <dc:identifier>https://www.ncbi.nlm.nih.gov/pmc/articles/PMC3433699</dc:identifier>
  <dc:identifier>doi:10.3897/ZOOKEYS.219.3439</dc:identifier>
  <dc:title>First record of Zombrus bicolor (Enderlein) (Hymenoptera, Braconidae, Doryctinae) in Western Europe</dc:title>
  <dc:creator>Loni, Augusto</dc:creator>
  <dc:creator>Hart, Robert Spooner</dc:creator>
  <dc:creator>Lucchi, Andrea</dc:creator>
  <dc:type>journal article</dc:type>
  <dc:date>2012-09-04</dc:date>
  <dc:language>en</dc:language>
  <dc:subject>Hymenoptera</dc:subject>
  <dc:subject>Braconidae</dc:subject>
  <dc:description>The finding of Zombrus bicolor (Enderlein) (Hymenoptera: Braconidae: Doryctinae) in a Tuscan vineyard of the Siena province (Italy) represents the first record of this species in western Europe. A female was captured in summer 2009 with a malaise trap located in an organic vineyard. Until this finding, the species was recorded only in the Oriental regions of continental China, Taiwan, Korea and Japan and, very recently, in the eastern and southern parts of the Palaearctic region.</dc:description>
</oai_dc:dc>