<?xml version="1.0" encoding="UTF-8" standalone="yes"?>
<oai_dc:dc xmlns:dc="http://purl.org/dc/elements/1.1/" xmlns:oai_dc="http://www.openarchives.org/OAI/2.0/oai_dc/" xmlns:xsi="http://www.w3.org/2001/XMLSchema-instance" xsi:schemaLocation="http://www.openarchives.org/OAI/2.0/oai_dc/ http://www.openarchives.org/OAI/2.0/oai_dc.xsd">
  <dc:identifier>http://www.wikidata.org/entity/Q56505130</dc:identifier>
  <dc:identifier>doi:10.1016/J.RESOURPOL.2012.10.004</dc:identifier>
  <dc:title>Socioeconomic evaluation of the impact of natural resource stressors on human-use services in the Great Lakes environment: A Lake Michigan case study</dc:title>
  <dc:creator>Breffle, William S.</dc:creator>
  <dc:creator>Muralidharan, Daya</dc:creator>
  <dc:creator>Donovan, Richard P.</dc:creator>
  <dc:creator>Liu, Fangming</dc:creator>
  <dc:creator>Mukherjee, Amlan</dc:creator>
  <dc:creator>Jin, Yongliang</dc:creator>
  <dc:type>journal article</dc:type>
  <dc:date>2013-06</dc:date>
  <dc:language>en</dc:language>
  <dc:rights>https://www.elsevier.com/tdm/userlicense/1.0/</dc:rights>
  <dc:subject>socioeconomics</dc:subject>
  <dc:subject>invasion impact</dc:subject>
  <dc:publisher>Elsevier BV</dc:publisher>
</oai_dc:dc>