<?xml version="1.0" encoding="UTF-8" standalone="yes"?>
<oai_dc:dc xmlns:dc="http://purl.org/dc/elements/1.1/" xmlns:oai_dc="http://www.openarchives.org/OAI/2.0/oai_dc/" xmlns:xsi="http://www.w3.org/2001/XMLSchema-instance" xsi:schemaLocation="http://www.openarchives.org/OAI/2.0/oai_dc/ http://www.openarchives.org/OAI/2.0/oai_dc.xsd">
  <dc:identifier>http://www.wikidata.org/entity/Q56440532</dc:identifier>
  <dc:identifier>doi:10.5194/ESSD-7-239-2015</dc:identifier>
  <dc:title>The IPY 2007–2008 data legacy &ndash; creating open data from IPY publications</dc:title>
  <dc:creator>Driemel, A.</dc:creator>
  <dc:creator>Grobe, H.</dc:creator>
  <dc:creator>Diepenbroek, M.</dc:creator>
  <dc:creator>Grüttemeier, H.</dc:creator>
  <dc:creator>Schumacher, S.</dc:creator>
  <dc:creator>Sieger, R.</dc:creator>
  <dc:type>journal article</dc:type>
  <dc:date>2015-09-08</dc:date>
  <dc:language>en</dc:language>
  <dc:subject>open data</dc:subject>
  <dc:subject>invasion management</dc:subject>
</oai_dc:dc>