<?xml version="1.0" encoding="UTF-8" standalone="yes"?>
<oai_dc:dc xmlns:dc="http://purl.org/dc/elements/1.1/" xmlns:oai_dc="http://www.openarchives.org/OAI/2.0/oai_dc/" xmlns:xsi="http://www.w3.org/2001/XMLSchema-instance" xsi:schemaLocation="http://www.openarchives.org/OAI/2.0/oai_dc/ http://www.openarchives.org/OAI/2.0/oai_dc.xsd">
  <dc:identifier>http://www.wikidata.org/entity/Q113913029</dc:identifier>
  <dc:identifier>doi:10.1002/RRA.4031</dc:identifier>
  <dc:title>Perceptions of the impacts of invasive alien plants in the riparian zone of the Ganga River: Insights from Varanasi, India</dc:title>
  <dc:creator>Singh, Rinku</dc:creator>
  <dc:creator>Tiwari, Amit Kumar</dc:creator>
  <dc:creator>Singh, Gopal Shankar</dc:creator>
  <dc:type>journal article</dc:type>
  <dc:date>2022-08-03</dc:date>
  <dc:language>en</dc:language>
  <dc:subject>aquatic invasion</dc:subject>
  <dc:subject>invasion impact</dc:subject>
</oai_dc:dc>