<?xml version="1.0" encoding="UTF-8" standalone="yes"?>
<oai_dc:dc xmlns:dc="http://purl.org/dc/elements/1.1/" xmlns:oai_dc="http://www.openarchives.org/OAI/2.0/oai_dc/" xmlns:xsi="http://www.w3.org/2001/XMLSchema-instance" xsi:schemaLocation="http://www.openarchives.org/OAI/2.0/oai_dc/ http://www.openarchives.org/OAI/2.0/oai_dc.xsd">
  <dc:identifier>http://www.wikidata.org/entity/Q38647090</dc:identifier>
  <dc:identifier>https://www.ncbi.nlm.nih.gov/pmc/articles/PMC5534020</dc:identifier>
  <dc:identifier>doi:10.1093/AOBPLA/PLX028</dc:identifier>
  <dc:title>Differential responses of invasive and native plants to warming with simulated changes in diurnal temperature ranges</dc:title>
  <dc:creator>Chen, Bao-Ming</dc:creator>
  <dc:creator>Gao, Yang</dc:creator>
  <dc:creator>Liao, Hui-Xuan</dc:creator>
  <dc:creator>Peng, Shao-Lin</dc:creator>
  <dc:type>journal article</dc:type>
  <dc:date>2017-07-24</dc:date>
  <dc:language>en</dc:language>
  <dc:subject>invasion biology</dc:subject>
  <dc:description>Although many studies have documented the effects of global warming on invasive plants, little is known about whether the effects of warming on plant invasion differ depending on the imposed change in different diurnal temperature ranges (DTR). We tested the impact of warming with DTR change on seed germination and seedling growth of eight species in the family Asteraceae. Four of these are invasive (&lt;i&gt;Eupatorium catarium&lt;/i&gt;, &lt;i&gt;Mikania micrantha&lt;/i&gt;, &lt;i&gt;Biodens pilosa&lt;/i&gt; var. &lt;i&gt;radiate&lt;/i&gt;, &lt;i&gt;Ageratum conyzoides&lt;/i&gt;) in China, and four are native (&lt;i&gt;Sonchus arvensis&lt;/i&gt;, &lt;i&gt;Senecios candens&lt;/i&gt;, &lt;i&gt;Pterocypsela indica&lt;/i&gt;, &lt;i&gt;Eupatorium fortunei&lt;/i&gt;). Four temperature treatments were set in growth chambers (three warming by 3 °C with different DTRs and control), and experiments were run to mimic wintertime and summertime conditions. The control treatment (&lt;i&gt;T&lt;sub&gt;c&lt;/sub&gt;&lt;/i&gt; ) was set to the mean temperature for the corresponding time of year, and the three warming treatments were symmetric (i.e. equal night-and-day) (DTR&lt;sub&gt;sym&lt;/sub&gt;), asymmetric warming with increased (DTR&lt;sub&gt;inc&lt;/sub&gt;) and decreased (DTR&lt;sub&gt;dec&lt;/sub&gt;) DTR. The warming treatments did not affect seed germination of invasive species under any of the conditions, but DTR&lt;sub&gt;sym&lt;/sub&gt; and DTR&lt;sub&gt;inc&lt;/sub&gt; increased seed germination of natives relative to the control, suggesting that warming may not increase success of these invasive plant species via effects on seed germination of invasive plants relative to native plants. The invasive plants had higher biomass and greater stem allocation than the native ones under all of the warming treatments. Wintertime warming increased the biomass of the invasive and wintertime DTR&lt;sub&gt;sym&lt;/sub&gt; and DTR&lt;sub&gt;inc&lt;/sub&gt; increased that of the native plants, whereas summertime asymmetric warming decreased the biomass of the invasives but not the natives. Therefore, warming may not facilitate invasion of these invasive species due to the suppressive effects of summertime warming (particularly the asymmetric warming) on growth. Compared with DTR&lt;sub&gt;sym&lt;/sub&gt;, DTR&lt;sub&gt;dec&lt;/sub&gt; decreased the biomass of both the invasive and native plants, while the asymmetric summer warming treatments (DTR&lt;sub&gt;inc&lt;/sub&gt; and DTR&lt;sub&gt;dec&lt;/sub&gt;) decreased the biomass of the invasive but not the native plants. In addition, wintertime DTR&lt;sub&gt;inc&lt;/sub&gt; did not enhance the biomass of all the plants relative to DTR&lt;sub&gt;sym&lt;/sub&gt;. Our results were obtained in an unrealistic setting; the growth conditions in chambers (e.g. low light, low herbivory, no competition) are quite different from natural conditions (high light, normal herbivory and competition), which may influence the effects of warming on the seedling establishment and growth of both invasive and native plants. Nonetheless, our work highlights the importance of asymmetric warming, particularly in regards to the comparison with the effects of symmetric warming on both invasive and native plants. Conclusions regarding the effects of future warming should be made cautiously because warming with different DTRs may suggest different implications for invasion, and effects of warming may be different in different seasons.</dc:description>
</oai_dc:dc>