<?xml version="1.0" encoding="UTF-8" standalone="yes"?>
<oai_dc:dc xmlns:dc="http://purl.org/dc/elements/1.1/" xmlns:oai_dc="http://www.openarchives.org/OAI/2.0/oai_dc/" xmlns:xsi="http://www.w3.org/2001/XMLSchema-instance" xsi:schemaLocation="http://www.openarchives.org/OAI/2.0/oai_dc/ http://www.openarchives.org/OAI/2.0/oai_dc.xsd">
  <dc:identifier>http://www.wikidata.org/entity/Q110663878</dc:identifier>
  <dc:identifier>doi:10.3897/NEOBIOTA.68.67340</dc:identifier>
  <dc:title>﻿Impacts of the invasive round goby (Neogobius melanostomus) on benthic invertebrate fauna: a case study from the Baltic Sea</dc:title>
  <dc:creator>Deurs, Mikael</dc:creator>
  <dc:creator>Moran, Nicholas P.</dc:creator>
  <dc:creator>Plet-Hansen, Kristian Schreiber</dc:creator>
  <dc:creator>Dinesen, Grete E.</dc:creator>
  <dc:creator>Azour, Farivar</dc:creator>
  <dc:creator>Carl, Henrik</dc:creator>
  <dc:creator>Møller, Peter R.</dc:creator>
  <dc:creator>Behrens, Jane W.</dc:creator>
  <dc:type>journal article</dc:type>
  <dc:date>2021-08-19</dc:date>
  <dc:language>en</dc:language>
  <dc:subject>aquatic invasion</dc:subject>
  <dc:subject>Neogobius melanostomus</dc:subject>
  <dc:subject>invasive species</dc:subject>
  <dc:subject>Baltic Sea</dc:subject>
  <dc:subject>invasion impact</dc:subject>
</oai_dc:dc>