<?xml version="1.0" encoding="UTF-8" standalone="yes"?>
<oai_dc:dc xmlns:dc="http://purl.org/dc/elements/1.1/" xmlns:oai_dc="http://www.openarchives.org/OAI/2.0/oai_dc/" xmlns:xsi="http://www.w3.org/2001/XMLSchema-instance" xsi:schemaLocation="http://www.openarchives.org/OAI/2.0/oai_dc/ http://www.openarchives.org/OAI/2.0/oai_dc.xsd">
  <dc:identifier>http://www.wikidata.org/entity/Q21135234</dc:identifier>
  <dc:identifier>doi:10.1371/JOURNAL.PONE.0024337</dc:identifier>
  <dc:title>Population structure of an invasive parthenogenetic gastropod in coastal lakes and estuaries of northern KwaZulu-Natal, South Africa</dc:title>
  <dc:creator>Miranda, Nelson A F</dc:creator>
  <dc:creator>Perissinotto, Renzo</dc:creator>
  <dc:creator>Appleton, Christopher C</dc:creator>
  <dc:type>journal article</dc:type>
  <dc:date>2011</dc:date>
  <dc:language>en</dc:language>
  <dc:subject>lake</dc:subject>
  <dc:subject>South Africa</dc:subject>
  <dc:subject>KwaZulu-Natal</dc:subject>
  <dc:subject>parthenogenesis</dc:subject>
  <dc:subject>estuary</dc:subject>
  <dc:subject>population structure</dc:subject>
  <dc:subject>aquatic invasion</dc:subject>
  <dc:subject>coastal invasion</dc:subject>
  <dc:description>&lt;h4&gt;Background&lt;/h4&gt;Estuaries and coastal lakes receive little attention despite being heavily invaded by non-indigenous invasive species (NIS). In these situations, studies of population dynamics in invaded habitats can provide valuable insights into how NIS interact with new environments. Tarebia granifera is a prosobranch gastropod from south-east Asia which has invaded other sub-tropical parts of the world. This study addresses whether a small number of key environmental factors influences gastropod communities, and specifically how the population density and size structure of T. granifera were influenced by environmental change in estuaries and coastal lakes in southern Africa.&lt;h4&gt;Methodology/principal findings&lt;/h4&gt;T. granifera's density, number of brooded juveniles and size structure were measured at the St. Lucia Estuary, Mgobozeleni Estuary, Lake Sibaya and Lake Nhlange. Size structure was classified according to shell height (SH). All dissected individuals were found to be female and free from trematode infection. Salinity, water depth, temperature, and pH were the main factors correlated with population density of gastropod communities. T. granifera often reached densities well over 1000 ind. m(-2), displacing indigenous gastropods and becoming a dominant component of the benthic community. T. granifera successfully invaded estuaries despite frequent exposure to high salinity and desiccation, which could together eliminate &gt;97% of the population. The persistence of T. granifera was ensured due to its high fecundity and the environmental tolerance of large adults (20-30 mm SH) which carried an average of 158±12.8 SD brooded juveniles. Repeat introductions were not essential for the success of this parthenogenetic NIS.&lt;h4&gt;Conclusion/significance&lt;/h4&gt;There is a need for a broader study on the reproductive biology of T. granifera (including the previously overlooked "brood pouch ecology"), which affects population dynamics and may be relevant to other parthenogenetic NIS, such as Melanoides tuberculata and Potamopyrgus antipodarum.</dc:description>
</oai_dc:dc>