<?xml version="1.0" encoding="UTF-8" standalone="yes"?>
<oai_dc:dc xmlns:dc="http://purl.org/dc/elements/1.1/" xmlns:oai_dc="http://www.openarchives.org/OAI/2.0/oai_dc/" xmlns:xsi="http://www.w3.org/2001/XMLSchema-instance" xsi:schemaLocation="http://www.openarchives.org/OAI/2.0/oai_dc/ http://www.openarchives.org/OAI/2.0/oai_dc.xsd">
  <dc:identifier>http://www.wikidata.org/entity/Q110663939</dc:identifier>
  <dc:identifier>doi:10.3897/NEOBIOTA.55.46874</dc:identifier>
  <dc:title>In-season leaf damage by a biocontrol agent explains reproductive output of an invasive plant species</dc:title>
  <dc:creator>Augustinus, Benno A.</dc:creator>
  <dc:creator>Lommen, Suzanne T. E.</dc:creator>
  <dc:creator>Fogliatto, Silvia</dc:creator>
  <dc:creator>Vidotto, Francesco</dc:creator>
  <dc:creator>Smith, Tessa</dc:creator>
  <dc:creator>Horvath, David</dc:creator>
  <dc:creator>Bonini, Maira</dc:creator>
  <dc:creator>Gentili, Rodolfo F.</dc:creator>
  <dc:creator>Citterio, Sandra</dc:creator>
  <dc:creator>Müller-Schärer, Heinz</dc:creator>
  <dc:creator>Schaffner, Urs</dc:creator>
  <dc:type>journal article</dc:type>
  <dc:date>2020-04-06</dc:date>
  <dc:subject>biocontrol agent</dc:subject>
  <dc:subject>invasive plant</dc:subject>
</oai_dc:dc>