<?xml version="1.0" encoding="UTF-8" standalone="yes"?>
<oai_dc:dc xmlns:dc="http://purl.org/dc/elements/1.1/" xmlns:oai_dc="http://www.openarchives.org/OAI/2.0/oai_dc/" xmlns:xsi="http://www.w3.org/2001/XMLSchema-instance" xsi:schemaLocation="http://www.openarchives.org/OAI/2.0/oai_dc/ http://www.openarchives.org/OAI/2.0/oai_dc.xsd">
  <dc:identifier>http://www.wikidata.org/entity/Q110626263</dc:identifier>
  <dc:identifier>doi:10.1080/23802359.2021.1911705</dc:identifier>
  <dc:title>Complete mitochondrial genome sequence of the global invasive species (Hemiptera: Membracidae: Smiliinae)</dc:title>
  <dc:creator>Yu, Ruitao</dc:creator>
  <dc:creator>Feng, Leining</dc:creator>
  <dc:creator>Yuan, Xiangqun</dc:creator>
  <dc:type>journal article</dc:type>
  <dc:date>2021-05-05</dc:date>
  <dc:language>en</dc:language>
  <dc:subject>invasive species</dc:subject>
  <dc:subject>Hemiptera</dc:subject>
  <dc:subject>Membracidae</dc:subject>
  <dc:description>&lt;i&gt;Stictocephala bisonia&lt;/i&gt; Kopp et Yonke, 1977, an invasive alien species colonizing Taibai County, Shaanxi Province, China, belongs to the subfamily Smiliinae. The total mitogenome sequence size is 15,803 bp in length, consists of 13 protein-coding genes, 22 transfer RNA genes, two ribosomal RNA genes and one control region, and shows a positive AT skew. Phylogenetic analysis results strongly support that treehoppers (Membracidae and Aetalionidae) are monophyletic, and indicate that Smiliinae could be proposed as a separate family.</dc:description>
</oai_dc:dc>