<?xml version="1.0" encoding="UTF-8" standalone="yes"?>
<oai_dc:dc xmlns:dc="http://purl.org/dc/elements/1.1/" xmlns:oai_dc="http://www.openarchives.org/OAI/2.0/oai_dc/" xmlns:xsi="http://www.w3.org/2001/XMLSchema-instance" xsi:schemaLocation="http://www.openarchives.org/OAI/2.0/oai_dc/ http://www.openarchives.org/OAI/2.0/oai_dc.xsd">
  <dc:identifier>http://www.wikidata.org/entity/Q56399162</dc:identifier>
  <dc:identifier>doi:10.1007/S10530-015-0967-3</dc:identifier>
  <dc:title>Range expansion and increasing impact of the introduced wasp Aphidius matricariae Haliday on sub-Antarctic Marion Island</dc:title>
  <dc:creator>Lee, Jennifer E.</dc:creator>
  <dc:creator>Chown, Steven L.</dc:creator>
  <dc:type>journal article</dc:type>
  <dc:date>2016-03-23</dc:date>
  <dc:language>en</dc:language>
  <dc:subject>range expansion</dc:subject>
  <dc:subject>Aphidius matricariae</dc:subject>
  <dc:subject>invasion impact</dc:subject>
</oai_dc:dc>