<?xml version="1.0" encoding="UTF-8" standalone="yes"?>
<oai_dc:dc xmlns:dc="http://purl.org/dc/elements/1.1/" xmlns:oai_dc="http://www.openarchives.org/OAI/2.0/oai_dc/" xmlns:xsi="http://www.w3.org/2001/XMLSchema-instance" xsi:schemaLocation="http://www.openarchives.org/OAI/2.0/oai_dc/ http://www.openarchives.org/OAI/2.0/oai_dc.xsd">
  <dc:identifier>http://www.wikidata.org/entity/Q30573681</dc:identifier>
  <dc:identifier>https://www.ncbi.nlm.nih.gov/pmc/articles/PMC3469613</dc:identifier>
  <dc:identifier>doi:10.1371/JOURNAL.PONE.0046373</dc:identifier>
  <dc:title>Climate change likely to facilitate the invasion of the non-native hydroid, Cordylophora caspia, in the San Francisco Estuary</dc:title>
  <dc:creator>Meek, Mariah H</dc:creator>
  <dc:creator>Wintzer, Alpa P</dc:creator>
  <dc:creator>Wetzel, William C</dc:creator>
  <dc:creator>May, Bernie</dc:creator>
  <dc:type>journal article</dc:type>
  <dc:date>2012-10-11</dc:date>
  <dc:language>en</dc:language>
  <dc:subject>climate change</dc:subject>
  <dc:subject>San Francisco</dc:subject>
  <dc:subject>estuary</dc:subject>
  <dc:subject>invasion facilitation</dc:subject>
  <dc:subject>Cordylophora caspia</dc:subject>
  <dc:subject>estuarine invasion</dc:subject>
  <dc:description>Climate change and invasive species can both have negative impacts on native species diversity. Additionally, climate change has the potential to favor invasive species over natives, dealing a double blow to native biodiversity. It is, therefore, vital to determine how changing climate conditions are directly linked to demographic rates and population growth of non-native species so we can quantitatively evaluate how invasive populations may be affected by changing conditions and, in turn, impact native species. Cordylophora caspia, a hydrozoan from the Ponto-Caspian region, has become established in the brackish water habitats of the San Francisco Estuary (SFE). We conducted laboratory experiments to study how temperature and salinity affect C. caspia population growth rates, in order to predict possible responses to climate change. C. Caspia population growth increased nonlinearly with temperature and leveled off at a maximum growth rate near the annual maximum temperature predicted under a conservative climate change scenario. Increasing salinity, however, did not influence growth rates. Our results indicate that C. caspia populations in the SFE will benefit from predicted regional warming trends and be little affected by changes in salinity. The population of C. caspia in the SFE has the potential to thrive under future climate conditions and may subsequently increase its negative impact on the food web.</dc:description>
</oai_dc:dc>