<?xml version="1.0" encoding="UTF-8" standalone="yes"?>
<oai_dc:dc xmlns:dc="http://purl.org/dc/elements/1.1/" xmlns:oai_dc="http://www.openarchives.org/OAI/2.0/oai_dc/" xmlns:xsi="http://www.w3.org/2001/XMLSchema-instance" xsi:schemaLocation="http://www.openarchives.org/OAI/2.0/oai_dc/ http://www.openarchives.org/OAI/2.0/oai_dc.xsd">
  <dc:identifier>http://www.wikidata.org/entity/Q35772656</dc:identifier>
  <dc:identifier>doi:10.1371/JOURNAL.PONE.0137836</dc:identifier>
  <dc:title>The Invasive American Weed Parthenium hysterophorus Can Negatively Impact Malaria Control in Africa</dc:title>
  <dc:creator>O Nyasembe, Vincent</dc:creator>
  <dc:creator>Cheseto, Xavier</dc:creator>
  <dc:creator>Kaplan, Fatma</dc:creator>
  <dc:creator>Foster, Woodbridge A</dc:creator>
  <dc:creator>Teal, Peter E A</dc:creator>
  <dc:creator>Tumlinson, James H</dc:creator>
  <dc:creator>Borgemeister, Christian</dc:creator>
  <dc:creator>Torto, Baldwyn</dc:creator>
  <dc:type>journal article</dc:type>
  <dc:date>2015-09-14</dc:date>
  <dc:language>en</dc:language>
  <dc:subject>malaria</dc:subject>
  <dc:subject>Parthenium hysterophorus</dc:subject>
  <dc:subject>invasive species</dc:subject>
  <dc:subject>invasion impact</dc:subject>
  <dc:description>The direct negative effects of invasive plant species on agriculture and biodiversity are well known, but their indirect effects on human health, and particularly their interactions with disease-transmitting vectors, remains poorly explored. This study sought to investigate the impact of the invasive Neotropical weed Parthenium hysterophorus and its toxins on the survival and energy reserves of the malaria vector Anopheles gambiae. In this study, we compared the fitness of An. gambiae fed on three differentially attractive mosquito host plants and their major toxins; the highly aggressive invasive Neotropical weed Parthenium hysterophorus (Asteraceae) in East Africa and two other adapted weeds, Ricinus communis (Euphorbiaceae) and Bidens pilosa (Asteraceae). Our results showed that female An. gambiae fitness varied with host plants as females survived better and accumulated substantial energy reserves when fed on P. hysterophorus and R. communis compared to B. pilosa. Females tolerated parthenin and 1-phenylhepta-1, 3, 5-triyne, the toxins produced by P. hysterophorus and B. pilosa, respectively, but not ricinine produced by R. communis. Given that invasive plants like P. hysterophorus can suppress or even replace less competitive species that might be less suitable host-plants for arthropod disease vectors, the spread of invasive plants could lead to higher disease transmission. Parthenium hysterophorus represents a possible indirect effect of invasive plants on human health, which underpins the need to include an additional health dimension in risk-analysis modelling for invasive plants.</dc:description>
</oai_dc:dc>