<?xml version="1.0" encoding="UTF-8" standalone="yes"?>
<oai_dc:dc xmlns:dc="http://purl.org/dc/elements/1.1/" xmlns:oai_dc="http://www.openarchives.org/OAI/2.0/oai_dc/" xmlns:xsi="http://www.w3.org/2001/XMLSchema-instance" xsi:schemaLocation="http://www.openarchives.org/OAI/2.0/oai_dc/ http://www.openarchives.org/OAI/2.0/oai_dc.xsd">
  <dc:identifier>http://www.wikidata.org/entity/Q61798395</dc:identifier>
  <dc:identifier>doi:10.1186/S12898-019-0224-1</dc:identifier>
  <dc:title>Ecological plasticity and commercial impact of invasive marbled crayfish populations in Madagascar</dc:title>
  <dc:creator>Andriantsoa, Ranja</dc:creator>
  <dc:creator>Tönges, Sina</dc:creator>
  <dc:creator>Panteleit, Jörn</dc:creator>
  <dc:creator>Theissinger, Kathrin</dc:creator>
  <dc:creator>Carneiro, Vitor Coutinho</dc:creator>
  <dc:creator>Rasamy, Jeanne</dc:creator>
  <dc:creator>Lyko, Frank</dc:creator>
  <dc:type>journal article</dc:type>
  <dc:date>2019-02-06</dc:date>
  <dc:language>en</dc:language>
  <dc:subject>crayfish plague</dc:subject>
  <dc:subject>Marbled crayfish</dc:subject>
  <dc:subject>ecological plasticity</dc:subject>
  <dc:subject>invasive species</dc:subject>
  <dc:subject>invasion biology</dc:subject>
  <dc:subject>invasion impact</dc:subject>
  <dc:description>BACKGROUND:The marbled crayfish (Procambarus virginalis) is a monoclonal, parthenogenetically reproducing freshwater crayfish species that has formed multiple stable populations worldwide. Madagascar hosts a particularly large and rapidly expanding colony of marbled crayfish in a unique environment characterized by a very high degree of ecological diversity. RESULTS:Here we provide a detailed characterization of five marbled crayfish populations in Madagascar and their habitats. Our data show that the animals can tolerate a wide range of ecological parameters, consistent with their invasive potential. While we detected marbled crayfish in sympatry with endemic crayfish species, we found no evidence for the transmission of the crayfish plague pathogen, a potentially devastating oomycete. Furthermore, our results also suggest that marbled crayfish are active predators of the freshwater snails that function as intermediate hosts for human schistosomiasis. Finally, we document fishing, farming and market sales of marbled crayfish in Madagascar. CONCLUSIONS:Our results provide a paradigm for the complex network of factors that promotes the invasive spread of marbled crayfish. The commercial value of the animals is likely to result in further anthropogenic distribution.</dc:description>
</oai_dc:dc>