<?xml version="1.0" encoding="UTF-8" standalone="yes"?>
<oai_dc:dc xmlns:dc="http://purl.org/dc/elements/1.1/" xmlns:oai_dc="http://www.openarchives.org/OAI/2.0/oai_dc/" xmlns:xsi="http://www.w3.org/2001/XMLSchema-instance" xsi:schemaLocation="http://www.openarchives.org/OAI/2.0/oai_dc/ http://www.openarchives.org/OAI/2.0/oai_dc.xsd">
  <dc:identifier>http://www.wikidata.org/entity/Q56781781</dc:identifier>
  <dc:identifier>doi:10.1071/ZO06011</dc:identifier>
  <dc:title>Behavioural responses of Australian freshwater crayfish (Cherax cainii and Cherax albidus) to exotic fish odour</dc:title>
  <dc:creator>Height, S. G.</dc:creator>
  <dc:creator>Whisson, G. J.</dc:creator>
  <dc:type>journal article</dc:type>
  <dc:date>2006</dc:date>
  <dc:language>en</dc:language>
  <dc:subject>hypothesis:disturbance hypothesis</dc:subject>
  <dc:subject>hypothesis:wikidata.org/entity/Q115794757</dc:subject>
  <dc:subject>fresh water</dc:subject>
  <dc:subject>Cherax albidus</dc:subject>
  <dc:subject>Cherax cainii</dc:subject>
</oai_dc:dc>