<?xml version="1.0" encoding="UTF-8" standalone="yes"?>
<oai_dc:dc xmlns:dc="http://purl.org/dc/elements/1.1/" xmlns:oai_dc="http://www.openarchives.org/OAI/2.0/oai_dc/" xmlns:xsi="http://www.w3.org/2001/XMLSchema-instance" xsi:schemaLocation="http://www.openarchives.org/OAI/2.0/oai_dc/ http://www.openarchives.org/OAI/2.0/oai_dc.xsd">
  <dc:identifier>http://www.wikidata.org/entity/Q97568000</dc:identifier>
  <dc:identifier>https://www.ncbi.nlm.nih.gov/pmc/articles/PMC7411904</dc:identifier>
  <dc:identifier>doi:10.3390/INSECTS11070422</dc:identifier>
  <dc:title>Trypanosomatids Detected in the Invasive Avian Parasite Philornis downsi (Diptera: Muscidae) in the Galapagos Islands</dc:title>
  <dc:creator>Pike, Courtney L</dc:creator>
  <dc:creator>Lincango, María Piedad</dc:creator>
  <dc:creator>Causton, Charlotte E</dc:creator>
  <dc:creator>Parker, Patricia G</dc:creator>
  <dc:type>journal article</dc:type>
  <dc:date>2020-07-09</dc:date>
  <dc:language>en</dc:language>
  <dc:subject>Philornis downsi</dc:subject>
  <dc:subject>invasive species</dc:subject>
  <dc:subject>Muscidae</dc:subject>
  <dc:subject>Galapagos Islands</dc:subject>
  <dc:description>Alien insect species may present a multifaceted threat to ecosystems into which they are introduced. In addition to the direct damage they may cause, they may also bring novel diseases and parasites and/or have the capacity to vector microorganisms that are already established in the ecosystem and are causing harm. Damage caused by ectoparasitic larvae of the invasive fly, Philornisdownsi (Dodge and Aitken) to nestlings of endemic birds in the Galapagos Islands is well documented, but nothing is known about whether this fly is itself associated with parasites or pathogens. In this study, diagnostic molecular methods indicated the presence of insect trypanosomatids in P. downsi; to our knowledge, this is the first record of insect trypanosomatids associated with Philornis species. Phylogenetic estimates and evolutionary distances indicate these species are most closely related to the Crithidia and Blastocrithidia genera, which are not currently reported in the Galapagos Islands. The prevalence of trypanosomatids indicates either P. downsi arrived with its own parasites or that it is a highly suitable host for trypanosomatids already found in the Galapagos Islands, or both. We recommend further studies to determine the origin of the trypanosomatid infections to better evaluate threats to endemic fauna of the Galapagos Islands.</dc:description>
</oai_dc:dc>