<?xml version="1.0" encoding="UTF-8" standalone="yes"?>
<oai_dc:dc xmlns:dc="http://purl.org/dc/elements/1.1/" xmlns:oai_dc="http://www.openarchives.org/OAI/2.0/oai_dc/" xmlns:xsi="http://www.w3.org/2001/XMLSchema-instance" xsi:schemaLocation="http://www.openarchives.org/OAI/2.0/oai_dc/ http://www.openarchives.org/OAI/2.0/oai_dc.xsd">
  <dc:identifier>http://www.wikidata.org/entity/Q110829706</dc:identifier>
  <dc:identifier>https://www.ncbi.nlm.nih.gov/pmc/articles/PMC7586742</dc:identifier>
  <dc:identifier>doi:10.1093/AOBPLA/PLAA043</dc:identifier>
  <dc:title>Spatial genetic structure of the invasive tree to determine migration patterns to inform best practices for riparian restoration</dc:title>
  <dc:creator>Yaegashi, Sakiko</dc:creator>
  <dc:creator>Omura, Tatsuo</dc:creator>
  <dc:creator>Watanabe, Kozo</dc:creator>
  <dc:type>journal article</dc:type>
  <dc:date>2020-10</dc:date>
  <dc:language>en</dc:language>
  <dc:subject>invasive tree</dc:subject>
  <dc:subject>invasion genetics</dc:subject>
  <dc:subject>stream restoration</dc:subject>
  <dc:subject>aquatic invasion</dc:subject>
  <dc:subject>biological invasion</dc:subject>
  <dc:description>The black locust &lt;i&gt;Robinia pseudoacacia&lt;/i&gt; (Robinieae, Fabaceae) is a common invasive riparian tree in Japan. There are less effective management strategies to remove the tree from the riparian area because of its quickly established high population. We investigated the expansion patterns of &lt;i&gt;R. pseudoacacia&lt;/i&gt; through sympatric (i.e. between high- and low-water channel (HWC/LWC) within a study site) and allopatric (i.e. along river corridor) dispersal in the Tama River (Tokyo, Japan). Four microsatellites were used to examine the effects of gene flow on six populations in three sites. These subpopulations showed small genetic distance (i.e. no barrier or slightly limited) and genetically mixed population structure. It indicated that both sympatric and allopatric dispersals were active. Many migrants were younger individuals (i.e. &lt;5 years old) and were found in the LWC area. Thus, the LWC could receive more migrants than the HWC through both types of dispersals. In addition, our age and genetic structure analyses reveal that recruited individuals likely settled immediately after the clearing project of &lt;i&gt;R. pseudoacacia&lt;/i&gt; through sympatric dispersal. It appears that the migration by allopatric dispersal occurred following this. For the effective management of &lt;i&gt;R. pseudoacacia&lt;/i&gt;, migrants should be removed regularly following initial removal of invaders during site restoration.</dc:description>
</oai_dc:dc>