<?xml version="1.0" encoding="UTF-8" standalone="yes"?>
<oai_dc:dc xmlns:dc="http://purl.org/dc/elements/1.1/" xmlns:oai_dc="http://www.openarchives.org/OAI/2.0/oai_dc/" xmlns:xsi="http://www.w3.org/2001/XMLSchema-instance" xsi:schemaLocation="http://www.openarchives.org/OAI/2.0/oai_dc/ http://www.openarchives.org/OAI/2.0/oai_dc.xsd">
  <dc:identifier>http://www.wikidata.org/entity/Q34542621</dc:identifier>
  <dc:identifier>https://www.ncbi.nlm.nih.gov/pmc/articles/PMC3531523</dc:identifier>
  <dc:identifier>doi:10.1371/JOURNAL.PNTD.0001989</dc:identifier>
  <dc:title>The native Wolbachia symbionts limit transmission of dengue virus in Aedes albopictus</dc:title>
  <dc:creator>Mousson, Laurence</dc:creator>
  <dc:creator>Zouache, Karima</dc:creator>
  <dc:creator>Arias-Goeta, Camilo</dc:creator>
  <dc:creator>Raquin, Vincent</dc:creator>
  <dc:creator>Mavingui, Patrick</dc:creator>
  <dc:creator>Failloux, Anna-Bella</dc:creator>
  <dc:type>journal article</dc:type>
  <dc:date>2012-12-27</dc:date>
  <dc:language>en</dc:language>
  <dc:subject>Asian tiger mosquito</dc:subject>
  <dc:subject>Chikungunya virus</dc:subject>
  <dc:subject>Wolbachia</dc:subject>
  <dc:subject>Dengue virus</dc:subject>
  <dc:description>&lt;h4&gt;Background&lt;/h4&gt;The chikungunya (CHIK) outbreak that struck La Reunion Island in 2005 was preceded by few human cases of Dengue (DEN), but which surprisingly did not lead to an epidemic as might have been expected in a non-immune population. Both arboviral diseases are transmitted to humans by two main mosquito species, Aedes aegypti and Aedes albopictus. In the absence of the former, Ae. albopictus was the only species responsible for viral transmission on La Reunion Island. This mosquito is naturally super-infected with two Wolbachia strains, wAlbA and wAlbB. While Wolbachia does not affect replication of CHIK virus (CHIKV) in Ae. albopictus, a similar effect was not observed with DEN virus (DENV).&lt;h4&gt;Methods/principal findings&lt;/h4&gt;To understand the weak vectorial status of Ae. albopictus towards DENV, we used experimental oral infections of mosquitoes from La Reunion Island to characterize the impact of Wolbachia on DENV infection. Viral loads and Wolbachia densities were measured by quantitative PCR in different organs of Ae. albopictus where DENV replication takes place after ingestion. We found that: (i) Wolbachia does not affect viral replication, (ii) Wolbachia restricts viral density in salivary glands, and (iii) Wolbachia limits transmission of DENV, as infectious viral particles were only detected in the saliva of Wolbachia-uninfected Ae. albopictus, 14 days after the infectious blood-meal.&lt;h4&gt;Conclusions&lt;/h4&gt;We show that Wolbachia does not affect the replication of DENV in Ae. albopictus. However, Wolbachia is able to reduce viral infection of salivary glands and limit transmission, suggesting a role of Wolbachia in naturally restricting the transmission of DENV in Ae. albopictus from La Reunion Island. The extension of this conclusion to other Ae. albopictus populations should be investigated.</dc:description>
</oai_dc:dc>