<?xml version="1.0" encoding="UTF-8" standalone="yes"?>
<oai_dc:dc xmlns:dc="http://purl.org/dc/elements/1.1/" xmlns:oai_dc="http://www.openarchives.org/OAI/2.0/oai_dc/" xmlns:xsi="http://www.w3.org/2001/XMLSchema-instance" xsi:schemaLocation="http://www.openarchives.org/OAI/2.0/oai_dc/ http://www.openarchives.org/OAI/2.0/oai_dc.xsd">
  <dc:identifier>http://www.wikidata.org/entity/Q56458566</dc:identifier>
  <dc:identifier>doi:10.3897/ZSE.90.8688</dc:identifier>
  <dc:title>Checklist of freshwater symbiotic temnocephalans (Platyhelminthes, Rhabditophora, Temnocephalida) from the Neotropics</dc:title>
  <dc:creator>Damborenea, Cristina</dc:creator>
  <dc:creator>Aquino, Andres Martinez</dc:creator>
  <dc:creator>Brusa, Francisco</dc:creator>
  <dc:type>journal article</dc:type>
  <dc:date>2014-10-10</dc:date>
  <dc:language>en</dc:language>
  <dc:subject>fresh water</dc:subject>
  <dc:subject>Neotropical realm</dc:subject>
  <dc:subject>Platyhelminthes</dc:subject>
</oai_dc:dc>