<?xml version="1.0" encoding="UTF-8" standalone="yes"?>
<oai_dc:dc xmlns:dc="http://purl.org/dc/elements/1.1/" xmlns:oai_dc="http://www.openarchives.org/OAI/2.0/oai_dc/" xmlns:xsi="http://www.w3.org/2001/XMLSchema-instance" xsi:schemaLocation="http://www.openarchives.org/OAI/2.0/oai_dc/ http://www.openarchives.org/OAI/2.0/oai_dc.xsd">
  <dc:identifier>http://www.wikidata.org/entity/Q110626028</dc:identifier>
  <dc:identifier>doi:10.1371/JOURNAL.PONE.0251086</dc:identifier>
  <dc:title>Current status (as of end of 2020) of marine alien species in Turkey</dc:title>
  <dc:creator>Çinar, Melih Ertan</dc:creator>
  <dc:creator>Bilecenoğlu, Murat</dc:creator>
  <dc:creator>Yokeş, Baki</dc:creator>
  <dc:creator>Öztürk, Bilal</dc:creator>
  <dc:creator>Taşkin, Ergün</dc:creator>
  <dc:creator>Bakir, Kerem</dc:creator>
  <dc:creator>Doğan, Alper</dc:creator>
  <dc:creator>Açik, Şermin</dc:creator>
  <dc:type>journal article</dc:type>
  <dc:date>2021</dc:date>
  <dc:language>en</dc:language>
  <dc:subject>invasive species</dc:subject>
  <dc:subject>introduced species</dc:subject>
  <dc:description>The 2020's update of marine alien species list from Turkey yielded a total of 539 species belonging to 18 taxonomic groups, 404 of which have become established in the region and 135 species are casual. A total of 185 new alien species have been added to the list since the previous update of 2011. The present compilation includes reports of an ascidian species (Rhodosoma turcicum) new to the marine fauna of Turkey and range extensions of six species. Among the established species, 105 species have invasive characters at least in one zoogeographic region, comprising 19% of all alien species. Mollusca ranked first in terms of the number of species (123 species), followed by Foraminifera (91 species), Pisces (80 species) and Arthropoda (79 species). The number of alien species found in seas surrounding Turkey ranged from 28 (Black Sea) to 413 (Levantine Sea). The vectoral importance of the Suez Canal diminishes when moving from south to north, accounting for 72% of species introductions in the Levantine Sea vs. only 11% of species introductions in the Black Sea. Most alien species on the coasts of Turkey were originated from the Red Sea (58%), due to the proximity of the country to the Suez Canal. Shipping activities transported 39% of alien species, mainly from the Indo-Pacific area (20%) and the Atlantic Ocean (10%). Misidentified species (such as Pterois volitans, Trachurus declivis, etc.) and species those classified as questionable or cryptogenic were omitted from the list based on new data gathered in the last decade and expert judgements. The documented impacts of invasive species on socio-economy, biodiversity and human health in the last decade as well as the legislation and management backgrounds against alien species in Turkey are presented.</dc:description>
</oai_dc:dc>