<?xml version="1.0" encoding="UTF-8" standalone="yes"?>
<oai_dc:dc xmlns:dc="http://purl.org/dc/elements/1.1/" xmlns:oai_dc="http://www.openarchives.org/OAI/2.0/oai_dc/" xmlns:xsi="http://www.w3.org/2001/XMLSchema-instance" xsi:schemaLocation="http://www.openarchives.org/OAI/2.0/oai_dc/ http://www.openarchives.org/OAI/2.0/oai_dc.xsd">
  <dc:identifier>http://www.wikidata.org/entity/Q111159364</dc:identifier>
  <dc:identifier>doi:10.3375/043.037.0204</dc:identifier>
  <dc:title>Targeting Introduced Species to Improve Plant Community Composition on USFWS-Managed Prairie Remnants</dc:title>
  <dc:creator>Kobiela, Breanna</dc:creator>
  <dc:creator>Quast, Jonathon</dc:creator>
  <dc:creator>Dixon, Cami</dc:creator>
  <dc:creator>DeKeyser, Edward S.</dc:creator>
  <dc:type>journal article</dc:type>
  <dc:date>2017-03-21</dc:date>
  <dc:subject>introduced species</dc:subject>
  <dc:subject>invasion management</dc:subject>
</oai_dc:dc>