<?xml version="1.0" encoding="UTF-8" standalone="yes"?>
<oai_dc:dc xmlns:dc="http://purl.org/dc/elements/1.1/" xmlns:oai_dc="http://www.openarchives.org/OAI/2.0/oai_dc/" xmlns:xsi="http://www.w3.org/2001/XMLSchema-instance" xsi:schemaLocation="http://www.openarchives.org/OAI/2.0/oai_dc/ http://www.openarchives.org/OAI/2.0/oai_dc.xsd">
  <dc:identifier>http://www.wikidata.org/entity/Q68349186</dc:identifier>
  <dc:identifier>doi:10.3390/W11091857</dc:identifier>
  <dc:title>Changes in a Fish Community in a Small River Related to the Appearance of the Invasive Topmouth Gudgeon Pseudorasbora parva (Temminck &amp; Schlegel, 1846)</dc:title>
  <dc:creator>Rechulicz, Jacek</dc:creator>
  <dc:type>journal article</dc:type>
  <dc:date>2019-09-06</dc:date>
  <dc:language>en</dc:language>
  <dc:subject>aquatic science</dc:subject>
  <dc:subject>Pseudorasbora parva</dc:subject>
  <dc:subject>aquatic invasion</dc:subject>
  <dc:subject>invasive species</dc:subject>
</oai_dc:dc>