<?xml version="1.0" encoding="UTF-8" standalone="yes"?>
<oai_dc:dc xmlns:dc="http://purl.org/dc/elements/1.1/" xmlns:oai_dc="http://www.openarchives.org/OAI/2.0/oai_dc/" xmlns:xsi="http://www.w3.org/2001/XMLSchema-instance" xsi:schemaLocation="http://www.openarchives.org/OAI/2.0/oai_dc/ http://www.openarchives.org/OAI/2.0/oai_dc.xsd">
  <dc:identifier>http://www.wikidata.org/entity/Q56457829</dc:identifier>
  <dc:identifier>doi:10.2980/21-(3-4)-3710</dc:identifier>
  <dc:title>Effects of silviculture intensity on plant diversity response patterns in young managed northern temperate and boreal forests</dc:title>
  <dc:creator>Bell, F. Wayne</dc:creator>
  <dc:creator>Hunt, Shelley</dc:creator>
  <dc:creator>Dacosta, Jennifer</dc:creator>
  <dc:creator>Sharma, Mahadev</dc:creator>
  <dc:creator>Larocque, Guy R.</dc:creator>
  <dc:creator>Winters, John A.</dc:creator>
  <dc:creator>Newmaster, Steven G.</dc:creator>
  <dc:type>journal article</dc:type>
  <dc:date>2014-09</dc:date>
  <dc:language>en</dc:language>
  <dc:subject>biodiversity</dc:subject>
  <dc:subject>taiga</dc:subject>
  <dc:subject>invasion management</dc:subject>
  <dc:publisher>Informa UK Limited</dc:publisher>
</oai_dc:dc>