<?xml version="1.0" encoding="UTF-8" standalone="yes"?>
<oai_dc:dc xmlns:dc="http://purl.org/dc/elements/1.1/" xmlns:oai_dc="http://www.openarchives.org/OAI/2.0/oai_dc/" xmlns:xsi="http://www.w3.org/2001/XMLSchema-instance" xsi:schemaLocation="http://www.openarchives.org/OAI/2.0/oai_dc/ http://www.openarchives.org/OAI/2.0/oai_dc.xsd">
  <dc:identifier>http://www.wikidata.org/entity/Q48024072</dc:identifier>
  <dc:identifier>https://www.ncbi.nlm.nih.gov/pmc/articles/PMC5793375</dc:identifier>
  <dc:identifier>doi:10.1186/S13071-018-2644-8</dc:identifier>
  <dc:title>Would the control of invasive alien plants reduce malaria transmission? A review.</dc:title>
  <dc:creator>Stone, Christopher M</dc:creator>
  <dc:creator>Witt, Arne B R</dc:creator>
  <dc:creator>Walsh, Guillermo Cabrera</dc:creator>
  <dc:creator>Foster, Woodbridge A</dc:creator>
  <dc:creator>Murphy, Sean T</dc:creator>
  <dc:type>journal article</dc:type>
  <dc:date>2018-02-01</dc:date>
  <dc:language>en</dc:language>
  <dc:subject>invasion biology</dc:subject>
  <dc:subject>malaria transmission</dc:subject>
  <dc:subject>mosquito vectors</dc:subject>
  <dc:subject>environment</dc:subject>
  <dc:subject>eukaryote</dc:subject>
  <dc:subject>invasive species</dc:subject>
  <dc:description>Vector control has been the most effective preventive measure against malaria and other vector-borne diseases. However, due to concerns such as insecticide resistance and budget shortfalls, an integrated control approach will be required to ensure sustainable, long-term effectiveness. An integrated management strategy should entail some aspects of environmental management, relying on coordination between various scientific disciplines. Here, we review one such environmental control tactic: invasive alien plant management. This covers salient plant-mosquito interactions for both terrestrial and aquatic invasive plants and how these affect a vector's ability to transmit malaria. Invasive plants tend to have longer flowering durations, more vigorous growth, and their spread can result in an increase in biomass, particularly in areas where previously little vegetation existed. Some invasive alien plants provide shelter or resting sites for adult mosquitoes and are also attractive nectar-producing hosts, enhancing their vectorial capacity. We conclude that these plants may increase malaria transmission rates in certain environments, though many questions still need to be answered, to determine how often this conclusion holds. However, in the case of aquatic invasive plants, available evidence suggests that the management of these plants would contribute to malaria control. We also examine and review the opportunities for large-scale invasive alien plant management, including options for biological control. Finally, we highlight the research priorities that must be addressed in order to ensure that integrated vector and invasive alien plant management operate in a synergistic fashion.</dc:description>
</oai_dc:dc>