<?xml version="1.0" encoding="UTF-8" standalone="yes"?>
<oai_dc:dc xmlns:dc="http://purl.org/dc/elements/1.1/" xmlns:oai_dc="http://www.openarchives.org/OAI/2.0/oai_dc/" xmlns:xsi="http://www.w3.org/2001/XMLSchema-instance" xsi:schemaLocation="http://www.openarchives.org/OAI/2.0/oai_dc/ http://www.openarchives.org/OAI/2.0/oai_dc.xsd">
  <dc:identifier>http://www.wikidata.org/entity/Q30395831</dc:identifier>
  <dc:identifier>doi:10.1371/JOURNAL.PONE.0025629</dc:identifier>
  <dc:title>Nitrogen level changes the interactions between a native (Scirpus triqueter) and an exotic species (Spartina anglica) in Coastal China</dc:title>
  <dc:creator>Li, Hong-li</dc:creator>
  <dc:creator>Lei, Guang-chun</dc:creator>
  <dc:creator>Zhi, Ying-biao</dc:creator>
  <dc:creator>An, Shu-qing</dc:creator>
  <dc:creator>Huang, He-ping</dc:creator>
  <dc:creator>Ouyang, Yan</dc:creator>
  <dc:creator>Zhao, Lei</dc:creator>
  <dc:creator>Deng, Zi-fa</dc:creator>
  <dc:creator>Liu, Yu-hong</dc:creator>
  <dc:type>journal article</dc:type>
  <dc:date>2011-10-05</dc:date>
  <dc:language>en</dc:language>
  <dc:subject>Scirpus triqueter</dc:subject>
  <dc:subject>Spartina anglica</dc:subject>
  <dc:description>The exotic species Spartina anglica, introduced from Europe in 1963, has been experiencing a decline in the past decade in coastal China, but the reasons for the decline are still not clear. It is hypothesized that competition with the native species Scirpus triqueter may have played an important role in the decline due to niche overlap in the field. We measured biomass, leaf number and area, asexual reproduction and relative neighborhood effect (RNE) of the two species in both monoculture and mixture under three nitrogen levels (control, low and high). S. anglica showed significantly lower biomass accumulation, leaf number and asexual reproduction in mixture than in monoculture. The inter- and intra-specific RNE of S. anglica were all positive, and the inter-specific RNE was significantly higher than the intra-specific RNE in the control. For S. triqueter, inter- and intra-specific RNE were negative at the high nitrogen level but positive in the control and at the low nitrogen level. This indicates that S. triqueter exerted an asymmetric competitive advantage over S. anglica in the control and low nitrogen conditions; however, S. anglica facilitated growth of S. triqueter in high nitrogen conditions. Nitrogen level changed the interactions between the two species because S. triqueter better tolerated low nitrogen. Since S. anglica is increasingly confined to upper, more nitrogen-limited marsh areas in coastal China, increased competition from S. triqueter may help explain its decline.</dc:description>
</oai_dc:dc>