<?xml version="1.0" encoding="UTF-8" standalone="yes"?>
<oai_dc:dc xmlns:dc="http://purl.org/dc/elements/1.1/" xmlns:oai_dc="http://www.openarchives.org/OAI/2.0/oai_dc/" xmlns:xsi="http://www.w3.org/2001/XMLSchema-instance" xsi:schemaLocation="http://www.openarchives.org/OAI/2.0/oai_dc/ http://www.openarchives.org/OAI/2.0/oai_dc.xsd">
  <dc:identifier>http://www.wikidata.org/entity/Q110829138</dc:identifier>
  <dc:identifier>doi:10.3390/W11112395</dc:identifier>
  <dc:title>Invasive Alien Vines Affect Leaf Traits of Riparian Woody Vegetation</dc:title>
  <dc:creator>Grašič, Mateja</dc:creator>
  <dc:creator>Piberčnik, Mateja</dc:creator>
  <dc:creator>Zelnik, Igor</dc:creator>
  <dc:creator>Abram, Dragan</dc:creator>
  <dc:creator>Gaberščik, Alenka</dc:creator>
  <dc:type>journal article</dc:type>
  <dc:date>2019-11-15</dc:date>
  <dc:subject>invasive species</dc:subject>
  <dc:subject>invasive trait</dc:subject>
  <dc:subject>leaf trait</dc:subject>
  <dc:subject>aquatic invasion</dc:subject>
</oai_dc:dc>