<?xml version="1.0" encoding="UTF-8" standalone="yes"?>
<oai_dc:dc xmlns:dc="http://purl.org/dc/elements/1.1/" xmlns:oai_dc="http://www.openarchives.org/OAI/2.0/oai_dc/" xmlns:xsi="http://www.w3.org/2001/XMLSchema-instance" xsi:schemaLocation="http://www.openarchives.org/OAI/2.0/oai_dc/ http://www.openarchives.org/OAI/2.0/oai_dc.xsd">
  <dc:identifier>http://www.wikidata.org/entity/Q112785549</dc:identifier>
  <dc:identifier>doi:10.1017/INP.2021.28</dc:identifier>
  <dc:title>Simulated trampling by cattle negatively impacts invasive yellow-flag iris (&lt;i&gt;Iris pseudacorus&lt;/i&gt;) when submerged</dc:title>
  <dc:creator>Stoneburner, Alex L.</dc:creator>
  <dc:creator>Meiman, Paul J.</dc:creator>
  <dc:creator>Ocheltree, Troy W.</dc:creator>
  <dc:creator>Nissen, Scott J.</dc:creator>
  <dc:creator>Bradfield, Scott J.</dc:creator>
  <dc:type>journal article</dc:type>
  <dc:date>2021-09-06</dc:date>
  <dc:rights>https://creativecommons.org/licenses/by/4.0/</dc:rights>
  <dc:subject>Iris pseudacorus</dc:subject>
  <dc:subject>Iris pseudacorus</dc:subject>
  <dc:publisher>Cambridge University Press (CUP)</dc:publisher>
  <dc:description>&lt;jats:title&gt;Abstract&lt;/jats:title&gt;&lt;jats:p&gt;Yellow-flag iris (&lt;jats:italic&gt;Iris pseudacorus&lt;/jats:italic&gt; L.) is a nonnative, invasive wetland plant that disrupts riparian ecosystem processes and is widely distributed across the United States and Canada. Due to its physiological and morphological characteristics, &lt;jats:italic&gt;I. pseudacorus&lt;/jats:italic&gt; has the capacity to exclude native vegetation and form extensive monocultures in both lotic and lentic wetland systems. Methods commonly used to manage &lt;jats:italic&gt;I. pseudacorus&lt;/jats:italic&gt; include manual (e.g., hand pulling, digging) and mechanical (e.g., mowing) treatments for small populations and herbicide applications for larger populations; however, herbicide applications near water may be prohibited due to label restrictions. The objective of this research was to evaluate cattle trampling as a nonchemical method to reduce &lt;jats:italic&gt;I. pseudacorus&lt;/jats:italic&gt; in riparian habitats. A greenhouse study was conducted to investigate the effects of inundation and two different timings of simulated trampling on &lt;jats:italic&gt;I. pseudacorus&lt;/jats:italic&gt; density, height, and soluble sugar concentrations in the rhizomes. A complementary field demonstration was established on a ranch in northwestern Nebraska to evaluate cattle trampling effects on &lt;jats:italic&gt;I. pseudacorus&lt;/jats:italic&gt; density and height after two consecutive years. Simulated cattle trampling in the greenhouse had no effect on &lt;jats:italic&gt;I. pseudacorus&lt;/jats:italic&gt; density or height of non-inundated samples. However, combining trampling with inundation reduced &lt;jats:italic&gt;I. pseudacorus&lt;/jats:italic&gt; density from a median of 10 &lt;jats:italic&gt;I. pseudacorus&lt;/jats:italic&gt; per pot to 0 &lt;jats:italic&gt;I. pseudacorus&lt;/jats:italic&gt; per pot and median height from 0.35 m to 0 m by the conclusion of the study. Additionally, the field demonstration resulted in reductions of both density and height of &lt;jats:italic&gt;I. pseudacorus&lt;/jats:italic&gt; after two consecutive years (72% and 67% reduction, respectively). Soluble sugar concentrations were not impacted by any treatment.&lt;/jats:p&gt;</dc:description>
</oai_dc:dc>