<?xml version="1.0" encoding="UTF-8" standalone="yes"?>
<oai_dc:dc xmlns:dc="http://purl.org/dc/elements/1.1/" xmlns:oai_dc="http://www.openarchives.org/OAI/2.0/oai_dc/" xmlns:xsi="http://www.w3.org/2001/XMLSchema-instance" xsi:schemaLocation="http://www.openarchives.org/OAI/2.0/oai_dc/ http://www.openarchives.org/OAI/2.0/oai_dc.xsd">
  <dc:identifier>http://www.wikidata.org/entity/Q107468732</dc:identifier>
  <dc:identifier>doi:10.3897/NEOBIOTA.66.67648</dc:identifier>
  <dc:title>Landscape restoration due to Xylella fastidiosa invasion in Italy: Assessing the hypothetical public’s preferences</dc:title>
  <dc:creator>Frem, Michel</dc:creator>
  <dc:creator>Santeramo, Fabio Gaetano</dc:creator>
  <dc:creator>Lamonaca, Emilia</dc:creator>
  <dc:creator>Moujabber, Maroun El</dc:creator>
  <dc:creator>Choueiri, Elia</dc:creator>
  <dc:creator>La Notte, Pierfederico</dc:creator>
  <dc:creator>Nigro, Franco</dc:creator>
  <dc:creator>Bozzo, Francesco</dc:creator>
  <dc:creator>Fucilli, Vincenzo</dc:creator>
  <dc:type>journal article</dc:type>
  <dc:date>2021-07-02</dc:date>
  <dc:language>en</dc:language>
  <dc:rights>http://creativecommons.org/licenses/by/4.0/</dc:rights>
  <dc:subject>aquatic science</dc:subject>
  <dc:subject>Xylella fastidiosa</dc:subject>
  <dc:subject>invasive species</dc:subject>
  <dc:subject>biological invasion</dc:subject>
  <dc:publisher>Pensoft Publishers</dc:publisher>
  <dc:description>&lt;jats:p&gt;Since 2013, the olive landscapes have gradually degenerated due to the spread and establishment of Xylella fastidiosa subsp. pauca (hereafter &lt;jats:italic&gt;Xf&lt;/jats:italic&gt;) in Apulia, southern Italy. From 2013 to 2019, a total of approximately 54,000 hectares of olive orchards in the south of this region have been seriously damaged, and their restoration will progressively regenerate the economic, social, cultural and environmental nonmarket benefits. Since there is a willingness to restore the affected landscape in the best interest of the local citizens, this research aims to predict their preference heterogeneity and willingness to pay (WTP) to improve this landscape and continue research and experimentation in relation to Olive Quick Decline Syndrome Disease by the bacterium. For this purpose, a choice experiment method is used. The social field survey includes a representative sample of 683 respondents in three major cities (Foggia, Bari and Lecce) of Apulia region. The results reveal that for the local citizens interviewed, the most appreciated olive landscape services are cultural heritage and aesthetic values. In addition, the findings revealed citizens’ positive appreciation of improving the damaged olive landscape, while respondents are not willing to pay a premium for research. The results show that the average value that Apulians are willing to pay for landscape restoration is about 5.7 million of € per year. Further, this research has implications for land use planners in the study area, which faces issues of harmful pathogen management and land revival.&lt;/jats:p&gt;</dc:description>
</oai_dc:dc>