<?xml version="1.0" encoding="UTF-8" standalone="yes"?>
<oai_dc:dc xmlns:dc="http://purl.org/dc/elements/1.1/" xmlns:oai_dc="http://www.openarchives.org/OAI/2.0/oai_dc/" xmlns:xsi="http://www.w3.org/2001/XMLSchema-instance" xsi:schemaLocation="http://www.openarchives.org/OAI/2.0/oai_dc/ http://www.openarchives.org/OAI/2.0/oai_dc.xsd">
  <dc:identifier>http://www.wikidata.org/entity/Q110829699</dc:identifier>
  <dc:identifier>doi:10.1080/23311932.2019.1654649</dc:identifier>
  <dc:title>Effects of water hyacinth invasion on sustainability of fishing livelihoods along the River Tano and Abby-Tano Lagoon, Ghana</dc:title>
  <dc:creator>Segbefia, Alexander Y.</dc:creator>
  <dc:creator>Honlah, Emmanuel</dc:creator>
  <dc:creator>O. Appiah, Divine</dc:creator>
  <dc:type>journal article</dc:type>
  <dc:date>2019-01-01</dc:date>
  <dc:language>en</dc:language>
  <dc:subject>Ghana</dc:subject>
  <dc:subject>aquatic invasion</dc:subject>
</oai_dc:dc>