<?xml version="1.0" encoding="UTF-8" standalone="yes"?>
<oai_dc:dc xmlns:dc="http://purl.org/dc/elements/1.1/" xmlns:oai_dc="http://www.openarchives.org/OAI/2.0/oai_dc/" xmlns:xsi="http://www.w3.org/2001/XMLSchema-instance" xsi:schemaLocation="http://www.openarchives.org/OAI/2.0/oai_dc/ http://www.openarchives.org/OAI/2.0/oai_dc.xsd">
  <dc:identifier>http://www.wikidata.org/entity/Q110663936</dc:identifier>
  <dc:identifier>doi:10.3897/NEOBIOTA.54.39465</dc:identifier>
  <dc:title>Effects of osmotic and thermal shock on the invasive aquatic mudsnail Potamopyrgus antipodarum: mortality and physiology under stressful conditions</dc:title>
  <dc:creator>Paolucci, Esteban M.</dc:creator>
  <dc:creator>Thuesen, Erik V.</dc:creator>
  <dc:type>journal article</dc:type>
  <dc:date>2020-01-09</dc:date>
  <dc:language>en</dc:language>
  <dc:subject>aquatic invasion</dc:subject>
  <dc:subject>New Zealand mud snail</dc:subject>
  <dc:subject>invasive species</dc:subject>
</oai_dc:dc>