<?xml version="1.0" encoding="UTF-8" standalone="yes"?>
<oai_dc:dc xmlns:dc="http://purl.org/dc/elements/1.1/" xmlns:oai_dc="http://www.openarchives.org/OAI/2.0/oai_dc/" xmlns:xsi="http://www.w3.org/2001/XMLSchema-instance" xsi:schemaLocation="http://www.openarchives.org/OAI/2.0/oai_dc/ http://www.openarchives.org/OAI/2.0/oai_dc.xsd">
  <dc:identifier>http://www.wikidata.org/entity/Q110829135</dc:identifier>
  <dc:identifier>doi:10.3390/SU12041448</dc:identifier>
  <dc:title>Squeezed from All Sides: Urbanization, Invasive Species, and Climate Change Threaten Riparian Forest Buffers</dc:title>
  <dc:creator>Johnson, Lea</dc:creator>
  <dc:creator>Trammell, Tara</dc:creator>
  <dc:creator>Bishop, Tracie</dc:creator>
  <dc:creator>Barth, Joshua</dc:creator>
  <dc:creator>Drzyzga, Scott</dc:creator>
  <dc:creator>Jantz, Claire</dc:creator>
  <dc:type>journal article</dc:type>
  <dc:date>2020-02-15</dc:date>
  <dc:language>en</dc:language>
  <dc:subject>invasive species</dc:subject>
  <dc:subject>climate change</dc:subject>
  <dc:subject>aquatic invasion</dc:subject>
</oai_dc:dc>