<?xml version="1.0" encoding="UTF-8" standalone="yes"?>
<oai_dc:dc xmlns:dc="http://purl.org/dc/elements/1.1/" xmlns:oai_dc="http://www.openarchives.org/OAI/2.0/oai_dc/" xmlns:xsi="http://www.w3.org/2001/XMLSchema-instance" xsi:schemaLocation="http://www.openarchives.org/OAI/2.0/oai_dc/ http://www.openarchives.org/OAI/2.0/oai_dc.xsd">
  <dc:identifier>http://www.wikidata.org/entity/Q28658085</dc:identifier>
  <dc:identifier>https://www.ncbi.nlm.nih.gov/pmc/articles/PMC3946178</dc:identifier>
  <dc:identifier>doi:10.1371/JOURNAL.PONE.0090598</dc:identifier>
  <dc:title>Phylogeny, systematics and biogeography of the genus panolis (lepidoptera: noctuidae) based on morphological and molecular evidence</dc:title>
  <dc:creator>Wang, Houshuai</dc:creator>
  <dc:creator>Fan, Xiaoling</dc:creator>
  <dc:creator>Owada, Mamoru</dc:creator>
  <dc:creator>Wang, Min</dc:creator>
  <dc:creator>Nylin, Sören</dc:creator>
  <dc:type>journal article</dc:type>
  <dc:date>2014</dc:date>
  <dc:language>en</dc:language>
  <dc:subject>biogeography</dc:subject>
  <dc:subject>Lepidoptera</dc:subject>
  <dc:subject>phylogenetics</dc:subject>
  <dc:subject>Noctuidae</dc:subject>
  <dc:description>The genus Panolis is a small group of noctuid moths with six recognized species distributed from Europe to East Asia, and best known for containing the widespread Palearctic pest species P. flammea, the pine beauty moth. However, a reliable classification and robust phylogenetic framework for this group of potentially economic importance are currently lacking. Here, we use morphological and molecular data (mitochondrial genes cytochrome c oxidase subunit I and 16S ribosomal RNA, nuclear gene elongation factor-1 alpha) to reconstruct the phylogeny of this genus, with a comprehensive systematic revision of all recognized species and a new one, P. ningshan sp. nov. The analysis results of maximum parsimony, maximum likelihood and Bayesian inferring methods for the combined morphological and molecular data sets are highly congruent, resulting in a robust phylogeny and identification of two clear species groups, i.e., the P. flammea species group and the P. exquisita species group. We also estimate the divergence times of Panolis moths using two conventional mutation rates for the arthropod mitochondrial COI gene with a comparison of two molecular clock models, as well as reconstruct their ancestral areas. Our results suggest that 1) Panolis is a young clade, originating from the Oriental region in China in the Late Miocene (6-10Mya), with an ancestral species in the P. flammea group extending northward to the Palearctic region some 3-6 Mya; 2) there is a clear possibility for a representative of the Palearctic clade to become established as an invasive species in the Nearctic taiga.</dc:description>
</oai_dc:dc>