<?xml version="1.0" encoding="UTF-8" standalone="yes"?>
<oai_dc:dc xmlns:dc="http://purl.org/dc/elements/1.1/" xmlns:oai_dc="http://www.openarchives.org/OAI/2.0/oai_dc/" xmlns:xsi="http://www.w3.org/2001/XMLSchema-instance" xsi:schemaLocation="http://www.openarchives.org/OAI/2.0/oai_dc/ http://www.openarchives.org/OAI/2.0/oai_dc.xsd">
  <dc:identifier>http://www.wikidata.org/entity/Q110829169</dc:identifier>
  <dc:identifier>doi:10.1051/KMAE/2018018</dc:identifier>
  <dc:title>Phenology of overland dispersal in the invasive crayfish Faxonius immunis (Hagen) at the Upper Rhine River area</dc:title>
  <dc:creator>Herrmann, Alexander</dc:creator>
  <dc:creator>Schnabler, Adam</dc:creator>
  <dc:creator>Martens, Andreas</dc:creator>
  <dc:type>journal article</dc:type>
  <dc:date>2018</dc:date>
  <dc:language>en</dc:language>
  <dc:subject>invasive crayfish</dc:subject>
  <dc:subject>Faxonius immunis</dc:subject>
  <dc:subject>invasive species</dc:subject>
  <dc:subject>aquatic invasion</dc:subject>
  <dc:subject>phenology</dc:subject>
</oai_dc:dc>