<?xml version="1.0" encoding="UTF-8" standalone="yes"?>
<oai_dc:dc xmlns:dc="http://purl.org/dc/elements/1.1/" xmlns:oai_dc="http://www.openarchives.org/OAI/2.0/oai_dc/" xmlns:xsi="http://www.w3.org/2001/XMLSchema-instance" xsi:schemaLocation="http://www.openarchives.org/OAI/2.0/oai_dc/ http://www.openarchives.org/OAI/2.0/oai_dc.xsd">
  <dc:identifier>http://www.wikidata.org/entity/Q36139931</dc:identifier>
  <dc:identifier>doi:10.1371/JOURNAL.PONE.0152520</dc:identifier>
  <dc:title>Occupancy of the Invasive Feral Cat Varies with Habitat Complexity</dc:title>
  <dc:creator>Hohnen, Rosemary</dc:creator>
  <dc:creator>Tuft, Katherine</dc:creator>
  <dc:creator>McGregor, Hugh</dc:creator>
  <dc:creator>Legge, Sarah</dc:creator>
  <dc:creator>Radford, Ian J</dc:creator>
  <dc:creator>Johnson, Chris N</dc:creator>
  <dc:type>journal article</dc:type>
  <dc:date>2016-09-21</dc:date>
  <dc:language>en</dc:language>
  <dc:subject>habitat</dc:subject>
  <dc:subject>habitat complexity</dc:subject>
  <dc:subject>biological invasion</dc:subject>
  <dc:description>The domestic cat (Felis catus) is an invasive exotic in many locations around the world and is thought to be a key factor driving recent mammal declines across northern Australia. Many mammal species native to this region now persist only in areas with high topographic complexity, provided by features such as gorges or escarpments. Do mammals persist in these habitats because cats occupy them less, or despite high cat occupancy? We show that occupancy of feral cats was lower in mammal-rich habitats of high topographic complexity. These results support the idea that predation pressure by feral cats is a factor contributing to the collapse of mammal communities across northern Australia. Managing impacts of feral cats is a global conservation challenge. Conservation actions such as choosing sites for small mammal reintroductions may be more successful if variation in cat occupancy with landscape features is taken into account.</dc:description>
</oai_dc:dc>