<?xml version="1.0" encoding="UTF-8" standalone="yes"?>
<oai_dc:dc xmlns:dc="http://purl.org/dc/elements/1.1/" xmlns:oai_dc="http://www.openarchives.org/OAI/2.0/oai_dc/" xmlns:xsi="http://www.w3.org/2001/XMLSchema-instance" xsi:schemaLocation="http://www.openarchives.org/OAI/2.0/oai_dc/ http://www.openarchives.org/OAI/2.0/oai_dc.xsd">
  <dc:identifier>http://www.wikidata.org/entity/Q114911692</dc:identifier>
  <dc:identifier>doi:10.4236/OJE.2015.55019</dc:identifier>
  <dc:title>Marine Species Introduced on the French Channel-Atlantic Coasts: A Review of Main Biological Invasions and Impacts</dc:title>
  <dc:creator>Stiger-Pouvreau, Valérie</dc:creator>
  <dc:creator>Thouzeau, Gérard</dc:creator>
  <dc:type>journal article</dc:type>
  <dc:date>2015-07-02</dc:date>
  <dc:subject>biological invasion</dc:subject>
  <dc:subject>coastal invasion</dc:subject>
</oai_dc:dc>