<?xml version="1.0" encoding="UTF-8" standalone="yes"?>
<oai_dc:dc xmlns:dc="http://purl.org/dc/elements/1.1/" xmlns:oai_dc="http://www.openarchives.org/OAI/2.0/oai_dc/" xmlns:xsi="http://www.w3.org/2001/XMLSchema-instance" xsi:schemaLocation="http://www.openarchives.org/OAI/2.0/oai_dc/ http://www.openarchives.org/OAI/2.0/oai_dc.xsd">
  <dc:identifier>http://www.wikidata.org/entity/Q30394957</dc:identifier>
  <dc:identifier>doi:10.1371/JOURNAL.PONE.0041580</dc:identifier>
  <dc:title>Survival, growth and reproduction of non-native Nile tilapia II: fundamental niche projections and invasion potential in the northern Gulf of Mexico</dc:title>
  <dc:creator>Lowe, Michael R</dc:creator>
  <dc:creator>Wu, Wei</dc:creator>
  <dc:creator>Peterson, Mark S</dc:creator>
  <dc:creator>Brown-Peterson, Nancy J</dc:creator>
  <dc:creator>Slack, William T</dc:creator>
  <dc:creator>Schofield, Pamela J</dc:creator>
  <dc:type>journal article</dc:type>
  <dc:date>2012-07-27</dc:date>
  <dc:language>en</dc:language>
  <dc:subject>Gulf of Mexico</dc:subject>
  <dc:subject>invasion potential</dc:subject>
  <dc:description>Understanding the fundamental niche of invasive species facilitates our ability to predict both dispersal patterns and invasion success and therefore provides the basis for better-informed conservation and management policies. Here we focus on Nile tilapia (Oreochromis niloticus Linnaeus, 1758), one of the most widely cultured fish worldwide and a species that has escaped local aquaculture facilities to become established in a coastal-draining river in Mississippi (northern Gulf of Mexico). Using empirical physiological data, logistic regression models were developed to predict the probabilities of Nile tilapia survival, growth, and reproduction at different combinations of temperature (14 and 30°C) and salinity (0-60, by increments of 10). These predictive models were combined with kriged seasonal salinity data derived from multiple long-term data sets to project the species' fundamental niche in Mississippi coastal waters during normal salinity years (averaged across all years) and salinity patterns in extremely wet and dry years (which might emerge more frequently under scenarios of climate change). The derived fundamental niche projections showed that during the summer, Nile tilapia is capable of surviving throughout Mississippi's coastal waters but growth and reproduction were limited to river mouths (or upriver). Overwinter survival was also limited to river mouths. The areas where Nile tilapia could survive, grow, and reproduce increased during extremely wet years (2-368%) and decreased during extremely dry years (86-92%) in the summer with a similar pattern holding for overwinter survival. These results indicate that Nile tilapia is capable of 1) using saline waters to gain access to other watersheds throughout the region and 2) establishing populations in nearshore, low-salinity waters, particularly in the western portion of coastal Mississippi.</dc:description>
</oai_dc:dc>