<?xml version="1.0" encoding="UTF-8" standalone="yes"?>
<oai_dc:dc xmlns:dc="http://purl.org/dc/elements/1.1/" xmlns:oai_dc="http://www.openarchives.org/OAI/2.0/oai_dc/" xmlns:xsi="http://www.w3.org/2001/XMLSchema-instance" xsi:schemaLocation="http://www.openarchives.org/OAI/2.0/oai_dc/ http://www.openarchives.org/OAI/2.0/oai_dc.xsd">
  <dc:identifier>http://www.wikidata.org/entity/Q56441740</dc:identifier>
  <dc:identifier>doi:10.1007/S10530-014-0733-Y</dc:identifier>
  <dc:title>Testing for multiple invasion routes and source populations for the invasive brown treesnake (Boiga irregularis) on Guam: implications for pest management</dc:title>
  <dc:creator>Richmond, Jonathan Q.</dc:creator>
  <dc:creator>Wood, Dustin A.</dc:creator>
  <dc:creator>Stanford, James W.</dc:creator>
  <dc:creator>Fisher, Robert N.</dc:creator>
  <dc:type>journal article</dc:type>
  <dc:date>2014-06-19</dc:date>
  <dc:language>en</dc:language>
  <dc:rights>http://www.springer.com/tdm</dc:rights>
  <dc:subject>Brown tree snake</dc:subject>
  <dc:subject>invasive species</dc:subject>
  <dc:subject>invasion management</dc:subject>
  <dc:subject>invasion pathway</dc:subject>
  <dc:publisher>Springer Science and Business Media LLC</dc:publisher>
</oai_dc:dc>