<?xml version="1.0" encoding="UTF-8" standalone="yes"?>
<oai_dc:dc xmlns:dc="http://purl.org/dc/elements/1.1/" xmlns:oai_dc="http://www.openarchives.org/OAI/2.0/oai_dc/" xmlns:xsi="http://www.w3.org/2001/XMLSchema-instance" xsi:schemaLocation="http://www.openarchives.org/OAI/2.0/oai_dc/ http://www.openarchives.org/OAI/2.0/oai_dc.xsd">
  <dc:identifier>http://www.wikidata.org/entity/Q57042025</dc:identifier>
  <dc:identifier>doi:10.1023/B:JICO.0000027454.78591.97</dc:identifier>
  <dc:title>Impact of the invasive crazy ant Anoplolepis gracilipes on Bird Island, Seychelles</dc:title>
  <dc:creator>Gerlach, J.</dc:creator>
  <dc:type>journal article</dc:type>
  <dc:date>2004-03</dc:date>
  <dc:language>en</dc:language>
  <dc:subject>Anoplolepis gracilipes</dc:subject>
  <dc:subject>invasive species</dc:subject>
  <dc:subject>invasion impact</dc:subject>
  <dc:publisher>Springer Science and Business Media LLC</dc:publisher>
</oai_dc:dc>