<?xml version="1.0" encoding="UTF-8" standalone="yes"?>
<oai_dc:dc xmlns:dc="http://purl.org/dc/elements/1.1/" xmlns:oai_dc="http://www.openarchives.org/OAI/2.0/oai_dc/" xmlns:xsi="http://www.w3.org/2001/XMLSchema-instance" xsi:schemaLocation="http://www.openarchives.org/OAI/2.0/oai_dc/ http://www.openarchives.org/OAI/2.0/oai_dc.xsd">
  <dc:identifier>http://www.wikidata.org/entity/Q30584267</dc:identifier>
  <dc:identifier>https://www.ncbi.nlm.nih.gov/pmc/articles/PMC3526602</dc:identifier>
  <dc:identifier>doi:10.1371/JOURNAL.PONE.0049000</dc:identifier>
  <dc:title>Rapid development of adaptive, climate-driven clinal variation in seed mass in the invasive annual Forb Echium plantagineum L.</dc:title>
  <dc:creator>Konarzewski, Tara K</dc:creator>
  <dc:creator>Murray, Brad R</dc:creator>
  <dc:creator>Godfree, Robert C</dc:creator>
  <dc:type>journal article</dc:type>
  <dc:date>2012-12-19</dc:date>
  <dc:language>en</dc:language>
  <dc:subject>Echium plantagineum</dc:subject>
  <dc:subject>invasive species</dc:subject>
  <dc:subject>seed mass</dc:subject>
  <dc:subject>invasive plant</dc:subject>
  <dc:description>We examined adaptive clinal variation in seed mass among populations of an invasive annual species, Echium plantagineum, in response to climatic selection. We collected seeds from 34 field populations from a 1,000 km long temperature and rainfall gradient across the species' introduced range in south-eastern Australia. Seeds were germinated, grown to reproductive age under common glasshouse conditions, and progeny seeds were harvested and weighed. Analyses showed that seed mass was significantly related to climatic factors, with populations sourced from hotter, more arid sites producing heavier seeds than populations from cooler and wetter sites. Seed mass was not related to edaphic factors. We also found that seed mass was significantly related to both longitude and latitude with each degree of longitude west and latitude north increasing seed mass by around 2.5% and 4% on average. There was little evidence that within-population or between-population variation in seed mass varied in a systematic manner across the study region. Our findings provide compelling evidence for development of a strong cline in seed mass across the geographic range of a widespread and highly successful invasive annual forb. Since large seed mass is known to provide reproductive assurance for plants in arid environments, our results support the hypothesis that the fitness and range potential of invasive species can increase as a result of genetic divergence of populations along broad climatic gradients. In E. plantagineum population-level differentiation has occurred in 150 years or less, indicating that the adaptation process can be rapid.</dc:description>
</oai_dc:dc>