<?xml version="1.0" encoding="UTF-8" standalone="yes"?>
<oai_dc:dc xmlns:dc="http://purl.org/dc/elements/1.1/" xmlns:oai_dc="http://www.openarchives.org/OAI/2.0/oai_dc/" xmlns:xsi="http://www.w3.org/2001/XMLSchema-instance" xsi:schemaLocation="http://www.openarchives.org/OAI/2.0/oai_dc/ http://www.openarchives.org/OAI/2.0/oai_dc.xsd">
  <dc:identifier>http://www.wikidata.org/entity/Q56355393</dc:identifier>
  <dc:identifier>doi:10.4102/ABC.V47I2.2172</dc:identifier>
  <dc:title>Changes in the composition and distribution of alien plants in South Africa: An update from the Southern African Plant Invaders Atlas</dc:title>
  <dc:creator>Henderson, Lesley</dc:creator>
  <dc:creator>Wilson, John R.U.</dc:creator>
  <dc:type>journal article</dc:type>
  <dc:date>2017-03-31</dc:date>
  <dc:language>en</dc:language>
  <dc:subject>South Africa</dc:subject>
</oai_dc:dc>