<?xml version="1.0" encoding="UTF-8" standalone="yes"?>
<oai_dc:dc xmlns:dc="http://purl.org/dc/elements/1.1/" xmlns:oai_dc="http://www.openarchives.org/OAI/2.0/oai_dc/" xmlns:xsi="http://www.w3.org/2001/XMLSchema-instance" xsi:schemaLocation="http://www.openarchives.org/OAI/2.0/oai_dc/ http://www.openarchives.org/OAI/2.0/oai_dc.xsd">
  <dc:identifier>http://www.wikidata.org/entity/Q34531731</dc:identifier>
  <dc:identifier>doi:10.1371/JOURNAL.PONE.0051249</dc:identifier>
  <dc:title>Invasive mussels alter the littoral food web of a large lake: stable isotopes reveal drastic shifts in sources and flow of energy</dc:title>
  <dc:creator>Ozersky, Ted</dc:creator>
  <dc:creator>O Evans, David</dc:creator>
  <dc:creator>Barton, David R</dc:creator>
  <dc:type>journal article</dc:type>
  <dc:date>2012-12-17</dc:date>
  <dc:language>en</dc:language>
  <dc:subject>lake</dc:subject>
  <dc:subject>food web</dc:subject>
  <dc:subject>stable isotope</dc:subject>
  <dc:subject>aquatic invasion</dc:subject>
  <dc:description>We investigated how establishment of invasive dreissenid mussels impacted the structure and energy sources of the littoral benthic food web of a large temperate lake. We combined information about pre- and postdreissenid abundance, biomass, and secondary production of the littoral benthos with results of carbon and nitrogen stable isotope analysis of archival (predreissenid) and recent (postdreissenid) samples of all common benthic taxa. This approach enabled us to determine the importance of benthic and sestonic carbon to the littoral food web before, and more than a decade after dreissenid establishment. Long term dreissenid presence was associated with a 32-fold increase in abundance, 6-fold increase in biomass, and 14-fold increase in secondary production of the littoral benthos. Dreissenids comprised a large portion of the post-invasion benthos, making up 13, 38, and 56% of total abundance, biomass, and secondary production, respectively. The predreissenid food web was supported primarily by benthic primary production, while sestonic material was relatively more important to the postdreissenid food web. The absolute importance of both sestonic material and benthic primary production to the littoral benthos increased considerably following dreissenid establishment. Our results show drastic alterations to food web structure and suggest that dreissenid mussels redirect energy and material from the water column to the littoral benthos both through biodeposition of sestonic material as well as stimulation of benthic primary production.</dc:description>
</oai_dc:dc>