<?xml version="1.0" encoding="UTF-8" standalone="yes"?>
<oai_dc:dc xmlns:dc="http://purl.org/dc/elements/1.1/" xmlns:oai_dc="http://www.openarchives.org/OAI/2.0/oai_dc/" xmlns:xsi="http://www.w3.org/2001/XMLSchema-instance" xsi:schemaLocation="http://www.openarchives.org/OAI/2.0/oai_dc/ http://www.openarchives.org/OAI/2.0/oai_dc.xsd">
  <dc:identifier>http://www.wikidata.org/entity/Q36482787</dc:identifier>
  <dc:identifier>https://www.ncbi.nlm.nih.gov/pmc/articles/PMC3528285</dc:identifier>
  <dc:identifier>doi:10.3390/V4123665</dc:identifier>
  <dc:title>Biological invasions of geminiviruses: case study of TYLCV and Bemisia tabaci in Reunion Island</dc:title>
  <dc:creator>Péréfarres, Frédéric</dc:creator>
  <dc:creator>Thierry, Magali</dc:creator>
  <dc:creator>Becker, Nathalie</dc:creator>
  <dc:creator>Lefeuvre, Pierre</dc:creator>
  <dc:creator>Reynaud, Bernard</dc:creator>
  <dc:creator>Delatte, Hélène</dc:creator>
  <dc:creator>Lett, Jean-Michel</dc:creator>
  <dc:type>journal article</dc:type>
  <dc:date>2012-12-12</dc:date>
  <dc:language>en</dc:language>
  <dc:subject>plant disease</dc:subject>
  <dc:subject>eukaryote</dc:subject>
  <dc:subject>virus</dc:subject>
  <dc:subject>vector</dc:subject>
  <dc:subject>biological invasion</dc:subject>
  <dc:subject>Silverleaf whitefly</dc:subject>
  <dc:subject>invasive species</dc:subject>
  <dc:description>In the last 20 years, molecular ecology approaches have proven to be extremely useful to identify and assess factors associated with viral emerging diseases, particularly in economically and socially important tropical crops such as maize (maize streak disease) and cassava (cassava mosaic disease). Molecular ecology approaches were applied in Reunion Island to analyze the epidemic of tomato yellow leaf curl disease, which has been affecting the island since the end of the 1990s. Before the invasive biotype B (currently known as Middle East-Asia Minor 1 cryptic species) of Bemisia tabaci spread across the world, Reunion Island (South West Indian Ocean) only hosted an indigenous biotype of  B. tabaci, Ms (currently known as Indian Ocean cryptic species). Wild hybrids between invasive and indigenous species were subsequently characterized over multiple generations. Endosymbiont analysis of the hybrid population indicated that matings were non-random. Similarly, while no indigenous begomoviruses have ever been reported on Reunion Island, the two main strains of one of the most damaging and emerging plant viruses in the world, the Mild and Israel strains of the Tomato yellow leaf curl virus (TYLCV-Mld and TYLCV-IL), were introduced in 1997 and 2004 respectively.  While these introductions extensively modified the agricultural landscape of Reunion Island, they also provided an invaluable opportunity to study the ecological and genetic mechanisms involved in biological invasion and competition.</dc:description>
</oai_dc:dc>