<?xml version="1.0" encoding="UTF-8" standalone="yes"?>
<oai_dc:dc xmlns:dc="http://purl.org/dc/elements/1.1/" xmlns:oai_dc="http://www.openarchives.org/OAI/2.0/oai_dc/" xmlns:xsi="http://www.w3.org/2001/XMLSchema-instance" xsi:schemaLocation="http://www.openarchives.org/OAI/2.0/oai_dc/ http://www.openarchives.org/OAI/2.0/oai_dc.xsd">
  <dc:identifier>http://www.wikidata.org/entity/Q21189076</dc:identifier>
  <dc:identifier>doi:10.3897/ZOOKEYS.412.6587</dc:identifier>
  <dc:title>The invasion history, distribution and colour pattern forms of the harlequin ladybird beetle Harmonia axyridis (Pall.) (Coleoptera, Coccinellidae) in Slovakia, Central Europe</dc:title>
  <dc:creator>Panigaj, Lubomír</dc:creator>
  <dc:creator>Zach, Peter</dc:creator>
  <dc:creator>Honěk, Alois</dc:creator>
  <dc:creator>Nedvěd, Oldřich</dc:creator>
  <dc:creator>Kulfan, Ján</dc:creator>
  <dc:creator>Martinková, Zdenka</dc:creator>
  <dc:creator>Selyemová, Diana</dc:creator>
  <dc:creator>Viglášová, Sandra</dc:creator>
  <dc:creator>Roy, Helen E</dc:creator>
  <dc:type>journal article</dc:type>
  <dc:date>2014-05-29</dc:date>
  <dc:language>en</dc:language>
  <dc:subject>Coleoptera</dc:subject>
  <dc:subject>Harmonia axyridis</dc:subject>
  <dc:subject>Slovakia</dc:subject>
  <dc:subject>invasive species</dc:subject>
  <dc:subject>Coccinellidae</dc:subject>
  <dc:description>The harlequin ladybird beetle Harmonia axyridis (Coleoptera, Coccinellidae) has invaded and established in Slovakia. Following unintentional introduction in 2008, the spread of the alien coccinellid was very fast. By the end of 2009, it was recorded across the whole country, and by the end of 2012 it was widely distributed and common in various habitats, particularly gardens, orchards and urban areas, where it was most frequent on trees. The rate of eastward spread was approximately 200 km year(-1), similar to the overall rate of spread in Europe. Between 2008 and 2012, the coccinellid was recorded in a total of 153 localities, in altitudes ranging from 98 to 1,250 m. Most records of this species were made in lowlands, hilly areas and valleys separating mountain ridges. However, it was only rarely documented in areas above 700 m a.s.l. The non-melanic colour form (f. succinea) was dominant along a longitudinal transect including eight urban areas across Slovakia, with the frequency of melanic forms (f. spectabilis and f. conspicua together) between 6.3 and 19.2% and a median equal to 10.5%. The invasion history and distribution of H. axyridis in Slovakia are discussed with regard to the time sequence of records, rate of spread, altitudinal distribution, anthropogenic dispersal, effective recording, proportion of melanic forms and other relevant aspects associated with the spread of this successful invader.</dc:description>
</oai_dc:dc>