<?xml version="1.0" encoding="UTF-8" standalone="yes"?>
<oai_dc:dc xmlns:dc="http://purl.org/dc/elements/1.1/" xmlns:oai_dc="http://www.openarchives.org/OAI/2.0/oai_dc/" xmlns:xsi="http://www.w3.org/2001/XMLSchema-instance" xsi:schemaLocation="http://www.openarchives.org/OAI/2.0/oai_dc/ http://www.openarchives.org/OAI/2.0/oai_dc.xsd">
  <dc:identifier>http://www.wikidata.org/entity/Q67231853</dc:identifier>
  <dc:identifier>doi:10.1111/JBI.13639</dc:identifier>
  <dc:title>The ecological biogeography of indigenous and introduced Antarctic springtails</dc:title>
  <dc:creator>Baird, Helena P.</dc:creator>
  <dc:creator>Janion‐Scheepers, Charlene</dc:creator>
  <dc:creator>Stevens, Mark I.</dc:creator>
  <dc:creator>Leihy, Rachel I.</dc:creator>
  <dc:creator>Chown, Steven L.</dc:creator>
  <dc:type>journal article</dc:type>
  <dc:date>2019-06-19</dc:date>
  <dc:language>en</dc:language>
  <dc:subject>hypothesis:propagule pressure hypothesis</dc:subject>
  <dc:subject>hypothesis:wikidata.org/entity/Q110620464</dc:subject>
  <dc:subject>biogeography</dc:subject>
</oai_dc:dc>