<?xml version="1.0" encoding="UTF-8" standalone="yes"?>
<oai_dc:dc xmlns:dc="http://purl.org/dc/elements/1.1/" xmlns:oai_dc="http://www.openarchives.org/OAI/2.0/oai_dc/" xmlns:xsi="http://www.w3.org/2001/XMLSchema-instance" xsi:schemaLocation="http://www.openarchives.org/OAI/2.0/oai_dc/ http://www.openarchives.org/OAI/2.0/oai_dc.xsd">
  <dc:identifier>http://www.wikidata.org/entity/Q59278429</dc:identifier>
  <dc:identifier>doi:10.1111/1365-2664.12711</dc:identifier>
  <dc:title>Herbicide usage for invasive non-native plant management in wildland areas of North America</dc:title>
  <dc:creator>Wagner, Viktoria</dc:creator>
  <dc:creator>Wagner, Viktoria</dc:creator>
  <dc:creator>Antunes, Pedro M.</dc:creator>
  <dc:creator>Irvine, Michael</dc:creator>
  <dc:creator>Nelson, Cara R.</dc:creator>
  <dc:type>journal article</dc:type>
  <dc:date>2016-06-29</dc:date>
  <dc:rights>http://doi.wiley.com/10.1002/tdm_license_1</dc:rights>
  <dc:subject>invasion management</dc:subject>
  <dc:publisher>Wiley</dc:publisher>
</oai_dc:dc>