<?xml version="1.0" encoding="UTF-8" standalone="yes"?>
<oai_dc:dc xmlns:dc="http://purl.org/dc/elements/1.1/" xmlns:oai_dc="http://www.openarchives.org/OAI/2.0/oai_dc/" xmlns:xsi="http://www.w3.org/2001/XMLSchema-instance" xsi:schemaLocation="http://www.openarchives.org/OAI/2.0/oai_dc/ http://www.openarchives.org/OAI/2.0/oai_dc.xsd">
  <dc:identifier>http://www.wikidata.org/entity/Q33971223</dc:identifier>
  <dc:identifier>https://www.ncbi.nlm.nih.gov/pmc/articles/PMC3138760</dc:identifier>
  <dc:identifier>doi:10.1371/JOURNAL.PONE.0022017</dc:identifier>
  <dc:title>Sea urchins predation facilitates coral invasion in a marine reserve</dc:title>
  <dc:creator>Coma, Rafel</dc:creator>
  <dc:creator>Serrano, Eduard</dc:creator>
  <dc:creator>Linares, Cristina</dc:creator>
  <dc:creator>Ribes, Marta</dc:creator>
  <dc:creator>Díaz, David</dc:creator>
  <dc:creator>Ballesteros, Enric</dc:creator>
  <dc:type>journal article</dc:type>
  <dc:date>2011-07-18</dc:date>
  <dc:language>en</dc:language>
  <dc:subject>predation</dc:subject>
  <dc:subject>aquatic invasion</dc:subject>
  <dc:subject>invasion facilitation</dc:subject>
  <dc:description>Macroalgae is the dominant trophic group on Mediterranean infralittoral rocky bottoms, whereas zooxanthellate corals are extremely rare. However, in recent years, the invasive coral Oculina patagonica appears to be increasing its abundance through unknown means. Here we examine the pattern of variation of this species at a marine reserve between 2002 and 2010 and contribute to the understanding of the mechanisms that allow its current increase. Because indirect interactions between species can play a relevant role in the establishment of species, a parallel assessment of the sea urchin Paracentrotus lividus, the main herbivorous invertebrate in this habitat and thus a key species, was conducted. O. patagonica has shown a 3-fold increase in abundance over the last 8 years and has become the most abundant invertebrate in the shallow waters of the marine reserve, matching some dominant erect macroalgae in abundance. High recruitment played an important role in this increasing coral abundance. The results from this study provide compelling evidence that the increase in sea urchin abundance may be one of the main drivers of the observed increase in coral abundance. Sea urchins overgraze macroalgae and create barren patches in the space-limited macroalgal community that subsequently facilitate coral recruitment. This study indicates that trophic interactions contributed to the success of an invasive coral in the Mediterranean because sea urchins grazing activity indirectly facilitated expansion of the coral. Current coral abundance at the marine reserve has ended the monopolization of algae in rocky infralittoral assemblages, an event that could greatly modify both the underwater seascape and the sources of primary production in the ecosystem.</dc:description>
</oai_dc:dc>