<?xml version="1.0" encoding="UTF-8" standalone="yes"?>
<oai_dc:dc xmlns:dc="http://purl.org/dc/elements/1.1/" xmlns:oai_dc="http://www.openarchives.org/OAI/2.0/oai_dc/" xmlns:xsi="http://www.w3.org/2001/XMLSchema-instance" xsi:schemaLocation="http://www.openarchives.org/OAI/2.0/oai_dc/ http://www.openarchives.org/OAI/2.0/oai_dc.xsd">
  <dc:identifier>http://www.wikidata.org/entity/Q97593229</dc:identifier>
  <dc:identifier>doi:10.1093/CONPHYS/COAA053</dc:identifier>
  <dc:title>From physiology to salt marsh management challenges with sea level rise: the case of native Spartina foliosa, invasive S. densiflora and their hybrid</dc:title>
  <dc:creator>Gallego-Tévar, Blanca</dc:creator>
  <dc:creator>Peinado-Torrubia, Procopio</dc:creator>
  <dc:creator>Álvarez, Rosario</dc:creator>
  <dc:creator>Grewell, Brenda J</dc:creator>
  <dc:creator>Castillo, Jesús M</dc:creator>
  <dc:type>journal article</dc:type>
  <dc:date>2020-07-01</dc:date>
  <dc:language>en</dc:language>
  <dc:subject>salt marsh</dc:subject>
  <dc:subject>sea level rise</dc:subject>
  <dc:subject>Spartina foliosa</dc:subject>
  <dc:subject>invasion management</dc:subject>
  <dc:description>Sea level rise (SLR) imposes increasing salinity and inundation stresses in salt marshes which simultaneously face invasions by exotic plant species. We aimed to improve and apply knowledge on the ecophysiological responses of halophytes to SLR to conservation management of salt marshes. In a mesocosm experiment, we measured and compared phosphoenolpyruvate carboxylase (PEPC) activity and related functional traits of the California-native &lt;i&gt;Spartina foliosa&lt;/i&gt;, invasive &lt;i&gt;S. densiflora&lt;/i&gt; and their hybrid &lt;i&gt;S. densiflora × foliosa&lt;/i&gt; in response to increasing levels of salinity and inundation. &lt;i&gt;S. foliosa&lt;/i&gt; was moderately sensitive to salinity, showing a 57% reduction in PEPC specific activity from freshwater to hypersalinity. This native species compensated for the reduction of PEPC activity with increased salinity through 80% higher enzyme activation by phosphorylation. PEPC functional trait responses of &lt;i&gt;S. foliosa&lt;/i&gt; were mostly independent of inundation depth. In view of these results, managers should conserve undeveloped lands for accommodation space above current high tide lines to facilitate colonization of stress-tolerant &lt;i&gt;S. foliosa&lt;/i&gt;. Our results on functional responses of PEPC traits recorded high sensitivity to salinity for &lt;i&gt;S. densiflora&lt;/i&gt;. This was reflected by 65% lower PEPC specific activity together with increasing accumulation of free proline (+96%) and total proteins (+23%) with elevated salinity. These results suggest prioritized eradication of &lt;i&gt;S. densiflora&lt;/i&gt; populations in brackish habitats. Measured PEPC responses support the high stress tolerance of the &lt;i&gt;S. densiflora&lt;/i&gt; × &lt;i&gt;foliosa&lt;/i&gt; hybrid. PEPC traits for the hybrid were mostly independent of salinity and inundation. The hybrid showed higher PEPC-specific activity than &lt;i&gt;S. foliosa&lt;/i&gt; (+70%) and &lt;i&gt;S. densiflora&lt;/i&gt; (+15%) in freshwater under intermediate inundation. Results suggest that eradication of the hybrid should be the highest management priority. Our study shows that the responses of key functional physiological traits to environmental stresses serve as biological indicators that can guide ecosystem management practices in a scenario of climate change.</dc:description>
</oai_dc:dc>