<?xml version="1.0" encoding="UTF-8" standalone="yes"?>
<oai_dc:dc xmlns:dc="http://purl.org/dc/elements/1.1/" xmlns:oai_dc="http://www.openarchives.org/OAI/2.0/oai_dc/" xmlns:xsi="http://www.w3.org/2001/XMLSchema-instance" xsi:schemaLocation="http://www.openarchives.org/OAI/2.0/oai_dc/ http://www.openarchives.org/OAI/2.0/oai_dc.xsd">
  <dc:identifier>http://www.wikidata.org/entity/Q56489756</dc:identifier>
  <dc:identifier>doi:10.1007/S10531-013-0493-5</dc:identifier>
  <dc:title>Practical applications of monitoring results to improve managing for coral reef resilience: a case study in the Mexican Caribbean</dc:title>
  <dc:creator>Ladd, Mark C.</dc:creator>
  <dc:creator>Collado-Vides, Ligia</dc:creator>
  <dc:type>journal article</dc:type>
  <dc:date>2013-05-23</dc:date>
  <dc:language>en</dc:language>
  <dc:subject>coral reef</dc:subject>
  <dc:subject>Caribbean</dc:subject>
  <dc:subject>invasion management</dc:subject>
</oai_dc:dc>