<?xml version="1.0" encoding="UTF-8" standalone="yes"?>
<oai_dc:dc xmlns:dc="http://purl.org/dc/elements/1.1/" xmlns:oai_dc="http://www.openarchives.org/OAI/2.0/oai_dc/" xmlns:xsi="http://www.w3.org/2001/XMLSchema-instance" xsi:schemaLocation="http://www.openarchives.org/OAI/2.0/oai_dc/ http://www.openarchives.org/OAI/2.0/oai_dc.xsd">
  <dc:identifier>http://www.wikidata.org/entity/Q48302459</dc:identifier>
  <dc:identifier>https://www.ncbi.nlm.nih.gov/pmc/articles/PMC5755910</dc:identifier>
  <dc:identifier>doi:10.1371/JOURNAL.PONE.0190777</dc:identifier>
  <dc:title>Invasion strategies in round goby (Neogobius melanostomus): Is bigger really better?</dc:title>
  <dc:creator>Brandner, Joerg</dc:creator>
  <dc:creator>Cerwenka, Alexander F</dc:creator>
  <dc:creator>Schliewen, Ulrich K</dc:creator>
  <dc:creator>Geist, Juergen</dc:creator>
  <dc:type>journal article</dc:type>
  <dc:date>2018-01-05</dc:date>
  <dc:language>en</dc:language>
  <dc:subject>hypothesis:propagule pressure hypothesis</dc:subject>
  <dc:subject>hypothesis:wikidata.org/entity/Q110620464</dc:subject>
  <dc:subject>Neogobius melanostomus</dc:subject>
  <dc:subject>invasive species</dc:subject>
  <dc:description>Few studies have systematically investigated mid- or long-term temporal changes of biological characteristics in invasive alien species considering the different phases of an invasion. We studied the invasion performance of one of the most invasive species worldwide, the round goby Neogobius melanostomus, from total absence over first occurrence until establishment from 2010 to 2015 in the upper Danube River. After an upstream movement of the invasion front of about 30 river km within four years, the pattern that round goby pioneering populations significantly differ from longer established ones has been confirmed: Pioneering populations at the invasion front comprised more females than males, and adult specimens with a larger body size compared to those at longer inhabited areas. On the population-level, the proportion of juveniles increased with time since invasion. The results of this study provide support for the previously postulated ´bigger is better´ and ´individual trait utility´ hypotheses explaining invasion success in round goby. Pioneering invaders with their greater exploratory behavior, highly adaptive phenotypic plasticity and increased competitive ability seem to act as prime emperors of new habitats, strongly following and benefiting from man-made river-bank structures.</dc:description>
</oai_dc:dc>