<?xml version="1.0" encoding="UTF-8" standalone="yes"?>
<oai_dc:dc xmlns:dc="http://purl.org/dc/elements/1.1/" xmlns:oai_dc="http://www.openarchives.org/OAI/2.0/oai_dc/" xmlns:xsi="http://www.w3.org/2001/XMLSchema-instance" xsi:schemaLocation="http://www.openarchives.org/OAI/2.0/oai_dc/ http://www.openarchives.org/OAI/2.0/oai_dc.xsd">
  <dc:identifier>http://www.wikidata.org/entity/Q100416664</dc:identifier>
  <dc:identifier>doi:10.1002/ECE3.6688</dc:identifier>
  <dc:title>Examining the molecular mechanisms contributing to the success of an invasive species across different ecosystems</dc:title>
  <dc:creator>Lamar, Sarah K</dc:creator>
  <dc:creator>Beddows, Ian</dc:creator>
  <dc:creator>Partridge, Charlyn G</dc:creator>
  <dc:type>journal article</dc:type>
  <dc:date>2020-08-31</dc:date>
  <dc:language>en</dc:language>
  <dc:subject>invasive species</dc:subject>
  <dc:subject>invasion success</dc:subject>
  <dc:description>Invasive species provide an opportune system to investigate how populations respond to new environments. Baby's breath (&lt;i&gt;Gypsophila paniculata&lt;/i&gt;) was introduced to North America in the 1800s and has since spread throughout the United States and western Canada. We used an RNA-seq approach to explore how molecular processes contribute to the success of invasive populations with similar genetic backgrounds across distinct habitats. Transcription profiles were constructed from seedlings collected from a sand dune ecosystem in Petoskey, MI (PSMI), and a sagebrush ecosystem in Chelan, WA (CHWA). We assessed differential gene expression and identified SNPs within differentially expressed genes. We identified 1,146 differentially expressed transcripts across all sampled tissues between the two populations. GO processes enriched in PSMI were associated with nutrient starvation, while enriched processes in CHWA were associated with abiotic stress. Only 7.4% of the differentially expressed transcripts contained SNPs differing in allele frequencies of at least 0.5 between populations. Common garden studies found the two populations differed in germination rate and seedling emergence success. Our results suggest the success of &lt;i&gt;G. paniculata&lt;/i&gt; in these two environments is likely due to plasticity in specific molecular processes responding to different environmental conditions, although some genetic divergence may be contributing to these differences.</dc:description>
</oai_dc:dc>