<?xml version="1.0" encoding="UTF-8" standalone="yes"?>
<oai_dc:dc xmlns:dc="http://purl.org/dc/elements/1.1/" xmlns:oai_dc="http://www.openarchives.org/OAI/2.0/oai_dc/" xmlns:xsi="http://www.w3.org/2001/XMLSchema-instance" xsi:schemaLocation="http://www.openarchives.org/OAI/2.0/oai_dc/ http://www.openarchives.org/OAI/2.0/oai_dc.xsd">
  <dc:identifier>http://www.wikidata.org/entity/Q22583137</dc:identifier>
  <dc:identifier>https://www.ncbi.nlm.nih.gov/pmc/articles/PMC4549883</dc:identifier>
  <dc:identifier>doi:10.3897/PHYTOKEYS.52.8721</dc:identifier>
  <dc:title>New vascular plant records for the Canadian Arctic Archipelago</dc:title>
  <dc:creator>Gillespie, Lynn J</dc:creator>
  <dc:creator>Saarela, Jeffery M</dc:creator>
  <dc:creator>Sokoloff, Paul C</dc:creator>
  <dc:creator>Bull, Roger D</dc:creator>
  <dc:type>journal article</dc:type>
  <dc:date>2015-06-25</dc:date>
  <dc:language>en</dc:language>
  <dc:subject>Amaranthaceae</dc:subject>
  <dc:subject>Cryptogramma</dc:subject>
  <dc:subject>floristics</dc:subject>
  <dc:subject>Juncaginaceae</dc:subject>
  <dc:subject>Platanthera</dc:subject>
  <dc:subject>Pteridaceae</dc:subject>
  <dc:subject>Suaeda</dc:subject>
  <dc:subject>Triglochin</dc:subject>
  <dc:subject>Tracheophyta</dc:subject>
  <dc:description>The Canadian Arctic Archipelago is a vast region of approximately 1,420,000 km(2), with a flora characterized by low species diversity, low endemicity, and little influence by alien species. New records of vascular plant species are documented here based on recent fieldwork on Victoria and Baffin Islands; additional records based on recent literature sources are mentioned. This paper serves as an update to the 2007 publication Flora of the Canadian Arctic Archipelago, and brings the total number of vascular plants for the region to 375 species and infraspecific taxa, an increase of 7.7%. Three families (Amaranthaceae, Juncaginaceae, Pteridaceae) and seven genera (Cherleria L., Cryptogramma R. Br., Platanthera Rich., Sabulina Rchb., Suaeda Forssk. ex J.F. Gmel., Triglochin L., Utricularia L.) are added to the flora, and one genus is deleted (Minuartia L.). Five species are first records for Nunavut (Arenarialongipedunculata Hultén, Cryptogrammastelleri (S.G. Gmel.) Prantl, Puccinelliabanksiensis Consaul, Saxifragaeschscholtzii Sternb., Utriculariaochroleuca R.W. Hartm.).</dc:description>
</oai_dc:dc>