<?xml version="1.0" encoding="UTF-8" standalone="yes"?>
<oai_dc:dc xmlns:dc="http://purl.org/dc/elements/1.1/" xmlns:oai_dc="http://www.openarchives.org/OAI/2.0/oai_dc/" xmlns:xsi="http://www.w3.org/2001/XMLSchema-instance" xsi:schemaLocation="http://www.openarchives.org/OAI/2.0/oai_dc/ http://www.openarchives.org/OAI/2.0/oai_dc.xsd">
  <dc:identifier>http://www.wikidata.org/entity/Q110829424</dc:identifier>
  <dc:identifier>doi:10.1007/S10530-015-1044-7</dc:identifier>
  <dc:title>Impacts of the invader giant reed (Arundo donax) on riparian habitats and ground arthropod communities</dc:title>
  <dc:creator>Maceda-Veiga, Alberto</dc:creator>
  <dc:creator>Basas, Helena</dc:creator>
  <dc:creator>Lanzaco, Gerard</dc:creator>
  <dc:creator>Sala, Miquel</dc:creator>
  <dc:creator>Sostoa, Adolfo</dc:creator>
  <dc:creator>Serra, Antoni</dc:creator>
  <dc:type>journal article</dc:type>
  <dc:date>2016-01-04</dc:date>
  <dc:language>en</dc:language>
  <dc:rights>http://www.springer.com/tdm</dc:rights>
  <dc:subject>Arundo donax</dc:subject>
  <dc:subject>invasive species</dc:subject>
  <dc:subject>biological invasion</dc:subject>
  <dc:subject>invasion impact</dc:subject>
  <dc:publisher>Springer Science and Business Media LLC</dc:publisher>
</oai_dc:dc>