<?xml version="1.0" encoding="UTF-8" standalone="yes"?>
<oai_dc:dc xmlns:dc="http://purl.org/dc/elements/1.1/" xmlns:oai_dc="http://www.openarchives.org/OAI/2.0/oai_dc/" xmlns:xsi="http://www.w3.org/2001/XMLSchema-instance" xsi:schemaLocation="http://www.openarchives.org/OAI/2.0/oai_dc/ http://www.openarchives.org/OAI/2.0/oai_dc.xsd">
  <dc:identifier>http://www.wikidata.org/entity/Q97542640</dc:identifier>
  <dc:identifier>doi:10.1016/J.MARENVRES.2020.104993</dc:identifier>
  <dc:title>Impacts of climate change on geographical distributions of invasive ascidians</dc:title>
  <dc:creator>Zhang, Zhixin</dc:creator>
  <dc:creator>Capinha, César</dc:creator>
  <dc:creator>Karger, Dirk N</dc:creator>
  <dc:creator>Turon, Xavier</dc:creator>
  <dc:creator>MacIsaac, Hugh J</dc:creator>
  <dc:creator>Zhan, Aibin</dc:creator>
  <dc:type>journal article</dc:type>
  <dc:date>2020-04-21</dc:date>
  <dc:rights>https://www.elsevier.com/tdm/userlicense/1.0/</dc:rights>
  <dc:subject>climate change</dc:subject>
  <dc:subject>climate impact research</dc:subject>
  <dc:subject>invasion impact</dc:subject>
  <dc:publisher>Elsevier BV</dc:publisher>
  <dc:description>Ocean warming associated with global climate change renders marine ecosystems susceptible to biological invasions. Here, we used species distribution models to project habitat suitability for eight invasive ascidians under present-day and future climate scenarios. Distance to shore and maximum sea surface temperature were identified as the most important variables affecting species distributions. Results showed that eight ascidians might respond differently to future climate change. Alarmingly, currently colonized areas are much smaller than predicted, suggesting ascidians may expand their invasive ranges. Areas such as Americas, Europe and Western Pacific have high risks of receiving new invasions. In contrast, African coasts, excluding the Mediterranean side, are not prone to new invasions, likely due to the high sea surface temperature there. Our results highlight the importance of climate change impacts on future invasions and the need for accurate modelling of invasion risks, which can be used as guides to develop management strategies.</dc:description>
</oai_dc:dc>