<?xml version="1.0" encoding="UTF-8" standalone="yes"?>
<oai_dc:dc xmlns:dc="http://purl.org/dc/elements/1.1/" xmlns:oai_dc="http://www.openarchives.org/OAI/2.0/oai_dc/" xmlns:xsi="http://www.w3.org/2001/XMLSchema-instance" xsi:schemaLocation="http://www.openarchives.org/OAI/2.0/oai_dc/ http://www.openarchives.org/OAI/2.0/oai_dc.xsd">
  <dc:identifier>http://www.wikidata.org/entity/Q55020298</dc:identifier>
  <dc:identifier>https://www.ncbi.nlm.nih.gov/pmc/articles/PMC5944108</dc:identifier>
  <dc:identifier>doi:10.1186/S13071-018-2868-7</dc:identifier>
  <dc:title>Discovery of the pyridylphenylureas as novel molluscicides against the invasive snail Biomphalaria straminea, intermediate host of Schistosoma mansoni</dc:title>
  <dc:creator>Wang, Weisi</dc:creator>
  <dc:creator>Mao, Qiang</dc:creator>
  <dc:creator>Yao, Junmin</dc:creator>
  <dc:creator>Yang, Weijia</dc:creator>
  <dc:creator>Zhang, Qiming</dc:creator>
  <dc:creator>Lu, Wencheng</dc:creator>
  <dc:creator>Deng, Zhuohui</dc:creator>
  <dc:creator>Duan, Liping</dc:creator>
  <dc:type>journal article</dc:type>
  <dc:date>2018-05-09</dc:date>
  <dc:language>en</dc:language>
  <dc:subject>Schistosoma mansoni</dc:subject>
  <dc:subject>invasive species</dc:subject>
  <dc:subject>invasive snail</dc:subject>
  <dc:subject>Biomphalaria straminea</dc:subject>
  <dc:description>&lt;h4&gt;Background&lt;/h4&gt;The snail Biomphalaria straminea is one of the intermediate hosts of Schistosoma mansoni. Biomphalaria straminea is also an invasive species, known for its strong capability on peripheral expansion, long-distance dispersal and colonization. Using molluscicides to control snail populations is an important strategy to interrupt schistosomiasis transmission and to prevent the spread of the invasive species. In this study, a series of pyridylphenylurea derivatives were synthesized as potential molluscicides. Their impact on adult snails and egg masses was evaluated. Acute toxicity to fish of the derivatives was also examined to assess their effect on non-target organisms. The preliminary mechanisms of action of the derivatives were studied by enzyme activity assays.&lt;h4&gt;Results&lt;/h4&gt;The representative compounds, 1-(4-chlorophenyl)-3-(pyridin-3-yl)urea (compound 8) and 1-(4-bromophenyl)-3-(pyridin-3-yl)urea (compound 9), exhibited strong molluscicidal activity against adult snails with LD&lt;sub&gt;50&lt;/sub&gt; values of 0.50 and 0.51 mg/l and potent inhibitory effects on snail egg hatchability with IC&lt;sub&gt;50&lt;/sub&gt; values of 0.05 and 0.09 mg/l. Notably, both compounds showed good target specificity with potent molluscicidal capability observed in snails, but very low toxicity to local fishes. Furthermore, the exposure of compounds 8 and 9 significantly elevated the enzyme activities of acid phosphatase and nitric oxide synthase of the snails, while no significant change was recorded in the activities of alkaline phosphatase, acetylcholine esterase and superoxide dismutase.&lt;h4&gt;Conclusion&lt;/h4&gt;The results suggested that compounds 8 and 9 of pyridylphenylurea derivatives could be developed as promising molluscicide candidates for snail control.</dc:description>
</oai_dc:dc>