<?xml version="1.0" encoding="UTF-8" standalone="yes"?>
<oai_dc:dc xmlns:dc="http://purl.org/dc/elements/1.1/" xmlns:oai_dc="http://www.openarchives.org/OAI/2.0/oai_dc/" xmlns:xsi="http://www.w3.org/2001/XMLSchema-instance" xsi:schemaLocation="http://www.openarchives.org/OAI/2.0/oai_dc/ http://www.openarchives.org/OAI/2.0/oai_dc.xsd">
  <dc:identifier>http://www.wikidata.org/entity/Q110829533</dc:identifier>
  <dc:identifier>doi:10.15421/2017_142</dc:identifier>
  <dc:title>The invaders as natural biondicators using the example invasive amphipod Gmelinoides fasciatus (Stebbing, 1899) in the Moscow River Basin: the suggestion of G. lacustris/G. fasciatus bioindication pair</dc:title>
  <dc:creator>Marin, I. N.</dc:creator>
  <dc:type>journal article</dc:type>
  <dc:date>2017-12-27</dc:date>
  <dc:language>en</dc:language>
  <dc:subject>drainage basin</dc:subject>
  <dc:subject>aquatic invasion</dc:subject>
  <dc:subject>Gmelinoides fasciatus</dc:subject>
</oai_dc:dc>