<?xml version="1.0" encoding="UTF-8" standalone="yes"?>
<oai_dc:dc xmlns:dc="http://purl.org/dc/elements/1.1/" xmlns:oai_dc="http://www.openarchives.org/OAI/2.0/oai_dc/" xmlns:xsi="http://www.w3.org/2001/XMLSchema-instance" xsi:schemaLocation="http://www.openarchives.org/OAI/2.0/oai_dc/ http://www.openarchives.org/OAI/2.0/oai_dc.xsd">
  <dc:identifier>http://www.wikidata.org/entity/Q35787922</dc:identifier>
  <dc:identifier>doi:10.1371/JOURNAL.PONE.0138796</dc:identifier>
  <dc:title>The Temporal and Spatial Invasion Genetics of the Western Corn Rootworm (Coleoptera: Chrysomelidae) in Southern Europe</dc:title>
  <dc:creator>Lemic, Darija</dc:creator>
  <dc:creator>Mikac, Katarina</dc:creator>
  <dc:creator>Ivkosic, Stephanie A</dc:creator>
  <dc:creator>Bazok, Renata</dc:creator>
  <dc:type>journal article</dc:type>
  <dc:date>2015-09-25</dc:date>
  <dc:language>en</dc:language>
  <dc:subject>Coleoptera</dc:subject>
  <dc:subject>invasion genetics</dc:subject>
  <dc:subject>invasive species</dc:subject>
  <dc:subject>invasion success</dc:subject>
  <dc:description>This study describes the genetics of the western corn rootworm (WCR), Diabrotica virgifera virgifera LeConte in southern Europe during the introduction (1996-2001) and establishment/spread (2002-2011) phases of its invasion. The Diabrotica microsatellite core-set was used to perform traditional population genetics analyses. Our results indicated that during the introduction phase genetic diversity and population genetic structure were lower overall as compared to the establishment/spread phase. Unusually high genetic differentiation was found between the Italy and southern Europe comparisons, including high differentiation between Italian populations separated by a short distance during the establishment/spread phase. STRUCTURE analysis revealed two genetic clusters during the introduction phase and two genetic clusters during the establishment/spread phase. However, bottlenecked populations were only detected during the invasion phase. A small but significant isolation by distance effect was noted in both phases. Serbia was the geographic source of WCR to Croatia and Hungary in the introduction phase, while the United States of America was the possible source of WCR to Italy in 2001. These introductory populations were the subsequent source of individuals sampled during the establishment/spread phase. Repeated introductions and admixture events in southern Europe may have resulted in genetically diverse WCR populations that have attained 83% of all known alleles worldwide.</dc:description>
</oai_dc:dc>