<?xml version="1.0" encoding="UTF-8" standalone="yes"?>
<oai_dc:dc xmlns:dc="http://purl.org/dc/elements/1.1/" xmlns:oai_dc="http://www.openarchives.org/OAI/2.0/oai_dc/" xmlns:xsi="http://www.w3.org/2001/XMLSchema-instance" xsi:schemaLocation="http://www.openarchives.org/OAI/2.0/oai_dc/ http://www.openarchives.org/OAI/2.0/oai_dc.xsd">
  <dc:identifier>http://www.wikidata.org/entity/Q110530382</dc:identifier>
  <dc:identifier>doi:10.3390/ANI11113152</dc:identifier>
  <dc:title>Invasion Risk and Potential Impact of Alien Freshwater Fishes on Native Counterparts in Klang Valley, Malaysia</dc:title>
  <dc:creator>Saba, Abdulwakil Olawale</dc:creator>
  <dc:creator>Ismail, Ahmad</dc:creator>
  <dc:creator>Zulkifli, Syaizwan Zahmir</dc:creator>
  <dc:creator>Ghani, Intan Faraha A</dc:creator>
  <dc:creator>Halim, Muhammad Rasul Abdullah</dc:creator>
  <dc:creator>Ibrahim, Musa Adamu</dc:creator>
  <dc:creator>Mukhtar, Aqilah</dc:creator>
  <dc:creator>Aziz, Azharuddin Abd</dc:creator>
  <dc:creator>Wahid, Noor Azrizal Abdul</dc:creator>
  <dc:creator>Amal, Mohammad Noor Azmai</dc:creator>
  <dc:type>journal article</dc:type>
  <dc:date>2021-11-04</dc:date>
  <dc:language>en</dc:language>
  <dc:subject>aquatic invasion</dc:subject>
  <dc:subject>ecological invasion risk</dc:subject>
  <dc:subject>invasion impact</dc:subject>
  <dc:description>This study explores the potential effects of alien fishes on the native fish community, well-being, and tropic preferences in selected rivers of Klang Valley, Malaysia. Following the Aquatic Species Invasiveness Screening Kit assessment, most of the alien fishes (80%) are invasive. The alien species occurrences correlated positively (p &lt; 0.05) with poor water quality, such as rivers with high ammonia-nitrogen and nitrite, but negatively with phosphate and dissolved oxygen. Anthropogenic characteristics, such as rivers with high pollution levels and ease of accessibility to the fish habitat, are mainly associated positively (p &lt; 0.05) with the occurrences of alien fish species. In general, the results of fish stomach contents analyses and their associated indices, together with stable carbon and nitrogen isotopes, revealed domination by alien fishes or diet overlaps between both alien and native fish species. This finding indicates that alien fishes benefited from the impacts of the anthropogenic activities in their surrounding habitats, while their plasticity in feeding habits might help them to invade, survive, and dominate in the rivers of Klang Valley, Malaysia.</dc:description>
</oai_dc:dc>