<?xml version="1.0" encoding="UTF-8" standalone="yes"?>
<oai_dc:dc xmlns:dc="http://purl.org/dc/elements/1.1/" xmlns:oai_dc="http://www.openarchives.org/OAI/2.0/oai_dc/" xmlns:xsi="http://www.w3.org/2001/XMLSchema-instance" xsi:schemaLocation="http://www.openarchives.org/OAI/2.0/oai_dc/ http://www.openarchives.org/OAI/2.0/oai_dc.xsd">
  <dc:identifier>http://www.wikidata.org/entity/Q30427660</dc:identifier>
  <dc:identifier>https://www.ncbi.nlm.nih.gov/pmc/articles/PMC4206286</dc:identifier>
  <dc:identifier>doi:10.1371/JOURNAL.PONE.0110036</dc:identifier>
  <dc:title>Geographic population structure of the sugarcane borer, Diatraea saccharalis (F.) (Lepidoptera: Crambidae), in the southern United States</dc:title>
  <dc:creator>Joyce, Andrea L</dc:creator>
  <dc:creator>White, William H</dc:creator>
  <dc:creator>Nuessly, Gregg S</dc:creator>
  <dc:creator>Solis, Alma</dc:creator>
  <dc:creator>Scheffer, Sonja J</dc:creator>
  <dc:creator>Lewis, Matthew L</dc:creator>
  <dc:creator>Medina, Raul F</dc:creator>
  <dc:type>journal article</dc:type>
  <dc:date>2014-10-22</dc:date>
  <dc:language>en</dc:language>
  <dc:subject>Lepidoptera</dc:subject>
  <dc:subject>Diatraea saccharalis</dc:subject>
  <dc:subject>population structure</dc:subject>
  <dc:subject>Crambidae</dc:subject>
  <dc:description>The sugarcane borer moth, Diatraea saccharalis, is widespread throughout the Western Hemisphere, and is considered an introduced species in the southern United States. Although this moth has a wide distribution and is a pest of many crop plants including sugarcane, corn, sorghum and rice, it is considered one species. The objective was to investigate whether more than one introduction of D. saccharalis had occurred in the southern United States and whether any cryptic species were present. We field collected D. saccharalis in Texas, Louisiana and Florida in the southern United States. Two molecular markers, AFLPs and mitochondrial COI, were used to examine genetic variation among these regional populations and to compare the sequences with those available in GenBank and BOLD. We found geographic population structure in the southern United States which suggests two introductions and the presence of a previously unknown cryptic species. Management of D. saccharalis would likely benefit from further investigation of population genetics throughout the range of this species.</dc:description>
</oai_dc:dc>