<?xml version="1.0" encoding="UTF-8" standalone="yes"?>
<oai_dc:dc xmlns:dc="http://purl.org/dc/elements/1.1/" xmlns:oai_dc="http://www.openarchives.org/OAI/2.0/oai_dc/" xmlns:xsi="http://www.w3.org/2001/XMLSchema-instance" xsi:schemaLocation="http://www.openarchives.org/OAI/2.0/oai_dc/ http://www.openarchives.org/OAI/2.0/oai_dc.xsd">
  <dc:identifier>http://www.wikidata.org/entity/Q114752492</dc:identifier>
  <dc:identifier>doi:10.21248/CONTRIB.ENTOMOL.71.2.221-225</dc:identifier>
  <dc:title>The American genus Trichopoda (Diptera: Tachinidae) in Europe – Decades of a misidentified invasive species)</dc:title>
  <dc:creator>Vilhena Perez Dios, Rodrigo</dc:creator>
  <dc:creator>Ziegler, Joachim</dc:creator>
  <dc:creator>Zeegers, Theo</dc:creator>
  <dc:type>journal article</dc:type>
  <dc:date>2021-12-31</dc:date>
  <dc:rights>http://creativecommons.org/licenses/by-sa/4.0</dc:rights>
  <dc:subject>invasive species</dc:subject>
  <dc:publisher>Pensoft Publishers</dc:publisher>
  <dc:description>&lt;jats:p&gt;Despite its importance for biological control of heteropteran pests (Hemiptera) and remarkable features, the taxonomy of the genus Trichopoda remained confusing for a long time. Due to a recent taxonomic revision, new information about its species real distribution and host records were found out. An invasive species of the genus has been recorded for Europe for decades, but it has been misidentified as Trichopoda (Galactomyia) pennipes for a long time. Here we present the correct name for that alien species, Trichopoda (Galactomyia) pictipennis. Some comments about the identification of Trichopoda species introduced in other areas, such as Australia, are also made. The correct species identification, as well as the correct host records, is crucial for future studies regarding biological control, and to under-stand the possible impacts that this invasive species could cause to the local environment.&lt;/jats:p&gt;</dc:description>
</oai_dc:dc>