<?xml version="1.0" encoding="UTF-8" standalone="yes"?>
<oai_dc:dc xmlns:dc="http://purl.org/dc/elements/1.1/" xmlns:oai_dc="http://www.openarchives.org/OAI/2.0/oai_dc/" xmlns:xsi="http://www.w3.org/2001/XMLSchema-instance" xsi:schemaLocation="http://www.openarchives.org/OAI/2.0/oai_dc/ http://www.openarchives.org/OAI/2.0/oai_dc.xsd">
  <dc:identifier>http://www.wikidata.org/entity/Q54983149</dc:identifier>
  <dc:identifier>doi:10.1186/S12885-018-4330-9</dc:identifier>
  <dc:title>Distribution of human papilloma virus genotype prevalence in invasive cervical carcinomas and precancerous lesions in the Yangtze River Delta area, China.</dc:title>
  <dc:creator>Wang, Hongyun</dc:creator>
  <dc:creator>Cheng, Xiaodong</dc:creator>
  <dc:creator>Ye, Jing</dc:creator>
  <dc:creator>Xu, Xiuyun</dc:creator>
  <dc:creator>Hong, Ying</dc:creator>
  <dc:creator>Sui, Long</dc:creator>
  <dc:creator>You, Zhixue</dc:creator>
  <dc:creator>Xie, Xing</dc:creator>
  <dc:type>journal article</dc:type>
  <dc:date>2018-04-27</dc:date>
  <dc:language>en</dc:language>
  <dc:subject>aquatic invasion</dc:subject>
  <dc:description>&lt;h4&gt;Background&lt;/h4&gt;This study aimed to provide more information for cancer prevention strategies by determining the distribution of human papilloma virus (HPV) genotype prevalence in invasive cervical carcinoma (ICC) and precancerous lesion patients in the Yangtze River Delta area in China.&lt;h4&gt;Methods&lt;/h4&gt;This multi-centre descriptive cross-sectional study involves four university hospitals in the Jiangzhehu area. Women with histologically confirmed cervical intraepithelial neoplasia (CIN) 1, CIN2, CIN3 or ICC who were diagnosed and treated in the four selected hospitals between February 2012 and April 2014 were eligible for recruitment. The average age of the patients was 40.93 ± 11.87 years old, among whom the youngest was 17 years old and the oldest was 76 years old.Those with immunodeficiency diseases or a previous history of cancer or CIN were excluded. HPV genotyping was performed by a central laboratory. The distribution and age and disease specificity of the HPV genotype prevalence were analysed.&lt;h4&gt;Results&lt;/h4&gt;Of the 2181 collected samples, 251 were ICC and 1930 were CIN. The mean age of cervical cancer and CIN patients was 40.93 ± 11.8 years (range, 17-76 years). The five most commonly identified HPV types in each lesion class were as follows: CIN1: 52, 58, 16, 33, and CP; CIN2: 16, 58, 52, 33, and 31; CIN3: 16, 58, 33, 52, and 31; and ICC: 16, 58, 18, 52, and 33. CIN1 had an earlier age of onset (30-40 years) than CIN2, CIN3, and cervical cancer. The age of onset of cervical cancer exhibited two peaks at 40-44 and 50-54 years of age. In all infected patients, the frequency of HPV infection with a single type was 62.9%, and with multiple types, it was 38.1%. There was no difference in the frequencies of multiple types amongst the different cervical lesions.&lt;h4&gt;Conclusions&lt;/h4&gt;The most prevalent genotypes in the investigated area (52, 58, 16 and 18) justify the necessity of anti-HPV vaccination in teenagers and young girls under 24 years old in the Yangtze River Delta area in China. Infection with multiple high-risk HPV types versus single infection does not increase the risk for ≥ CIN2 in ICC development.</dc:description>
</oai_dc:dc>