<?xml version="1.0" encoding="UTF-8" standalone="yes"?>
<oai_dc:dc xmlns:dc="http://purl.org/dc/elements/1.1/" xmlns:oai_dc="http://www.openarchives.org/OAI/2.0/oai_dc/" xmlns:xsi="http://www.w3.org/2001/XMLSchema-instance" xsi:schemaLocation="http://www.openarchives.org/OAI/2.0/oai_dc/ http://www.openarchives.org/OAI/2.0/oai_dc.xsd">
  <dc:identifier>http://www.wikidata.org/entity/Q114911721</dc:identifier>
  <dc:identifier>doi:10.4236/CE.2016.71016</dc:identifier>
  <dc:title>Education as Controlling Factor of Invasive Species (&amp;lt;i&amp;gt;Achatina fulica&amp;lt;/i&amp;gt;) in an Amazonian City, Brazil</dc:title>
  <dc:creator>Sá-Oliveira, Júlio César</dc:creator>
  <dc:creator>Araújo, Fabrícia Lazamé</dc:creator>
  <dc:creator>Filho, Raimundo Gonçalves Teixeira</dc:creator>
  <dc:creator>Santos, Weliton Santos</dc:creator>
  <dc:creator>Ferrari, Stephen F.</dc:creator>
  <dc:type>journal article</dc:type>
  <dc:date>2016-07-02</dc:date>
  <dc:subject>hypothesis:disturbance hypothesis</dc:subject>
  <dc:subject>hypothesis:wikidata.org/entity/Q115794757</dc:subject>
  <dc:subject>hypothesis:propagule pressure hypothesis</dc:subject>
  <dc:subject>hypothesis:wikidata.org/entity/Q110620464</dc:subject>
  <dc:subject>Achatina fulica</dc:subject>
  <dc:subject>invasive species</dc:subject>
  <dc:subject>invasion management</dc:subject>
</oai_dc:dc>