<?xml version="1.0" encoding="UTF-8" standalone="yes"?>
<oai_dc:dc xmlns:dc="http://purl.org/dc/elements/1.1/" xmlns:oai_dc="http://www.openarchives.org/OAI/2.0/oai_dc/" xmlns:xsi="http://www.w3.org/2001/XMLSchema-instance" xsi:schemaLocation="http://www.openarchives.org/OAI/2.0/oai_dc/ http://www.openarchives.org/OAI/2.0/oai_dc.xsd">
  <dc:identifier>http://www.wikidata.org/entity/Q21296684</dc:identifier>
  <dc:identifier>doi:10.1155/2012/261316</dc:identifier>
  <dc:title>Foraging Activity of Native Ants on Trees in Forest Fragments Colonized by the Invasive Ant Lasius neglectus</dc:title>
  <dc:creator>Paris, C.</dc:creator>
  <dc:creator>Espadaler, X.</dc:creator>
  <dc:type>journal article</dc:type>
  <dc:date>2012</dc:date>
  <dc:language>en</dc:language>
  <dc:subject>invasive ant</dc:subject>
  <dc:subject>Lasius neglectus</dc:subject>
</oai_dc:dc>