<?xml version="1.0" encoding="UTF-8" standalone="yes"?>
<oai_dc:dc xmlns:dc="http://purl.org/dc/elements/1.1/" xmlns:oai_dc="http://www.openarchives.org/OAI/2.0/oai_dc/" xmlns:xsi="http://www.w3.org/2001/XMLSchema-instance" xsi:schemaLocation="http://www.openarchives.org/OAI/2.0/oai_dc/ http://www.openarchives.org/OAI/2.0/oai_dc.xsd">
  <dc:identifier>http://www.wikidata.org/entity/Q48523032</dc:identifier>
  <dc:identifier>https://www.ncbi.nlm.nih.gov/pmc/articles/PMC5746252</dc:identifier>
  <dc:identifier>doi:10.1371/JOURNAL.PONE.0190551</dc:identifier>
  <dc:title>Correction: Introduced bullfrogs are associated with increased Batrachochytrium dendrobatidis prevalence and reduced occurrence of Korean treefrogs.</dc:title>
  <dc:creator>Borzée, Amaël</dc:creator>
  <dc:creator>Kosch, Tiffany A</dc:creator>
  <dc:creator>Kim, Miyeon</dc:creator>
  <dc:creator>Jang, Yikweon</dc:creator>
  <dc:type>journal article</dc:type>
  <dc:date>2017-12-28</dc:date>
  <dc:language>en</dc:language>
  <dc:subject>Batrachochytrium dendrobatidis</dc:subject>
  <dc:subject>invasive species</dc:subject>
  <dc:description>[This corrects the article DOI: 10.1371/journal.pone.0177860.].</dc:description>
</oai_dc:dc>