<?xml version="1.0" encoding="UTF-8" standalone="yes"?>
<oai_dc:dc xmlns:dc="http://purl.org/dc/elements/1.1/" xmlns:oai_dc="http://www.openarchives.org/OAI/2.0/oai_dc/" xmlns:xsi="http://www.w3.org/2001/XMLSchema-instance" xsi:schemaLocation="http://www.openarchives.org/OAI/2.0/oai_dc/ http://www.openarchives.org/OAI/2.0/oai_dc.xsd">
  <dc:identifier>http://www.wikidata.org/entity/Q92184834</dc:identifier>
  <dc:identifier>doi:10.1111/ELE.13284</dc:identifier>
  <dc:title>Non-native plants have greater impacts because of differing per-capita effects and nonlinear abundance-impact curves</dc:title>
  <dc:creator>Pearse, Ian S.</dc:creator>
  <dc:creator>Sofaer, Helen R.</dc:creator>
  <dc:creator>Zaya, David N</dc:creator>
  <dc:creator>Spyreas, Greg</dc:creator>
  <dc:type>journal article</dc:type>
  <dc:date>2019-05-21</dc:date>
  <dc:language>en</dc:language>
  <dc:rights>http://doi.wiley.com/10.1002/tdm_license_1.1</dc:rights>
  <dc:subject>invasion impact</dc:subject>
  <dc:publisher>Wiley</dc:publisher>
  <dc:description>Invasive, non-native species can have tremendous impacts on biotic communities, where they reduce the abundance and diversity of local species. However, it remains unclear whether impacts of non-native species arise from their high abundance or whether each non-native individual has a disproportionate impact - that is, a higher per-capita effect - on co-occurring species compared to impacts by native species. Using a long-term study of wetlands, we asked how temporal variation in dominant native and non-native plants impacted the abundance and richness of other plants in the recipient community. Non-native plants reached higher abundances than natives and had greater per-capita effects. The abundance-impact relationship between plant abundance and richness was nonlinear. Compared with increasing native abundance, increasing non-native abundance was associated with steeper declines in richness because of greater per-capita effects and nonlinearities in the abundance-impact relationship. Our study supports eco-evolutionary novelty of non-natives as a driver of their outsized impacts on communities.</dc:description>
</oai_dc:dc>