<?xml version="1.0" encoding="UTF-8" standalone="yes"?>
<oai_dc:dc xmlns:dc="http://purl.org/dc/elements/1.1/" xmlns:oai_dc="http://www.openarchives.org/OAI/2.0/oai_dc/" xmlns:xsi="http://www.w3.org/2001/XMLSchema-instance" xsi:schemaLocation="http://www.openarchives.org/OAI/2.0/oai_dc/ http://www.openarchives.org/OAI/2.0/oai_dc.xsd">
  <dc:identifier>http://www.wikidata.org/entity/Q56440733</dc:identifier>
  <dc:identifier>doi:10.1051/KMAE/2014040</dc:identifier>
  <dc:title>Imports of ornamental crayfish: the first decade from the Czech Republic’s perspective</dc:title>
  <dc:creator>Patoka, J.</dc:creator>
  <dc:creator>Kalous, L.</dc:creator>
  <dc:type>journal article</dc:type>
  <dc:date>2015</dc:date>
  <dc:language>en</dc:language>
  <dc:subject>Czech Republic</dc:subject>
  <dc:subject>invasion management</dc:subject>
  <dc:publisher>EDP Sciences</dc:publisher>
</oai_dc:dc>