<?xml version="1.0" encoding="UTF-8" standalone="yes"?>
<oai_dc:dc xmlns:dc="http://purl.org/dc/elements/1.1/" xmlns:oai_dc="http://www.openarchives.org/OAI/2.0/oai_dc/" xmlns:xsi="http://www.w3.org/2001/XMLSchema-instance" xsi:schemaLocation="http://www.openarchives.org/OAI/2.0/oai_dc/ http://www.openarchives.org/OAI/2.0/oai_dc.xsd">
  <dc:identifier>http://www.wikidata.org/entity/Q114911682</dc:identifier>
  <dc:identifier>doi:10.4236/OJF.2020.102016</dc:identifier>
  <dc:title>Plants Biodiversity of the Burigi-Chato National Park: Rare and Invasive Species</dc:title>
  <dc:creator>Makunga, John E.</dc:creator>
  <dc:creator>Gobolo, Alfred</dc:creator>
  <dc:type>journal article</dc:type>
  <dc:date>2020-07-02</dc:date>
  <dc:subject>invasive species</dc:subject>
  <dc:subject>biodiversity</dc:subject>
</oai_dc:dc>