<?xml version="1.0" encoding="UTF-8" standalone="yes"?>
<oai_dc:dc xmlns:dc="http://purl.org/dc/elements/1.1/" xmlns:oai_dc="http://www.openarchives.org/OAI/2.0/oai_dc/" xmlns:xsi="http://www.w3.org/2001/XMLSchema-instance" xsi:schemaLocation="http://www.openarchives.org/OAI/2.0/oai_dc/ http://www.openarchives.org/OAI/2.0/oai_dc.xsd">
  <dc:identifier>http://www.wikidata.org/entity/Q111159069</dc:identifier>
  <dc:identifier>doi:10.1007/S10530-016-1331-Y</dc:identifier>
  <dc:title>Exotic earthworms dispersion through protected forest areas and their potential impacts on nitrous oxide production</dc:title>
  <dc:creator>Fugère, M.</dc:creator>
  <dc:creator>Bradley, R. L.</dc:creator>
  <dc:creator>Vellend, M.</dc:creator>
  <dc:type>journal article</dc:type>
  <dc:date>2016-11-17</dc:date>
  <dc:language>en</dc:language>
  <dc:subject>invasion impact</dc:subject>
</oai_dc:dc>