<?xml version="1.0" encoding="UTF-8" standalone="yes"?>
<oai_dc:dc xmlns:dc="http://purl.org/dc/elements/1.1/" xmlns:oai_dc="http://www.openarchives.org/OAI/2.0/oai_dc/" xmlns:xsi="http://www.w3.org/2001/XMLSchema-instance" xsi:schemaLocation="http://www.openarchives.org/OAI/2.0/oai_dc/ http://www.openarchives.org/OAI/2.0/oai_dc.xsd">
  <dc:identifier>http://www.wikidata.org/entity/Q34506557</dc:identifier>
  <dc:identifier>doi:10.1371/JOURNAL.PONE.0050652</dc:identifier>
  <dc:title>Are vegetative reproduction capacities the cause of widespread invasion of Eurasian Salicaceae in Patagonian river landscapes?</dc:title>
  <dc:creator>Thomas, Lisa K</dc:creator>
  <dc:creator>Tölle, Lena</dc:creator>
  <dc:creator>Ziegenhagen, Birgit</dc:creator>
  <dc:creator>Leyer, Ilona</dc:creator>
  <dc:type>journal article</dc:type>
  <dc:date>2012-12-04</dc:date>
  <dc:language>en</dc:language>
  <dc:subject>aquatic invasion</dc:subject>
  <dc:subject>Salicaceae</dc:subject>
  <dc:description>In recent decades, invasive willows and poplars (Salicaceae) have built dense floodplain forests along most of the rivers in Patagonia, Argentina. These invasion processes may affect Salix humboldtiana as the only native floodplain tree species in this region. It is assumed, that the property to reproduce vegetatively can play an important role in the establishment of invasive species in their new range. Thus, in order to contribute to a better understanding of willow and poplar invasions in riparian systems and to assess the potential impacts on S. humboldtiana the vegetative reproduction capacities of native and invasive Salicaceae were analysed. In a greenhouse experiment, we studied cutting survival and growth performance of the three most dominant invasive Salicaceae of the Patagonian Río Negro region (two Salix hybrids and Populus spec.), as well as S. humboldtiana, taking into account three different moisture and two different soil conditions. In a subsequent experiment, the shoot and root biomass of cuttings from the former experiment were removed and the bare cuttings were replanted to test their ability to re-sprout. The two invasive willow hybrids performed much better than S. humboldtiana and Populus spec. under all treatment combinations and tended to re-sprout more successfully after repeated biomass loss. Taking into account the ecology of vegetative and generative recruits of floodplain willows, the results indicate that the more vigorous vegetative reproduction capacity can be a crucial property for the success of invasive willow hybrids in Patagonia being a potential threat for S. humboldtiana.</dc:description>
</oai_dc:dc>