<?xml version="1.0" encoding="UTF-8" standalone="yes"?>
<oai_dc:dc xmlns:dc="http://purl.org/dc/elements/1.1/" xmlns:oai_dc="http://www.openarchives.org/OAI/2.0/oai_dc/" xmlns:xsi="http://www.w3.org/2001/XMLSchema-instance" xsi:schemaLocation="http://www.openarchives.org/OAI/2.0/oai_dc/ http://www.openarchives.org/OAI/2.0/oai_dc.xsd">
  <dc:identifier>http://www.wikidata.org/entity/Q35021214</dc:identifier>
  <dc:identifier>doi:10.1007/S00442-013-2798-1</dc:identifier>
  <dc:title>Release from herbivory does not confer invasion success for Eugenia uniflora in Florida</dc:title>
  <dc:creator>Stricker, Kerry Bohl</dc:creator>
  <dc:creator>Stiling, Peter</dc:creator>
  <dc:type>journal article</dc:type>
  <dc:date>2013-10-19</dc:date>
  <dc:language>en</dc:language>
  <dc:subject>Florida</dc:subject>
  <dc:subject>herbivory</dc:subject>
  <dc:subject>invasion success</dc:subject>
  <dc:subject>Eugenia uniflora</dc:subject>
  <dc:subject>invasive species</dc:subject>
  <dc:description>One of the most commonly cited hypotheses explaining invasion success is the enemy release hypothesis (ERH), which maintains that populations are regulated by coevolved natural enemies where they are native but are relieved of this pressure in the new range. However, the role of resident enemies in plant invasion remains unresolved. We conducted a field experiment to test predictions of the ERH empirically using a system of native, introduced invasive, and introduced non-invasive Eugenia congeners in south Florida. Such experiments are rarely undertaken but are particularly informative in tests of the ERH, as they simultaneously identify factors allowing invasive species to replace natives and traits determining why most introduced species are unsuccessful invaders. We excluded insect herbivores from seedlings of Eugenia congeners where the native and invasive Eugenia co-occur, and compared how herbivore exclusion affected foliar damage, growth, and survival. We found no evidence to support the ERH in this system, instead finding that the invasive E. uniflora sustained significantly more damage than the native and introduced species. Interestingly, E. uniflora performed better than, or as well as, its congeners in terms of growth and survival, in spite of higher damage incidence. Further, although herbivore exclusion positively influenced Eugenia seedling survival, there were few differences among species and no patterns in regard to invasion status or origin. We conclude that the ability of E. uniflora to outperform its native and introduced non-invasive congeners, and not release from insect herbivores, contributes to its success as an invader in Florida.</dc:description>
</oai_dc:dc>